customerID,gender,SeniorCitizen,Partner,Dependents,tenure,PhoneService,MultipleLines,OnlineSecurity,OnlineBackup,DeviceProtection,TechSupport,StreamingTV,StreamingMovies,PaperlessBilling,MonthlyCharges,TotalCharges,Churn,AvgMonthlySpend,Contract_One year,Contract_Two year,InternetService_Fiber optic,InternetService_No,PaymentMethod_Credit card (automatic),PaymentMethod_Electronic check,PaymentMethod_Mailed check,TenureGroup_13-24 months,TenureGroup_25-36 months,TenureGroup_37-48 months,TenureGroup_49-60 months,TenureGroup_61-72 months
7590-VHVEG,1,0,1,0,1,0,No phone service,No,Yes,No,No,No,No,1,29.85,29.85,0,29.85,0,0,0,0,0,1,0,0,0,0,0,0
5575-GNVDE,0,0,0,0,34,1,No,Yes,No,Yes,No,No,No,0,56.95,1889.5,0,55.5735294117647,1,0,0,0,0,0,1,0,1,0,0,0
3668-QPYBK,0,0,0,0,2,1,No,Yes,Yes,No,No,No,No,1,53.85,108.15,1,54.075,0,0,0,0,0,0,1,0,0,0,0,0
7795-CFOCW,0,0,0,0,45,0,No phone service,Yes,No,Yes,Yes,No,No,0,42.3,1840.75,0,40.90555555555556,1,0,0,0,0,0,0,0,0,1,0,0
9237-HQITU,1,0,0,0,2,1,No,No,No,No,No,No,No,1,70.7,151.65,1,75.825,0,0,1,0,0,1,0,0,0,0,0,0
9305-CDSKC,1,0,0,0,8,1,Yes,No,No,Yes,No,Yes,Yes,1,99.65,820.5,1,102.5625,0,0,1,0,0,1,0,0,0,0,0,0
1452-KIOVK,0,0,0,1,22,1,Yes,No,Yes,No,No,Yes,No,1,89.1,1949.4,0,88.60909090909091,0,0,1,0,1,0,0,1,0,0,0,0
6713-OKOMC,1,0,0,0,10,0,No phone service,Yes,No,No,No,No,No,0,29.75,301.9,0,30.189999999999998,0,0,0,0,0,0,1,0,0,0,0,0
7892-POOKP,1,0,1,0,28,1,Yes,No,No,Yes,Yes,Yes,Yes,1,104.8,3046.05,1,108.78750000000001,0,0,1,0,0,1,0,0,1,0,0,0
6388-TABGU,0,0,0,1,62,1,No,Yes,Yes,No,No,No,No,0,56.15,3487.95,0,56.25725806451613,1,0,0,0,0,0,0,0,0,0,0,1
9763-GRSKD,0,0,1,1,13,1,No,Yes,No,No,No,No,No,1,49.95,587.45,0,45.18846153846154,0,0,0,0,0,0,1,1,0,0,0,0
7469-LKBCI,0,0,0,0,16,1,No,No internet service,No internet service,No internet service,No internet service,No internet service,No internet service,0,18.95,326.8,0,20.425,0,1,0,1,1,0,0,1,0,0,0,0
8091-TTVAX,0,0,1,0,58,1,Yes,No,No,Yes,No,Yes,Yes,0,100.35,5681.1,0,97.95,1,0,1,0,1,0,0,0,0,0,1,0
0280-XJGEX,0,0,0,0,49,1,Yes,No,Yes,Yes,No,Yes,Yes,1,103.7,5036.3,1,102.78163265306122,0,0,1,0,0,0,0,0,0,0,1,0
5129-JLPIS,0,0,0,0,25,1,No,Yes,No,Yes,Yes,Yes,Yes,1,105.5,2686.05,0,107.44200000000001,0,0,1,0,0,1,0,0,1,0,0,0
3655-SNQYZ,1,0,1,1,69,1,Yes,Yes,Yes,Yes,Yes,Yes,Yes,0,113.25,7895.15,0,114.42246376811593,0,1,1,0,1,0,0,0,0,0,0,1
8191-XWSZG,1,0,0,0,52,1,No,No internet service,No internet service,No internet service,No internet service,No internet service,No internet service,0,20.65,1022.95,0,19.672115384615385,1,0,0,1,0,0,1,0,0,0,1,0
9959-WOFKT,0,0,0,1,71,1,Yes,Yes,No,Yes,No,Yes,Yes,0,106.7,7382.25,0,103.97535211267606,0,1,1,0,0,0,0,0,0,0,0,1
4190-MFLUW,1,0,1,1,10,1,No,No,No,Yes,Yes,No,No,0,55.2,528.35,1,52.835,0,0,0,0,1,0,0,0,0,0,0,0
4183-MYFRB,1,0,0,0,21,1,No,No,Yes,Yes,No,No,Yes,1,90.05,1862.9,0,88.70952380952382,0,0,1,0,0,1,0,1,0,0,0,0
8779-QRDMV,0,1,0,0,1,0,No phone service,No,No,Yes,No,No,Yes,1,39.65,39.65,1,39.65,0,0,0,0,0,1,0,0,0,0,0,0
1680-VDCWW,0,0,1,0,12,1,No,No internet service,No internet service,No internet service,No internet service,No internet service,No internet service,0,19.8,202.25,0,16.854166666666668,1,0,0,1,0,0,0,0,0,0,0,0
1066-JKSGK,0,0,0,0,1,1,No,No internet service,No internet service,No internet service,No internet service,No internet service,No internet service,0,20.15,20.15,1,20.15,0,0,0,1,0,0,1,0,0,0,0,0
3638-WEABW,1,0,1,0,58,1,Yes,No,Yes,No,Yes,No,No,1,59.9,3505.1,0,60.432758620689654,0,1,0,0,1,0,0,0,0,0,1,0
6322-HRPFA,0,0,1,1,49,1,No,Yes,Yes,No,Yes,No,No,0,59.6,2970.3,0,60.61836734693878,0,0,0,0,1,0,0,0,0,0,1,0
6865-JZNKO,1,0,0,0,30,1,No,Yes,Yes,No,No,No,No,1,55.3,1530.6,0,51.019999999999996,0,0,0,0,0,0,0,0,1,0,0,0
6467-CHFZW,0,0,1,1,47,1,Yes,No,Yes,No,No,Yes,Yes,1,99.35,4749.15,1,101.04574468085106,0,0,1,0,0,1,0,0,0,1,0,0
8665-UTDHZ,0,0,1,1,1,0,No phone service,No,Yes,No,No,No,No,0,30.2,30.2,1,30.2,0,0,0,0,0,1,0,0,0,0,0,0
5248-YGIJN,0,0,1,0,72,1,Yes,Yes,Yes,Yes,Yes,Yes,Yes,1,90.25,6369.45,0,88.46458333333334,0,1,0,0,1,0,0,0,0,0,0,1
8773-HHUOZ,1,0,0,1,17,1,No,No,No,No,No,Yes,Yes,1,64.7,1093.1,1,64.3,0,0,0,0,0,0,1,1,0,0,0,0
3841-NFECX,1,1,1,0,71,1,Yes,Yes,Yes,Yes,Yes,No,No,1,96.35,6766.95,0,95.30915492957746,0,1,1,0,1,0,0,0,0,0,0,1
4929-XIHVW,0,1,1,0,2,1,No,No,No,Yes,No,Yes,Yes,1,95.5,181.65,0,90.825,0,0,1,0,1,0,0,0,0,0,0,0
6827-IEAUQ,1,0,1,1,27,1,No,Yes,Yes,Yes,Yes,No,No,0,66.15,1874.45,0,69.42407407407407,1,0,0,0,0,0,1,0,1,0,0,0
7310-EGVHZ,0,0,0,0,1,1,No,No internet service,No internet service,No internet service,No internet service,No internet service,No internet service,0,20.2,20.2,0,20.2,0,0,0,1,0,0,0,0,0,0,0,0
3413-BMNZE,0,1,0,0,1,1,No,No,No,No,No,No,No,0,45.25,45.25,0,45.25,0,0,0,0,0,0,0,0,0,0,0,0
6234-RAAPL,1,0,1,1,72,1,Yes,Yes,Yes,No,Yes,Yes,No,0,99.9,7251.7,0,100.71805555555555,0,1,1,0,0,0,0,0,0,0,0,1
6047-YHPVI,0,0,0,0,5,1,No,No,No,No,No,No,No,1,69.7,316.9,1,63.379999999999995,0,0,1,0,0,1,0,0,0,0,0,0
6572-ADKRS,1,0,0,0,46,1,No,No,No,Yes,No,No,No,1,74.8,3548.3,0,77.13695652173914,0,0,1,0,1,0,0,0,0,1,0,0
5380-WJKOV,0,0,0,0,34,1,Yes,No,Yes,Yes,No,Yes,Yes,1,106.35,3549.25,1,104.38970588235294,0,0,1,0,0,1,0,0,1,0,0,0
8168-UQWWF,1,0,0,0,11,1,Yes,No,No,Yes,No,Yes,Yes,1,97.85,1105.4,1,100.4909090909091,0,0,1,0,0,0,0,0,0,0,0,0
8865-TNMNX,0,0,1,1,10,1,No,No,Yes,No,No,No,No,0,49.55,475.7,0,47.57,1,0,0,0,0,0,1,0,0,0,0,0
9489-DEDVP,1,0,1,1,70,1,Yes,Yes,Yes,No,No,Yes,No,1,69.2,4872.35,0,69.605,0,1,0,0,1,0,0,0,0,0,0,1
9867-JCZSP,1,0,1,1,17,1,No,No internet service,No internet service,No internet service,No internet service,No internet service,No internet service,0,20.75,418.25,0,24.602941176470587,1,0,0,1,0,0,1,1,0,0,0,0
4671-VJLCL,1,0,0,0,63,1,Yes,Yes,Yes,Yes,Yes,Yes,No,1,79.85,4861.45,0,77.16587301587302,0,1,0,0,1,0,0,0,0,0,0,1
4080-IIARD,1,0,1,0,13,1,Yes,Yes,Yes,No,Yes,Yes,No,1,76.2,981.45,0,75.49615384615385,0,0,0,0,0,1,0,1,0,0,0,0
3714-NTNFO,1,0,0,0,49,1,Yes,No,No,No,No,No,Yes,1,84.5,3906.7,0,79.72857142857143,0,0,1,0,0,1,0,0,0,0,1,0
5948-UJZLF,0,0,0,0,2,1,No,No,Yes,No,No,No,No,0,49.25,97.0,0,48.5,0,0,0,0,0,0,1,0,0,0,0,0
7760-OYPDY,1,0,0,0,2,1,No,No,No,No,No,Yes,No,1,80.65,144.15,1,72.075,0,0,1,0,0,1,0,0,0,0,0,0
7639-LIAYI,0,0,0,0,52,1,Yes,Yes,No,No,Yes,Yes,Yes,1,79.75,4217.8,0,81.11153846153846,0,1,0,0,1,0,0,0,0,0,1,0
2954-PIBKO,1,0,1,1,69,1,Yes,Yes,No,Yes,Yes,No,No,1,64.15,4254.1,0,61.6536231884058,0,1,0,0,1,0,0,0,0,0,0,1
8012-SOUDQ,1,1,0,0,43,1,Yes,No,Yes,No,No,Yes,No,1,90.25,3838.75,0,89.27325581395348,0,0,1,0,0,1,0,0,0,1,0,0
9420-LOJKX,1,0,0,0,15,1,No,Yes,Yes,No,No,Yes,Yes,1,99.1,1426.4,1,95.09333333333333,0,0,1,0,1,0,0,1,0,0,0,0
6575-SUVOI,1,1,1,0,25,1,Yes,Yes,No,No,Yes,Yes,No,1,69.5,1752.65,0,70.10600000000001,0,0,0,0,1,0,0,0,1,0,0,0
7495-OOKFY,1,1,1,0,8,1,Yes,No,Yes,No,No,No,No,1,80.65,633.3,1,79.1625,0,0,1,0,1,0,0,0,0,0,0,0
4667-QONEA,1,1,1,1,60,1,No,Yes,Yes,Yes,Yes,No,Yes,1,74.85,4456.35,0,74.27250000000001,1,0,0,0,1,0,0,0,0,0,1,0
1658-BYGOY,0,1,0,0,18,1,Yes,No,No,No,No,Yes,Yes,1,95.45,1752.55,1,97.36388888888888,0,0,1,0,0,1,0,1,0,0,0,0
8769-KKTPH,1,0,1,1,63,1,Yes,Yes,No,No,No,Yes,Yes,1,99.65,6311.2,0,100.17777777777778,1,0,1,0,1,0,0,0,0,0,0,1
5067-XJQFU,0,1,1,1,66,1,Yes,No,Yes,Yes,Yes,Yes,Yes,1,108.45,7076.35,0,107.21742424242424,1,0,1,0,0,1,0,0,0,0,0,1
3957-SQXML,1,0,1,1,34,1,Yes,No internet service,No internet service,No internet service,No internet service,No internet service,No internet service,0,24.95,894.3,0,26.302941176470586,0,1,0,1,1,0,0,0,1,0,0,0
5954-BDFSG,1,0,0,0,72,1,Yes,No,No,Yes,Yes,Yes,Yes,1,107.5,7853.7,0,109.07916666666667,0,1,1,0,1,0,0,0,0,0,0,1
0434-CSFON,1,0,1,0,47,1,Yes,No,No,Yes,No,Yes,Yes,1,100.5,4707.1,0,100.15106382978725,0,0,1,0,0,1,0,0,0,1,0,0
1215-FIGMP,0,0,0,0,60,1,Yes,No,Yes,No,No,Yes,No,1,89.9,5450.7,0,90.845,0,0,1,0,0,0,0,0,0,0,1,0
0526-SXDJP,0,0,1,0,72,0,No phone service,Yes,Yes,Yes,No,No,No,0,42.1,2962.0,0,41.138888888888886,0,1,0,0,0,0,0,0,0,0,0,1
0557-ASKVU,1,0,1,1,18,1,No,No,No,Yes,Yes,No,No,1,54.4,957.1,0,53.172222222222224,1,0,0,0,1,0,0,1,0,0,0,0
5698-BQJOH,1,0,0,0,9,1,Yes,No,No,No,No,Yes,Yes,0,94.4,857.25,1,95.25,0,0,1,0,0,1,0,0,0,0,0,0
5122-CYFXA,1,0,0,0,3,1,No,No,Yes,No,Yes,Yes,Yes,1,75.3,244.1,0,81.36666666666666,0,0,0,0,0,1,0,0,0,0,0,0
8627-ZYGSZ,0,0,1,0,47,1,Yes,No,Yes,No,No,No,No,1,78.9,3650.35,0,77.66702127659575,1,0,1,0,0,1,0,0,0,1,0,0
3410-YOQBQ,1,0,0,0,31,1,No,No,Yes,Yes,Yes,Yes,Yes,0,79.2,2497.2,0,80.55483870967741,0,1,0,0,0,0,1,0,1,0,0,0
3170-NMYVV,1,0,1,1,50,1,No,No internet service,No internet service,No internet service,No internet service,No internet service,No internet service,0,20.15,930.9,0,18.618,0,1,0,1,0,0,0,0,0,0,1,0
7410-OIEDU,0,0,0,0,10,1,No,Yes,No,Yes,No,No,No,1,79.85,887.35,0,88.735,0,0,1,0,0,0,1,0,0,0,0,0
2273-QCKXA,0,0,0,0,1,1,No,No,No,No,Yes,No,No,0,49.05,49.05,0,49.05,0,0,0,0,0,0,1,0,0,0,0,0
0731-EBJQB,1,0,1,1,52,1,No,No internet service,No internet service,No internet service,No internet service,No internet service,No internet service,1,20.4,1090.65,0,20.974038461538463,1,0,0,1,0,1,0,0,0,0,1,0
1891-QRQSA,0,1,1,1,64,1,Yes,Yes,No,Yes,Yes,Yes,Yes,1,111.6,7099.0,0,110.921875,0,1,1,0,0,0,0,0,0,0,0,1
8028-PNXHQ,0,0,1,1,62,1,Yes,No internet service,No internet service,No internet service,No internet service,No internet service,No internet service,1,24.25,1424.6,0,22.97741935483871,0,1,0,1,0,0,0,0,0,0,0,1
5630-AHZIL,1,0,0,1,3,1,No,Yes,No,No,Yes,No,Yes,1,64.5,177.4,0,59.13333333333333,0,0,0,0,0,0,0,0,0,0,0,0
2673-CXQEU,1,1,0,0,56,1,Yes,Yes,Yes,Yes,No,Yes,Yes,0,110.5,6139.5,0,109.63392857142857,1,0,1,0,0,1,0,0,0,0,1,0
6416-JNVRK,1,0,0,0,46,1,No,No,No,No,No,No,Yes,0,55.65,2688.85,0,58.45326086956521,1,0,0,0,1,0,0,0,0,1,0,0
5590-ZSKRV,1,0,1,1,8,1,No,Yes,Yes,No,No,No,No,0,54.65,482.25,0,60.28125,0,0,0,0,0,0,1,0,0,0,0,0
0191-ZHSKZ,0,1,0,0,30,1,No,Yes,Yes,No,No,Yes,Yes,1,74.75,2111.3,0,70.37666666666668,0,0,0,0,0,1,0,0,1,0,0,0
3887-PBQAO,1,0,1,1,45,1,Yes,No internet service,No internet service,No internet service,No internet service,No internet service,No internet service,1,25.9,1216.6,0,27.035555555555554,1,0,0,1,1,0,0,0,0,1,0,0
5919-TMRGD,1,0,0,1,1,1,No,No,No,No,No,Yes,No,1,79.35,79.35,1,79.35,0,0,1,0,0,1,0,0,0,0,0,0
8108-UXRQN,1,0,1,1,11,0,No phone service,Yes,No,No,No,Yes,Yes,0,50.55,565.35,0,51.39545454545455,0,0,0,0,0,1,0,0,0,0,0,0
9191-MYQKX,1,0,1,0,7,1,No,No,No,Yes,No,No,No,1,75.15,496.9,1,70.98571428571428,0,0,1,0,0,0,0,0,0,0,0,0
9919-YLNNG,1,0,0,0,42,1,No,No,Yes,Yes,Yes,Yes,Yes,1,103.8,4327.5,0,103.03571428571429,0,0,1,0,0,0,0,0,0,1,0,0
0318-ZOPWS,1,0,1,0,49,1,No,No internet service,No internet service,No internet service,No internet service,No internet service,No internet service,1,20.15,973.35,0,19.864285714285714,0,1,0,1,0,0,0,0,0,0,1,0
4445-ZJNMU,0,0,0,0,9,1,Yes,No,Yes,No,No,Yes,Yes,1,99.3,918.75,0,102.08333333333333,0,0,1,0,1,0,0,0,0,0,0,0
4808-YNLEU,1,0,1,0,35,1,No,Yes,No,No,No,Yes,No,1,62.15,2215.45,0,63.29857142857142,1,0,0,0,0,0,0,0,1,0,0,0
1862-QRWPE,1,0,1,1,48,1,No,No internet service,No internet service,No internet service,No internet service,No internet service,No internet service,0,20.65,1057.0,0,22.020833333333332,0,1,0,1,0,0,0,0,0,1,0,0
2796-NNUFI,1,0,1,1,46,1,No,No internet service,No internet service,No internet service,No internet service,No internet service,No internet service,1,19.95,927.1,0,20.15434782608696,0,1,0,1,0,0,1,0,0,1,0,0
3016-KSVCP,0,0,1,0,29,0,No phone service,No,No,No,No,Yes,No,0,33.75,1009.25,0,34.80172413793103,0,0,0,0,0,0,1,0,1,0,0,0
4767-HZZHQ,0,0,1,1,30,1,No,No,Yes,Yes,No,No,No,0,82.05,2570.2,0,85.67333333333333,0,0,1,0,0,0,0,0,1,0,0,0
2424-WVHPL,0,1,0,0,1,1,No,No,No,No,Yes,No,No,0,74.7,74.7,0,74.7,0,0,1,0,0,1,0,0,0,0,0,0
7233-PAHHL,0,0,1,1,66,1,Yes,Yes,No,Yes,Yes,Yes,Yes,1,84.0,5714.25,0,86.57954545454545,0,1,0,0,0,0,1,0,0,0,0,1
6067-NGCEU,1,0,0,0,65,1,Yes,Yes,Yes,Yes,No,Yes,Yes,1,111.05,7107.0,0,109.33846153846154,0,0,1,0,1,0,0,0,0,0,0,1
9848-JQJTX,0,0,0,0,72,1,Yes,No,Yes,Yes,No,Yes,Yes,1,100.9,7459.05,0,103.59791666666666,0,1,1,0,0,0,0,0,0,0,0,1
8637-XJIVR,1,0,0,0,12,1,Yes,Yes,No,No,No,No,No,1,78.95,927.35,1,77.27916666666667,0,0,1,0,0,1,0,0,0,0,0,0
9803-FTJCG,0,0,1,1,71,1,Yes,Yes,Yes,No,Yes,No,No,1,66.85,4748.7,0,66.8830985915493,1,0,0,0,1,0,0,0,0,0,0,1
0278-YXOOG,0,0,0,0,5,1,No,No internet service,No internet service,No internet service,No internet service,No internet service,No internet service,0,21.05,113.85,1,22.77,0,0,0,1,0,0,1,0,0,0,0,0
3212-KXOCR,0,0,0,0,52,1,No,No internet service,No internet service,No internet service,No internet service,No internet service,No internet service,0,21.0,1107.2,0,21.292307692307695,0,1,0,1,0,0,0,0,0,0,1,0
4598-XLKNJ,1,1,1,0,25,1,No,No,Yes,Yes,No,Yes,Yes,1,98.5,2514.5,1,100.58,0,0,1,0,0,1,0,0,1,0,0,0
6380-ARCEH,0,0,0,0,1,1,No,No internet service,No internet service,No internet service,No internet service,No internet service,No internet service,0,20.2,20.2,0,20.2,0,0,0,1,0,0,1,0,0,0,0,0
3679-XASPY,1,0,1,1,1,1,No,No internet service,No internet service,No internet service,No internet service,No internet service,No internet service,0,19.45,19.45,0,19.45,0,0,0,1,0,1,0,0,0,0,0,0
7123-WQUHX,0,0,0,0,38,1,Yes,No,No,Yes,Yes,Yes,No,0,95.0,3605.6,0,94.88421052631578,1,0,1,0,0,0,0,0,0,1,0,0
5386-THSLQ,1,1,1,0,66,0,No phone service,No,Yes,Yes,No,Yes,No,0,45.55,3027.25,0,45.86742424242424,1,0,0,0,0,0,0,0,0,0,0,1
3192-NQECA,0,0,1,0,68,1,Yes,No,Yes,Yes,Yes,Yes,Yes,1,110.0,7611.85,1,111.93897058823529,0,1,1,0,0,0,0,0,0,0,0,1
6180-YBIQI,0,0,0,0,5,0,No phone service,No,No,No,No,No,No,0,24.3,100.2,0,20.04,0,0,0,0,0,0,1,0,0,0,0,0
6728-DKUCO,1,0,1,1,72,1,Yes,Yes,Yes,No,No,Yes,Yes,1,104.15,7303.05,0,101.43125,1,0,1,0,0,1,0,0,0,0,0,1
9750-BOOHV,1,0,0,0,32,0,No phone service,Yes,No,No,No,No,No,0,30.15,927.65,0,28.9890625,1,0,0,0,0,0,1,0,1,0,0,0
8597-CWYHH,0,0,0,0,43,1,Yes,No,No,No,No,Yes,Yes,0,94.35,3921.3,0,91.19302325581396,1,0,1,0,0,0,1,0,0,1,0,0
2848-YXSMW,0,0,1,1,72,1,No,No internet service,No internet service,No internet service,No internet service,No internet service,No internet service,0,19.4,1363.25,0,18.93402777777778,0,1,0,1,1,0,0,0,0,0,0,1
0486-HECZI,0,0,1,0,55,1,Yes,Yes,Yes,No,No,Yes,No,1,96.75,5238.9,1,95.25272727272727,0,0,1,0,0,1,0,0,0,0,1,0
4549-ZDQYY,1,0,0,0,52,1,No,Yes,No,Yes,Yes,No,No,0,57.95,3042.25,0,58.50480769230769,1,0,0,0,1,0,0,0,0,0,1,0
5712-AHQNN,1,0,0,0,43,1,No,No,Yes,Yes,No,Yes,No,1,91.65,3954.1,0,91.95581395348837,0,0,1,0,0,1,0,0,0,1,0,0
4846-WHAFZ,1,1,1,0,37,1,Yes,No,No,No,No,No,No,1,76.5,2868.15,1,77.51756756756757,0,0,1,0,0,1,0,0,0,1,0,0
5256-SKJGO,1,0,1,1,64,0,No phone service,No,Yes,No,Yes,Yes,Yes,1,54.6,3423.5,0,53.4921875,0,1,0,0,0,1,0,0,0,0,0,1
3071-VBYPO,0,0,1,1,3,1,No,Yes,Yes,No,No,Yes,No,0,89.85,248.4,0,82.8,0,0,1,0,0,1,0,0,0,0,0,0
9560-BBZXK,1,0,0,0,36,0,No phone service,Yes,No,No,No,No,No,0,31.05,1126.35,0,31.287499999999998,0,1,0,0,0,0,0,0,1,0,0,0
5299-RULOA,1,0,1,1,10,1,Yes,Yes,No,No,No,Yes,Yes,1,100.25,1064.65,1,106.465,0,0,1,0,0,1,0,0,0,0,0,0
8402-OOOHJ,1,0,0,0,41,1,No,No internet service,No internet service,No internet service,No internet service,No internet service,No internet service,0,20.65,835.15,0,20.36951219512195,0,1,0,1,0,0,1,0,0,1,0,0
9445-ZUEQE,0,0,1,1,27,1,Yes,No,Yes,No,Yes,No,No,1,85.2,2151.6,0,79.68888888888888,0,0,1,0,1,0,0,0,1,0,0,0
1091-SOZGA,1,0,1,1,56,1,Yes,No,No,Yes,No,Yes,Yes,1,99.8,5515.45,0,98.49017857142857,1,0,1,0,1,0,0,0,0,0,1,0
2928-HLDBA,1,0,0,0,6,1,No,No internet service,No internet service,No internet service,No internet service,No internet service,No internet service,0,20.7,112.75,0,18.791666666666668,0,0,0,1,0,0,1,0,0,0,0,0
0404-SWRVG,0,0,0,0,3,1,Yes,No,No,No,No,No,No,1,74.4,229.55,1,76.51666666666667,0,0,1,0,0,1,0,0,0,0,0,0
6497-TILVL,1,0,1,1,7,1,No,Yes,No,No,No,No,No,0,50.7,350.35,0,50.050000000000004,0,0,0,0,0,0,1,0,0,0,0,0
7219-TLZHO,1,0,1,1,4,1,No,No internet service,No internet service,No internet service,No internet service,No internet service,No internet service,0,20.85,62.9,0,15.725,0,0,0,1,0,0,1,0,0,0,0,0
4622-YNKIJ,0,0,0,0,33,1,No,Yes,No,No,Yes,Yes,No,1,88.95,3027.65,0,91.7469696969697,0,1,1,0,0,1,0,0,1,0,0,0
4412-YLTKF,1,1,0,0,27,1,Yes,No,No,Yes,No,No,No,1,78.05,2135.5,1,79.0925925925926,0,0,1,0,0,1,0,0,1,0,0,0
6734-PSBAW,0,0,1,0,72,1,Yes,No internet service,No internet service,No internet service,No internet service,No internet service,No internet service,1,23.55,1723.95,0,23.94375,0,1,0,1,0,0,0,0,0,0,0,1
3930-ZGWVE,0,0,0,0,1,1,No,No internet service,No internet service,No internet service,No internet service,No internet service,No internet service,0,19.75,19.75,0,19.75,0,0,0,1,0,0,1,0,0,0,0,0
2639-UGMAZ,0,1,0,0,71,0,No phone service,Yes,Yes,No,No,Yes,Yes,1,56.45,3985.35,0,56.131690140845066,1,0,0,0,0,1,0,0,0,0,0,1
2876-GZYZC,1,0,0,0,13,1,Yes,No,No,No,No,No,Yes,1,85.95,1215.65,0,93.51153846153846,0,0,1,0,0,1,0,1,0,0,0,0
6207-WIOLX,1,0,1,1,25,0,No phone service,Yes,Yes,Yes,No,Yes,Yes,1,58.6,1502.65,1,60.106,0,0,0,0,1,0,0,0,1,0,0,0
8587-XYZSF,0,0,0,0,67,1,No,No,No,No,Yes,No,No,0,50.55,3260.1,0,48.65820895522388,0,1,0,0,0,0,0,0,0,0,0,1
3091-FYHKI,0,0,0,0,1,0,No phone service,No,No,No,No,No,Yes,1,35.45,35.45,1,35.45,0,0,0,0,0,1,0,0,0,0,0,0
2372-HWUHI,0,0,0,0,2,1,No,No,No,No,No,No,No,0,44.35,81.25,1,40.625,0,0,0,0,0,1,0,0,0,0,0,0
7799-LGRDP,1,0,0,0,43,1,Yes,No internet service,No internet service,No internet service,No internet service,No internet service,No internet service,1,25.7,1188.2,0,27.632558139534886,0,1,0,1,1,0,0,0,0,1,0,0
7850-VWJUU,1,0,0,0,23,1,No,Yes,No,No,No,No,No,1,75.0,1778.5,0,77.32608695652173,0,0,1,0,0,0,0,1,0,0,0,0
3774-VBNXY,1,0,1,1,64,1,No,No internet service,No internet service,No internet service,No internet service,No internet service,No internet service,0,20.2,1277.75,0,19.96484375,0,1,0,1,0,0,1,0,0,0,0,1
6217-KDYWC,0,0,0,1,57,1,No,No internet service,No internet service,No internet service,No internet service,No internet service,No internet service,1,19.6,1170.55,0,20.5359649122807,0,1,0,1,0,0,1,0,0,0,1,0
0390-DCFDQ,1,1,1,0,1,1,No,No,No,No,No,No,No,1,70.45,70.45,1,70.45,0,0,1,0,0,0,1,0,0,0,0,0
3146-MSEGF,1,1,1,1,72,1,Yes,Yes,Yes,Yes,Yes,Yes,Yes,1,88.05,6425.65,0,89.24513888888889,0,1,0,0,1,0,0,0,0,0,0,1
4080-OGPJL,1,0,0,0,8,1,Yes,Yes,No,No,Yes,No,Yes,0,71.15,563.65,1,70.45625,0,0,0,0,0,1,0,0,0,0,0,0
1095-WGNGG,1,0,1,0,61,1,Yes,No,Yes,No,No,Yes,Yes,1,101.05,5971.25,0,97.88934426229508,0,1,1,0,0,0,0,0,0,0,0,1
2636-SJDOU,0,0,0,0,64,1,Yes,Yes,Yes,No,No,No,No,1,84.3,5289.05,0,82.64140625,1,0,1,0,1,0,0,0,0,0,0,1
1131-QQZEB,0,1,1,0,71,1,Yes,No internet service,No internet service,No internet service,No internet service,No internet service,No internet service,0,23.95,1756.2,0,24.735211267605635,0,1,0,1,0,0,0,0,0,0,0,1
5716-EZXZN,1,0,1,1,65,1,Yes,Yes,Yes,No,Yes,Yes,No,1,99.05,6416.7,0,98.71846153846154,0,1,1,0,1,0,0,0,0,0,0,1
6837-BJYDQ,0,0,0,0,3,1,No,No internet service,No internet service,No internet service,No internet service,No internet service,No internet service,0,19.6,61.35,0,20.45,1,0,0,1,0,0,1,0,0,0,0,0
2135-RXIHG,0,0,0,0,1,1,No,No,No,No,No,No,No,1,45.65,45.65,1,45.65,0,0,0,0,0,1,0,0,0,0,0,0
6440-DKQGE,0,0,0,1,30,1,No,No,Yes,Yes,No,Yes,No,0,64.5,1929.95,0,64.33166666666666,1,0,0,0,1,0,0,0,1,0,0,0
3466-BYAVD,0,0,1,1,15,1,No,No,Yes,Yes,Yes,No,Yes,1,69.5,1071.4,0,71.42666666666668,0,0,0,0,0,0,1,1,0,0,0,0
3780-YVMFA,1,0,1,1,8,1,No,No,No,No,Yes,Yes,Yes,1,68.55,564.35,0,70.54375,0,0,0,0,0,1,0,0,0,0,0,0
3874-EQOEP,0,0,0,0,7,1,Yes,No,No,No,No,Yes,Yes,0,95.0,655.5,1,93.64285714285714,0,0,1,0,0,0,1,0,0,0,0,0
1679-JRFBR,1,0,1,1,70,1,Yes,Yes,Yes,Yes,No,Yes,Yes,1,108.15,7930.55,0,113.29357142857143,1,0,1,0,1,0,0,0,0,0,0,1
9073-ZZIAY,0,0,1,1,62,1,No,Yes,Yes,Yes,Yes,Yes,Yes,0,86.1,5215.25,0,84.11693548387096,0,1,0,0,0,1,0,0,0,0,0,1
3077-RSNTJ,1,0,1,1,6,1,No,No internet service,No internet service,No internet service,No internet service,No internet service,No internet service,0,19.7,113.5,0,18.916666666666668,0,0,0,1,0,0,1,0,0,0,0,0
6551-GNYDG,1,0,1,1,14,1,No,No,No,No,No,No,Yes,1,80.9,1152.8,0,82.34285714285714,0,0,1,0,0,0,0,1,0,0,0,0
9167-APMXZ,1,0,0,0,22,1,Yes,No,No,No,No,Yes,No,1,84.15,1821.95,0,82.81590909090909,0,0,1,0,0,0,0,1,0,0,0,0
2749-CTKAJ,0,0,1,1,22,1,No,No internet service,No internet service,No internet service,No internet service,No internet service,No internet service,0,20.15,419.9,0,19.086363636363636,1,0,0,1,0,0,1,1,0,0,0,0
6371-NZYEG,0,0,1,1,16,1,No,Yes,No,Yes,No,Yes,No,0,64.25,1024.0,0,64.0,0,1,0,0,0,0,1,1,0,0,0,0
7554-NEWDD,0,0,0,0,10,1,Yes,No internet service,No internet service,No internet service,No internet service,No internet service,No internet service,0,25.7,251.6,0,25.16,0,1,0,1,0,0,0,0,0,0,0,0
8992-VONJD,1,0,0,1,13,1,No,Yes,Yes,No,No,No,No,1,56.0,764.55,0,58.81153846153846,0,0,0,0,0,1,0,1,0,0,0,0
0867-MKZVY,1,0,1,0,20,1,Yes,Yes,No,No,No,No,No,0,82.4,1592.35,1,79.61749999999999,0,0,1,0,0,1,0,1,0,0,0,0
4482-EWFMI,1,0,0,0,2,1,No,No,No,No,No,No,No,1,69.7,135.2,0,67.6,0,0,1,0,0,1,0,0,0,0,0,0
4648-YPBTM,0,0,0,0,53,1,Yes,No,Yes,Yes,Yes,No,Yes,1,73.9,3958.25,0,74.68396226415095,0,1,0,0,0,0,0,0,0,0,1,0
2907-ILJBN,1,0,1,1,11,1,No,No internet service,No internet service,No internet service,No internet service,No internet service,No internet service,0,20.6,233.9,0,21.263636363636365,1,0,0,1,0,0,1,0,0,0,0,0
6345-FZOQH,0,0,1,0,69,1,No,No internet service,No internet service,No internet service,No internet service,No internet service,No internet service,0,19.9,1363.45,0,19.76014492753623,0,1,0,1,0,0,1,0,0,0,0,1
3376-BMGFE,1,0,0,0,4,1,No,No,No,No,No,No,No,1,70.9,273.0,1,68.25,0,0,1,0,0,0,0,0,0,0,0,0
5997-OPVFA,0,0,1,0,72,1,Yes,Yes,Yes,Yes,Yes,Yes,Yes,1,89.05,6254.45,0,86.86736111111111,0,1,0,0,0,0,0,0,0,0,0,1
3445-HXXGF,0,1,1,0,58,0,No phone service,No,Yes,Yes,No,No,Yes,1,45.3,2651.2,1,45.710344827586205,0,0,0,0,0,1,0,0,0,0,1,0
1159-WFSGR,1,0,1,1,16,1,No,No internet service,No internet service,No internet service,No internet service,No internet service,No internet service,0,20.4,321.4,0,20.0875,0,0,0,1,0,1,0,1,0,0,0,0
7654-YWJUF,0,0,1,0,43,1,No,Yes,No,Yes,Yes,No,No,1,84.25,3539.25,0,82.30813953488372,1,0,1,0,0,0,0,0,0,1,0,0
1875-QIVME,1,0,1,0,2,1,Yes,No,No,Yes,Yes,Yes,Yes,1,104.4,242.8,1,121.4,0,0,1,0,0,1,0,0,0,0,0,0
6727-IOTLZ,0,0,1,0,14,1,No,No,Yes,Yes,Yes,Yes,Yes,0,81.95,1181.75,0,84.41071428571429,0,1,0,0,0,0,1,1,0,0,0,0
0691-JVSYA,1,0,1,0,53,1,No,No,No,Yes,No,Yes,Yes,1,94.85,5000.2,1,94.3433962264151,1,0,1,0,0,0,0,0,0,0,1,0
5918-VUKWP,1,0,0,0,32,1,No,No internet service,No internet service,No internet service,No internet service,No internet service,No internet service,0,20.55,654.55,0,20.4546875,1,0,0,1,0,0,0,0,1,0,0,0
1744-JHKYS,1,0,1,0,34,1,Yes,No internet service,No internet service,No internet service,No internet service,No internet service,No internet service,0,24.7,780.2,0,22.947058823529414,0,0,0,1,0,1,0,0,1,0,0,0
2656-FMOKZ,1,1,0,0,15,1,Yes,No,No,No,No,No,No,1,74.45,1145.7,1,76.38000000000001,0,0,1,0,0,0,1,1,0,0,0,0
2070-FNEXE,1,1,0,0,7,1,No,Yes,No,No,No,No,No,0,76.45,503.6,1,71.94285714285715,0,0,1,0,0,0,0,0,0,0,0,0
5947-SGKCL,1,0,1,1,15,1,Yes,No,Yes,Yes,No,Yes,Yes,1,105.35,1559.25,0,103.95,0,0,1,0,0,0,0,1,0,0,0,0
3712-PKXZA,0,0,1,0,61,1,No,No internet service,No internet service,No internet service,No internet service,No internet service,No internet service,1,20.55,1252.0,0,20.524590163934427,1,0,0,1,1,0,0,0,0,0,0,1
6317-YPKDH,1,0,0,0,1,0,No phone service,No,Yes,No,No,No,No,0,29.95,29.95,1,29.95,0,0,0,0,0,0,0,0,0,0,0,0
6582-OIVSP,1,0,0,0,1,1,No,No,No,No,No,No,No,0,45.3,45.3,0,45.3,0,0,0,0,0,0,1,0,0,0,0,0
9367-WXLCH,0,0,0,0,8,1,Yes,No,No,No,No,No,Yes,0,84.5,662.65,1,82.83125,0,0,1,0,0,0,0,0,0,0,0,0
5524-KHNJP,0,0,1,1,33,1,No,Yes,No,Yes,No,Yes,Yes,0,74.75,2453.3,0,74.34242424242424,1,0,0,0,1,0,0,0,1,0,0,0
1918-ZBFQJ,1,0,0,0,13,1,No,No,Yes,Yes,No,No,No,1,79.25,1111.65,1,85.51153846153846,0,0,1,0,0,1,0,1,0,0,0,0
1024-GUALD,1,0,1,0,1,0,No phone service,No,No,No,No,No,No,1,24.8,24.8,1,24.8,0,0,0,0,0,1,0,0,0,0,0,0
4827-USJHP,0,0,0,0,20,1,No,No,Yes,No,No,No,No,1,51.8,1023.85,0,51.1925,0,0,0,0,0,0,1,1,0,0,0,0
8167-GJLRN,0,0,0,0,3,0,No phone service,No,No,No,Yes,No,No,0,30.4,82.15,0,27.383333333333336,0,0,0,0,0,1,0,0,0,0,0,0
0956-SYCWG,1,0,0,0,13,1,No,No internet service,No internet service,No internet service,No internet service,No internet service,No internet service,0,19.65,244.8,0,18.83076923076923,1,0,0,1,0,1,0,1,0,0,0,0
8017-UVSZU,1,0,1,0,40,1,Yes,No,Yes,No,No,No,No,0,56.6,2379.1,0,59.4775,0,0,0,0,1,0,0,0,0,1,0,0
7100-FQPRV,0,0,1,1,43,1,Yes,Yes,No,No,Yes,No,Yes,1,71.9,3173.35,0,73.79883720930232,1,0,0,0,1,0,0,0,0,1,0,0
2472-OVKUP,0,0,1,0,6,1,No,No,Yes,Yes,No,No,Yes,1,91.0,531.0,1,88.5,0,0,1,0,0,1,0,0,0,0,0,0
2984-RGEYA,1,0,1,1,69,1,No,No internet service,No internet service,No internet service,No internet service,No internet service,No internet service,0,19.75,1375.4,0,19.933333333333334,0,1,0,1,0,0,0,0,0,0,0,1
9680-NIAUV,1,0,1,1,72,1,Yes,Yes,Yes,Yes,No,Yes,Yes,0,109.7,8129.3,0,112.90694444444445,0,1,1,0,1,0,0,0,0,0,0,1
2146-EGVDT,0,0,1,1,59,1,No,No internet service,No internet service,No internet service,No internet service,No internet service,No internet service,0,19.3,1192.7,0,20.215254237288136,0,1,0,1,1,0,0,0,0,0,1,0
2604-IJPDU,1,0,1,0,20,1,No,Yes,Yes,No,Yes,Yes,No,1,96.55,1901.65,0,95.08250000000001,0,0,1,0,0,1,0,1,0,0,0,0
9178-JHUVJ,0,0,1,1,24,1,Yes,No internet service,No internet service,No internet service,No internet service,No internet service,No internet service,1,24.1,587.4,0,24.474999999999998,0,1,0,1,0,0,0,1,0,0,0,0
6168-YBYNP,0,0,0,0,59,1,Yes,No,Yes,Yes,Yes,Yes,Yes,1,111.35,6519.75,0,110.5042372881356,0,0,1,0,0,1,0,0,0,0,1,0
7255-SSFBC,0,0,1,1,72,1,Yes,No,Yes,Yes,Yes,Yes,Yes,1,112.25,8041.65,0,111.68958333333333,0,1,1,0,0,0,0,0,0,0,0,1
3645-DEYGF,0,0,0,1,1,1,No,No internet service,No internet service,No internet service,No internet service,No internet service,No internet service,0,20.75,20.75,0,20.75,0,0,0,1,0,0,1,0,0,0,0,0
9323-HGFWY,1,0,1,0,27,1,No,Yes,No,No,Yes,Yes,Yes,1,101.9,2681.15,0,99.30185185185185,1,0,1,0,1,0,0,0,1,0,0,0
8544-GOQSH,1,0,0,0,14,1,No,No,Yes,No,Yes,No,No,1,80.05,1112.3,0,79.45,0,0,1,0,1,0,0,1,0,0,0,0
3363-DTIVD,0,0,1,1,71,1,Yes,Yes,No,Yes,No,Yes,Yes,0,105.55,7405.5,0,104.30281690140845,0,1,1,0,0,1,0,0,0,0,0,1
7018-WBJNK,0,0,0,1,13,1,No,No,No,No,No,Yes,No,1,78.3,1033.95,0,79.53461538461539,0,0,1,0,1,0,0,1,0,0,0,0
9142-KZXOP,0,0,0,0,44,1,No,No,No,No,No,No,No,0,68.85,2958.95,0,67.24886363636364,0,0,1,0,1,0,0,0,0,1,0,0
7674-YTAFD,1,0,0,0,33,1,No,No,Yes,No,Yes,No,No,1,79.95,2684.85,0,81.35909090909091,1,0,1,0,0,0,0,0,1,0,0,0
6348-SNFUS,0,0,1,1,72,0,No phone service,Yes,Yes,Yes,Yes,No,Yes,1,55.45,4179.2,0,58.044444444444444,0,1,0,0,1,0,0,0,0,0,0,1
1285-OKIPP,0,0,0,0,1,1,No,No,No,No,No,No,Yes,0,79.9,79.9,1,79.9,0,0,1,0,0,1,0,0,0,0,0,0
7825-ECJRF,1,0,0,0,19,1,No,Yes,No,Yes,Yes,Yes,Yes,1,106.6,1934.45,1,101.81315789473685,0,0,1,0,0,1,0,1,0,0,0,0
1347-KTTTA,0,0,1,0,64,1,No,No,Yes,Yes,Yes,Yes,Yes,1,102.45,6654.1,0,103.9703125,1,0,1,0,1,0,0,0,0,0,0,1
7841-TZDMQ,0,0,0,0,2,1,No,No,No,No,No,No,No,1,46.0,84.5,1,42.25,0,0,0,0,1,0,0,0,0,0,0,0
4195-NZGTA,1,0,0,0,1,0,No phone service,No,No,No,No,No,No,0,25.25,25.25,0,25.25,0,0,0,0,0,1,0,0,0,0,0,0
7157-SMCFK,0,0,0,1,61,1,No,No internet service,No internet service,No internet service,No internet service,No internet service,No internet service,0,19.75,1124.2,0,18.42950819672131,0,1,0,1,0,0,1,0,0,0,0,1
4709-LKHYG,1,0,1,1,29,1,No,No internet service,No internet service,No internet service,No internet service,No internet service,No internet service,0,20.0,540.05,0,18.622413793103448,1,0,0,1,0,1,0,0,1,0,0,0
2504-DSHIH,0,1,1,0,23,1,Yes,No,No,No,No,No,Yes,0,86.8,1975.85,0,85.90652173913043,0,0,1,0,0,1,0,1,0,0,0,0
0699-NDKJM,1,0,1,0,57,0,No phone service,Yes,Yes,Yes,No,Yes,Yes,1,58.75,3437.45,0,60.30614035087719,0,0,0,0,0,0,0,0,0,0,1,0
9286-BHDQG,0,0,1,1,72,0,No phone service,Yes,Yes,Yes,Yes,No,No,0,45.25,3139.8,0,43.608333333333334,0,1,0,0,1,0,0,0,0,0,0,1
0230-WEQUW,0,0,1,0,66,0,No phone service,Yes,Yes,Yes,Yes,Yes,No,1,56.6,3789.2,0,57.41212121212121,0,1,0,0,0,0,0,0,0,0,0,1
2040-LDIWQ,0,0,1,1,65,1,Yes,No,Yes,Yes,Yes,Yes,Yes,1,84.2,5324.5,0,81.91538461538461,0,1,0,0,0,0,0,0,0,0,0,1
6496-JDSSB,1,0,0,0,8,1,No,No,No,No,No,Yes,No,1,80.0,624.6,0,78.075,0,0,1,0,0,0,0,0,0,0,0,0
9408-SSNVZ,1,0,0,0,4,1,No,No,No,No,No,No,No,1,70.15,268.35,1,67.0875,0,0,1,0,0,1,0,0,0,0,0,0
4443-EMBNA,1,0,1,0,71,1,Yes,No internet service,No internet service,No internet service,No internet service,No internet service,No internet service,0,24.75,1836.9,0,25.871830985915494,0,1,0,1,0,0,0,0,0,0,0,1
6469-MRVET,0,0,1,1,1,1,No,No internet service,No internet service,No internet service,No internet service,No internet service,No internet service,1,20.2,20.2,0,20.2,1,0,0,1,0,1,0,0,0,0,0,0
0742-MOABM,0,0,1,0,4,1,No,No,No,No,Yes,No,No,0,50.05,179.35,1,44.8375,0,0,0,0,0,0,1,0,0,0,0,0
5961-VUSRV,1,0,0,0,12,1,No,No internet service,No internet service,No internet service,No internet service,No internet service,No internet service,1,19.35,219.35,0,18.279166666666665,1,0,0,1,0,0,0,0,0,0,0,0
6778-JFCMK,0,0,0,0,24,0,No phone service,Yes,No,No,No,Yes,Yes,1,50.6,1288.75,0,53.697916666666664,1,0,0,0,0,0,1,1,0,0,0,0
6341-JVQGF,1,0,1,1,31,1,No,Yes,No,Yes,Yes,Yes,Yes,1,81.15,2545.75,0,82.12096774193549,1,0,0,0,0,0,1,0,1,0,0,0
2232-DMLXU,1,0,1,0,1,1,No,No,No,No,No,Yes,No,0,55.2,55.2,1,55.2,0,0,0,0,0,0,1,0,0,0,0,0
4811-JBUVU,0,0,0,0,30,1,Yes,No,No,No,Yes,No,Yes,1,89.9,2723.15,0,90.77166666666668,0,0,1,0,1,0,0,0,1,0,0,0
0945-TSONX,1,0,1,1,47,1,Yes,Yes,Yes,No,Yes,Yes,Yes,1,85.3,4107.25,0,87.38829787234043,0,1,0,0,1,0,0,0,0,1,0,0
2651-ZCBXV,0,0,0,0,54,1,Yes,Yes,Yes,No,Yes,Yes,Yes,1,108.0,5760.65,0,106.6787037037037,0,1,1,0,1,0,0,0,0,0,1,0
3316-UWXUY,0,0,0,0,50,1,No,Yes,Yes,No,Yes,No,Yes,1,93.5,4747.5,0,94.95,0,0,1,0,1,0,0,0,0,0,1,0
8937-RDTHP,0,0,0,0,1,1,No,Yes,No,No,No,No,Yes,1,84.6,84.6,1,84.6,0,0,1,0,0,0,1,0,0,0,0,0
7083-MIOPC,1,0,0,0,72,1,No,No internet service,No internet service,No internet service,No internet service,No internet service,No internet service,0,20.25,1566.9,0,21.762500000000003,0,1,0,1,1,0,0,0,0,0,0,1
1984-GPTEH,1,0,0,0,29,1,Yes,No internet service,No internet service,No internet service,No internet service,No internet service,No internet service,0,25.15,702.0,0,24.20689655172414,0,0,0,1,0,1,0,0,1,0,0,0
1251-KRREG,0,0,0,0,2,1,Yes,No,Yes,No,No,No,No,1,54.4,114.1,1,57.05,0,0,0,0,0,0,1,0,0,0,0,0
0621-JFHOL,1,0,0,0,10,0,No phone service,No,No,No,Yes,No,No,1,29.6,299.05,0,29.905,0,1,0,0,0,0,1,0,0,0,0,0
9903-LYSAB,0,0,1,0,18,1,Yes,No,No,No,No,No,No,1,73.15,1305.95,0,72.55277777777778,0,0,1,0,0,1,0,1,0,0,0,0
0094-OIFMO,1,1,0,0,11,1,No,No,Yes,No,No,Yes,Yes,1,95.0,1120.3,1,101.84545454545454,0,0,1,0,0,1,0,0,0,0,0,0
9227-UAQFT,0,0,0,0,16,1,No,No internet service,No internet service,No internet service,No internet service,No internet service,No internet service,0,19.75,284.35,0,17.771875,0,1,0,1,0,0,1,1,0,0,0,0
7301-ABVAD,1,0,0,0,72,1,Yes,No,Yes,Yes,Yes,Yes,Yes,0,86.6,6350.5,0,88.20138888888889,0,1,0,0,0,0,0,0,0,0,0,1
6614-FHDBO,0,0,0,0,72,1,Yes,No,Yes,Yes,Yes,Yes,Yes,0,109.2,7878.3,0,109.42083333333333,0,1,1,0,0,0,0,0,0,0,0,1
7576-ASEJU,1,0,1,1,41,1,No,Yes,No,No,Yes,Yes,Yes,1,74.7,3187.65,0,77.74756097560976,1,0,0,0,1,0,0,0,0,1,0,0
9058-HRZSV,1,1,1,0,65,1,No,Yes,Yes,Yes,No,No,Yes,0,94.4,6126.15,0,94.24846153846153,0,0,1,0,0,1,0,0,0,0,0,1
4522-AKYLR,1,1,0,0,13,1,No,No,Yes,Yes,No,No,No,1,54.8,731.3,0,56.25384615384615,0,0,0,0,0,1,0,1,0,0,0,0
0221-WMXNQ,0,1,0,0,4,1,No,Yes,No,No,No,No,No,0,75.35,273.4,0,68.35,0,0,1,0,0,1,0,0,0,0,0,0
0303-UNCIP,0,0,0,0,41,1,Yes,No,No,Yes,No,No,Yes,0,65.0,2531.8,0,61.75121951219513,1,0,0,0,0,0,1,0,0,1,0,0
9947-OTFQU,0,1,0,0,15,1,No,No,Yes,No,No,No,No,1,74.4,1074.3,1,71.61999999999999,0,0,1,0,0,1,0,1,0,0,0,0
0322-YINQP,0,0,0,0,1,1,No,Yes,No,No,No,No,No,1,48.55,48.55,1,48.55,0,0,0,0,0,0,1,0,0,0,0,0
0959-WHOKV,0,0,0,0,42,1,Yes,Yes,Yes,Yes,No,No,Yes,1,99.0,4298.45,0,102.34404761904761,1,0,1,0,0,1,0,0,0,1,0,0
4075-JFPGR,1,0,1,0,51,1,No,Yes,Yes,Yes,No,Yes,No,1,93.5,4619.55,0,90.57941176470588,1,0,1,0,0,1,0,0,0,0,1,0
4629-NRXKX,1,0,1,1,2,1,No,No,No,No,No,No,No,0,70.4,147.15,1,73.575,0,0,1,0,0,1,0,0,0,0,0,0
9514-JDSKI,0,1,1,0,1,0,No phone service,No,Yes,No,No,Yes,No,0,40.2,40.2,1,40.2,0,0,0,0,0,1,0,0,0,0,0,0
3282-ZISZV,0,0,0,1,32,1,Yes,No,Yes,Yes,Yes,Yes,Yes,0,83.7,2633.3,0,82.290625,1,0,0,0,1,0,0,0,1,0,0,0
3675-YDUPJ,0,0,0,0,10,1,No,No internet service,No internet service,No internet service,No internet service,No internet service,No internet service,1,19.85,193.05,0,19.305,0,0,0,1,0,0,1,0,0,0,0,0
4111-BNXIF,1,0,1,1,67,0,No phone service,No,Yes,Yes,Yes,Yes,Yes,1,59.55,4103.9,0,61.252238805970144,0,1,0,0,0,1,0,0,0,0,0,1
7017-VFHAY,1,0,1,1,61,1,Yes,Yes,Yes,Yes,Yes,Yes,Yes,0,115.1,7008.15,0,114.88770491803278,0,1,1,0,1,0,0,0,0,0,0,1
6655-LHBYW,0,0,0,0,50,1,Yes,Yes,Yes,Yes,Yes,Yes,Yes,0,114.35,5791.1,0,115.822,1,0,1,0,1,0,0,0,0,0,1,0
4959-JOSRX,1,0,1,0,2,1,No,No,No,No,No,No,No,1,44.6,80.55,1,40.275,0,0,0,0,1,0,0,0,0,0,0,0
5046-NUHWD,1,1,1,0,29,0,No phone service,Yes,No,Yes,No,No,Yes,1,45.0,1228.65,0,42.36724137931035,0,0,0,0,0,1,0,0,1,0,0,0
7273-TEFQD,0,1,0,0,3,0,No phone service,No,No,Yes,No,No,Yes,1,41.15,132.2,1,44.06666666666666,0,0,0,0,0,1,0,0,0,0,0,0
3606-TWKGI,0,1,0,0,13,1,Yes,No,Yes,Yes,No,Yes,Yes,1,106.9,1364.3,1,104.94615384615385,0,0,1,0,0,1,0,1,0,0,0,0
7529-ZDFXI,0,1,1,0,57,1,Yes,No,Yes,No,No,No,Yes,1,89.85,4925.35,0,86.40964912280702,0,0,1,0,0,1,0,0,0,0,1,0
7605-BDWDC,1,0,0,0,31,0,No phone service,Yes,Yes,No,Yes,No,Yes,1,49.85,1520.1,0,49.03548387096774,0,1,0,0,0,0,0,0,1,0,0,0
1950-KSVVJ,1,0,1,0,45,1,Yes,Yes,Yes,Yes,Yes,Yes,Yes,0,113.3,5032.25,0,111.82777777777778,1,0,1,0,0,0,1,0,0,1,0,0
0123-CRBRT,1,0,1,1,61,1,Yes,Yes,Yes,Yes,Yes,Yes,Yes,0,88.1,5526.75,0,90.60245901639344,0,1,0,0,0,0,1,0,0,0,0,1
6292-TOSSS,0,0,0,0,50,1,Yes,No internet service,No internet service,No internet service,No internet service,No internet service,No internet service,0,24.9,1195.25,0,23.905,0,1,0,1,0,0,0,0,0,0,1,0
3197-ARFOY,1,1,0,0,19,1,No,Yes,Yes,No,Yes,Yes,Yes,1,105.0,2007.25,0,105.64473684210526,0,0,1,0,0,0,1,1,0,0,0,0
6323-AYBRX,0,0,0,0,59,1,No,No internet service,No internet service,No internet service,No internet service,No internet service,No internet service,0,19.35,1099.6,1,18.63728813559322,0,1,0,1,0,0,1,0,0,0,1,0
7014-ZZXAW,1,0,1,0,71,1,Yes,No internet service,No internet service,No internet service,No internet service,No internet service,No internet service,1,24.25,1732.95,0,24.40774647887324,0,1,0,1,1,0,0,0,0,0,0,1
4385-GZQXV,1,1,0,0,16,1,No,No,No,No,Yes,Yes,Yes,1,94.45,1511.2,1,94.45,0,0,1,0,0,1,0,1,0,0,0,0
7633-MVPUY,0,0,1,0,57,1,No,Yes,Yes,No,Yes,No,No,1,59.75,3450.15,0,60.52894736842106,0,1,0,0,0,1,0,0,0,0,1,0
6366-ZGQGL,0,0,0,0,1,0,No phone service,No,No,No,No,No,No,0,24.8,24.8,1,24.8,0,0,0,0,0,0,0,0,0,0,0,0
4716-HHKQH,0,1,1,0,20,1,Yes,No,Yes,No,Yes,Yes,Yes,0,107.05,2172.05,0,108.6025,0,0,1,0,0,1,0,1,0,0,0,0
5940-AHUHD,0,0,0,0,1,1,No,No,No,No,No,No,No,0,70.6,70.6,1,70.6,0,0,1,0,0,0,1,0,0,0,0,0
6432-TWQLB,0,0,1,0,5,1,Yes,No,Yes,No,Yes,No,No,1,85.4,401.1,1,80.22,0,0,1,0,0,1,0,0,0,0,0,0
4484-GLZOU,1,0,1,0,52,1,Yes,No,Yes,Yes,No,Yes,Yes,1,105.05,5624.85,1,108.17019230769232,0,0,1,0,0,1,0,0,0,0,1,0
3179-GBRWV,0,1,1,0,21,1,No,Yes,Yes,No,No,No,Yes,1,64.95,1339.8,0,63.8,0,0,0,0,0,0,0,1,0,0,0,0
8645-KWHJO,0,0,0,0,14,0,No phone service,No,No,Yes,Yes,Yes,Yes,1,55.0,771.95,0,55.13928571428572,0,0,0,0,0,1,0,1,0,0,0,0
4130-MZLCC,1,0,0,0,5,1,No,No,Yes,No,No,No,No,0,50.55,244.75,0,48.95,0,0,0,0,0,0,0,0,0,0,0,0
0314-TKOSI,1,0,0,0,6,1,No,Yes,Yes,No,No,No,No,0,55.15,322.9,0,53.81666666666666,0,0,0,0,0,0,1,0,0,0,0,0
8229-MYEJZ,1,0,0,0,10,1,No,No,Yes,No,No,No,No,0,51.2,498.25,0,49.825,0,0,0,0,0,1,0,0,0,0,0,0
2080-SRCDE,1,0,0,1,1,1,Yes,No internet service,No internet service,No internet service,No internet service,No internet service,No internet service,0,25.4,25.4,0,25.4,0,0,0,1,0,0,1,0,0,0,0,0
9577-WJVCQ,1,0,0,0,68,1,Yes,Yes,No,No,No,No,No,0,54.45,3687.75,0,54.231617647058826,0,0,0,0,0,0,1,0,0,0,0,1
9512-UIBFX,0,0,1,1,18,1,No,No,No,Yes,No,Yes,Yes,0,95.15,1779.95,1,98.88611111111112,0,0,1,0,0,0,1,1,0,0,0,0
6202-DYYFX,1,0,0,0,22,1,Yes,No,No,No,No,No,No,1,76.0,1783.6,0,81.07272727272726,1,0,1,0,1,0,0,1,0,0,0,0
3808-HFKDE,1,0,0,0,20,1,No,No,No,No,No,No,No,1,44.35,927.15,0,46.3575,0,0,0,0,0,1,0,1,0,0,0,0
5583-SXDAG,0,0,1,0,1,1,No,No,No,No,No,No,No,0,70.0,70.0,1,70.0,0,0,1,0,0,1,0,0,0,0,0,0
3488-PGMQJ,0,1,0,0,8,1,No,No,Yes,No,No,No,No,1,74.5,606.55,1,75.81875,0,0,1,0,0,1,0,0,0,0,0,0
3580-REOAC,0,0,0,0,10,1,No,No,No,No,No,No,No,1,44.85,435.4,1,43.54,0,0,0,0,1,0,0,0,0,0,0,0
7534-BFESC,0,1,0,0,24,1,Yes,No,No,No,No,No,No,1,76.1,1712.7,1,71.3625,0,0,1,0,0,1,0,1,0,0,0,0
3727-OWVYD,0,0,0,0,35,1,No,Yes,Yes,Yes,No,No,No,0,61.2,2021.2,0,57.74857142857143,1,0,0,0,0,0,1,0,1,0,0,0
2294-SALNE,0,0,1,1,23,1,No,No,Yes,Yes,Yes,No,No,0,86.8,1940.8,0,84.38260869565217,1,0,1,0,0,0,1,1,0,0,0,0
4847-TAJYI,1,1,0,0,6,1,No,No,No,No,No,Yes,Yes,1,89.35,567.8,0,94.63333333333333,0,0,1,0,0,1,0,0,0,0,0,0
1563-IWQEX,1,0,0,0,12,1,No,No internet service,No internet service,No internet service,No internet service,No internet service,No internet service,0,19.7,220.35,0,18.3625,0,0,0,1,0,0,1,0,0,0,0,0
8203-XJZRC,0,0,0,0,1,1,No,No internet service,No internet service,No internet service,No internet service,No internet service,No internet service,0,20.25,20.25,0,20.25,0,0,0,1,0,0,1,0,0,0,0,0
6556-DBKZF,1,0,1,1,71,1,No,No,No,Yes,No,No,No,0,76.05,5436.45,0,76.56971830985916,0,1,1,0,0,1,0,0,0,0,0,1
6851-WEFYX,0,1,1,0,35,1,Yes,No,No,Yes,No,Yes,Yes,1,100.8,3437.5,0,98.21428571428571,0,0,1,0,0,1,0,0,1,0,0,0
2985-JUUBZ,0,0,1,1,40,1,Yes,No,No,Yes,No,Yes,Yes,1,74.55,3015.75,0,75.39375,0,0,0,0,0,1,0,0,0,1,0,0
6390-DSAZX,1,0,0,1,1,1,No,Yes,No,No,No,No,No,1,73.6,73.6,1,73.6,0,0,1,0,0,0,1,0,0,0,0,0
0895-LMRSF,0,0,0,0,23,1,No,No,No,No,No,Yes,Yes,1,64.9,1509.8,0,65.64347826086956,1,0,0,0,0,0,0,1,0,0,0,0
8098-LLAZX,1,1,0,0,4,1,Yes,No,No,No,No,Yes,Yes,1,95.45,396.1,1,99.025,0,0,1,0,0,1,0,0,0,0,0,0
8266-VBFQL,0,0,0,0,4,1,No,No,No,Yes,Yes,No,Yes,1,90.4,356.65,0,89.1625,0,0,1,0,0,1,0,0,0,0,0,0
8181-YHCMF,1,0,1,1,68,0,No phone service,No,Yes,Yes,Yes,Yes,Yes,0,60.3,4109.0,0,60.4264705882353,0,1,0,0,1,0,0,0,0,0,0,1
2240-HSJQD,0,0,0,1,38,1,Yes,No,Yes,No,No,No,No,1,81.85,3141.7,0,82.67631578947368,0,0,1,0,0,0,1,0,0,1,0,0
1248-DYXUB,0,0,1,1,52,1,Yes,No internet service,No internet service,No internet service,No internet service,No internet service,No internet service,0,24.8,1229.1,0,23.63653846153846,0,1,0,1,0,0,1,0,0,0,1,0
0265-EDXBD,0,1,1,0,32,1,Yes,No,No,No,No,No,No,1,74.9,2303.35,1,71.9796875,0,0,1,0,0,1,0,0,1,0,0,0
4115-BNPJY,0,0,1,1,29,1,No,No,No,Yes,Yes,Yes,Yes,0,75.55,2054.4,0,70.84137931034483,0,1,0,0,0,0,1,0,1,0,0,0
3167-SNQPL,0,1,1,1,38,1,Yes,No,Yes,No,No,Yes,Yes,0,101.15,3741.85,0,98.46973684210526,0,0,1,0,0,1,0,0,0,1,0,0
4091-TVOCN,0,0,0,1,48,1,Yes,Yes,No,Yes,No,Yes,Yes,1,78.75,3682.45,0,76.71770833333333,1,0,0,0,1,0,0,0,0,1,0,0
1098-TDVUQ,1,0,0,0,1,1,No,No internet service,No internet service,No internet service,No internet service,No internet service,No internet service,1,19.25,19.25,0,19.25,0,0,0,1,0,0,0,0,0,0,0,0
7277-OZCGZ,1,0,0,0,22,1,No,Yes,No,No,Yes,No,Yes,1,89.05,1886.25,0,85.73863636363636,0,0,1,0,0,1,0,1,0,0,0,0
1557-EMYVT,1,0,0,0,43,1,Yes,Yes,Yes,Yes,Yes,Yes,Yes,0,115.05,4895.1,0,113.83953488372094,0,1,1,0,1,0,0,0,0,1,0,0
2799-ARNLO,1,1,1,0,5,1,No,No,No,No,No,No,No,1,69.35,341.6,0,68.32000000000001,0,0,1,0,0,1,0,0,0,0,0,0
7563-BIUPC,0,0,0,0,5,1,No,No,No,No,No,Yes,No,1,80.6,415.55,1,83.11,0,0,1,0,0,1,0,0,0,0,0,0
5027-YOCXN,0,0,1,1,51,1,Yes,Yes,Yes,No,Yes,Yes,Yes,0,110.05,5686.4,0,111.49803921568626,1,0,1,0,1,0,0,0,0,0,1,0
3973-SKMLN,0,0,0,0,71,1,No,No internet service,No internet service,No internet service,No internet service,No internet service,No internet service,1,19.9,1355.1,0,19.085915492957746,0,1,0,1,1,0,0,0,0,0,0,1
2321-OMBXY,1,0,1,1,38,1,No,Yes,Yes,No,Yes,Yes,Yes,0,80.3,3058.65,1,80.49078947368422,1,0,0,0,1,0,0,0,0,1,0,0
2840-XANRC,0,1,1,0,24,1,No,No,No,Yes,No,Yes,Yes,1,93.15,2231.05,1,92.96041666666667,0,0,1,0,0,1,0,1,0,0,0,0
6745-JEFZB,0,0,1,0,35,1,Yes,No,No,No,Yes,Yes,No,1,91.5,3236.35,0,92.46714285714286,0,0,1,0,1,0,0,0,1,0,0,0
5020-ZSTTY,1,1,0,0,54,1,Yes,Yes,Yes,No,Yes,Yes,Yes,0,82.45,4350.1,1,80.55740740740741,1,0,0,0,0,0,0,0,0,0,1,0
9880-TDQAC,1,0,1,1,72,0,No phone service,No,Yes,Yes,Yes,Yes,Yes,1,60.0,4264.0,0,59.22222222222222,0,1,0,0,0,1,0,0,0,0,0,1
8705-WZCYL,0,0,0,0,1,1,No,No,No,No,No,No,No,1,44.8,44.8,0,44.8,0,0,0,0,0,1,0,0,0,0,0,0
7102-JJVTX,1,0,1,1,9,1,No,Yes,No,No,No,No,No,0,48.6,422.3,0,46.922222222222224,1,0,0,0,0,0,1,0,0,0,0,0
8626-PTQGE,0,0,0,0,69,0,No phone service,Yes,Yes,No,Yes,Yes,Yes,1,60.05,4176.7,0,60.53188405797101,0,1,0,0,0,0,0,0,0,0,0,1
4983-CLMLV,1,0,1,0,52,1,Yes,No,Yes,No,Yes,Yes,Yes,1,102.7,5138.1,0,98.8096153846154,0,0,1,0,1,0,0,0,0,0,1,0
5701-YVSVF,1,1,1,0,11,1,No,No,No,No,Yes,Yes,No,1,82.9,880.05,0,80.00454545454545,0,0,1,0,0,1,0,0,0,0,0,0
5804-LEPIM,1,1,0,0,2,1,No,No,No,No,No,No,No,1,70.35,139.05,1,69.525,0,0,1,0,0,1,0,0,0,0,0,0
5697-GOMBF,1,1,1,1,28,0,No phone service,No,No,No,No,Yes,No,1,35.9,973.65,0,34.77321428571428,0,0,0,0,0,1,0,0,1,0,0,0
2739-CACDQ,1,1,0,0,17,1,Yes,No,No,Yes,No,No,No,1,82.65,1470.05,0,86.4735294117647,0,0,1,0,1,0,0,1,0,0,0,0
9385-EHGDO,1,0,1,1,35,1,No,No internet service,No internet service,No internet service,No internet service,No internet service,No internet service,1,19.85,739.35,0,21.124285714285715,0,1,0,1,0,0,1,0,1,0,0,0
9498-FIMXL,1,0,0,0,8,1,No,No internet service,No internet service,No internet service,No internet service,No internet service,No internet service,1,19.2,161.95,0,20.24375,1,0,0,1,0,0,1,0,0,0,0,0
2379-GYFLQ,0,0,0,0,46,1,Yes,No,Yes,Yes,No,Yes,No,1,94.9,4422.95,0,96.15108695652174,1,0,1,0,1,0,0,0,0,1,0,0
0122-OAHPZ,1,0,0,0,7,1,Yes,No,No,No,No,No,No,1,73.85,511.25,1,73.03571428571429,0,0,1,0,0,1,0,0,0,0,0,0
2868-SNELZ,1,0,0,0,2,1,Yes,No,No,Yes,No,No,No,0,80.6,155.8,1,77.9,0,0,1,0,0,0,1,0,0,0,0,0
4322-RCYMT,0,0,1,1,68,1,Yes,No,Yes,Yes,Yes,No,Yes,1,75.8,5293.95,1,77.85220588235293,1,0,0,0,0,0,0,0,0,0,0,1
6680-NENYN,1,0,0,0,43,1,Yes,No,Yes,Yes,No,Yes,Yes,1,104.6,4759.85,1,110.69418604651163,0,1,1,0,0,1,0,0,0,1,0,0
2088-IEBAU,1,0,0,0,68,1,Yes,Yes,Yes,Yes,Yes,Yes,Yes,1,88.15,6148.45,0,90.41838235294118,0,1,0,0,0,1,0,0,0,0,0,1
7982-VCELR,1,0,0,0,36,1,No,No,Yes,No,No,Yes,Yes,1,94.8,3565.65,0,99.04583333333333,0,0,1,0,1,0,0,0,1,0,0,0
1343-EHPYB,0,0,1,0,63,1,Yes,No,Yes,Yes,No,Yes,Yes,1,103.4,6603.0,1,104.80952380952381,0,0,1,0,0,1,0,0,0,0,0,1
6035-BXTTY,1,1,0,0,32,1,No,No,Yes,No,Yes,No,No,0,54.65,1830.1,0,57.190625,0,0,0,0,0,0,0,0,1,0,0,0
6885-PKOAM,1,0,1,0,71,1,Yes,Yes,Yes,Yes,Yes,Yes,Yes,0,85.75,6223.8,0,87.65915492957747,0,1,0,0,1,0,0,0,0,0,0,1
7520-HQWJU,1,0,1,1,66,1,Yes,Yes,Yes,Yes,No,No,No,1,67.45,4508.65,0,68.31287878787879,0,0,0,0,0,0,0,0,0,0,0,1
9639-BUJXT,0,0,0,0,63,1,No,No internet service,No internet service,No internet service,No internet service,No internet service,No internet service,0,20.5,1328.15,0,21.081746031746032,1,0,0,1,0,0,1,0,0,0,0,1
5924-SNGKP,1,0,0,1,41,1,No,No internet service,No internet service,No internet service,No internet service,No internet service,No internet service,1,20.25,865.0,0,21.097560975609756,1,0,0,1,1,0,0,0,0,1,0,0
0021-IKXGC,1,1,0,0,1,1,Yes,No,No,No,No,No,No,1,72.1,72.1,0,72.1,0,0,1,0,0,1,0,0,0,0,0,0
2034-GDRCN,1,0,0,0,2,1,No,No,No,No,No,Yes,Yes,1,90.4,168.2,1,84.1,0,0,1,0,0,1,0,0,0,0,0,0
8966-SNIZF,1,0,1,0,70,1,No,No internet service,No internet service,No internet service,No internet service,No internet service,No internet service,0,19.45,1303.5,0,18.62142857142857,0,1,0,1,0,0,0,0,0,0,0,1
6243-OZGFH,1,0,0,0,23,0,No phone service,No,No,No,No,Yes,Yes,1,44.95,996.85,0,43.34130434782609,0,0,0,0,0,1,0,1,0,0,0,0
4654-DLAMQ,1,1,1,0,64,1,No,Yes,Yes,Yes,No,No,Yes,0,97.0,6430.9,0,100.4828125,1,0,1,0,0,0,0,0,0,0,0,1
0513-RBGPE,0,0,1,1,37,1,Yes,Yes,No,Yes,Yes,No,No,1,62.8,2278.75,0,61.58783783783784,0,1,0,0,1,0,0,0,0,1,0,0
5160-UXJED,0,0,0,1,17,1,No,No,No,No,No,No,No,0,44.6,681.4,0,40.08235294117647,1,0,0,0,0,0,1,1,0,0,0,0
4115-NZRKS,1,1,0,0,7,1,No,No,No,No,No,Yes,Yes,1,89.15,574.35,0,82.05,0,0,1,0,0,1,0,0,0,0,0,0
0219-YTZUE,0,0,1,1,4,1,Yes,No,Yes,Yes,No,No,No,1,84.8,371.9,1,92.975,0,0,1,0,0,0,0,0,0,0,0,0
0623-IIHUG,1,1,0,0,21,0,No phone service,Yes,No,No,No,Yes,No,1,41.9,840.1,1,40.00476190476191,0,0,0,0,0,1,0,1,0,0,0,0
4572-DVCGN,1,0,0,0,10,1,No,No,No,No,No,No,Yes,1,80.25,846.0,1,84.6,0,0,1,0,0,0,0,0,0,0,0,0
3351-NGXYI,1,1,0,0,16,1,Yes,Yes,No,No,No,No,No,1,54.1,889.0,0,55.5625,0,0,0,0,0,1,0,1,0,0,0,0
8984-EYLLL,0,0,1,0,64,1,Yes,No,Yes,No,Yes,Yes,Yes,1,105.25,6823.4,0,106.615625,0,1,1,0,0,1,0,0,0,0,0,1
9057-MSWCO,0,1,1,0,27,0,No phone service,Yes,No,No,No,No,No,0,30.75,805.1,1,29.81851851851852,0,0,0,0,1,0,0,0,1,0,0,0
9833-TGFHX,0,0,1,1,42,1,Yes,Yes,No,No,No,Yes,Yes,0,97.1,4016.75,0,95.63690476190476,1,0,1,0,0,1,0,0,0,1,0,0
9294-TDIPC,0,0,0,1,5,1,No,No internet service,No internet service,No internet service,No internet service,No internet service,No internet service,0,20.2,83.75,0,16.75,0,0,0,1,0,0,1,0,0,0,0,0
5229-DTFYB,1,0,0,0,41,1,No,No,Yes,No,Yes,Yes,Yes,1,98.8,3959.15,0,96.56463414634146,0,1,1,0,0,0,0,0,0,1,0,0
0104-PPXDV,0,0,1,0,58,1,No,No,No,Yes,No,No,No,0,50.3,2878.55,0,49.630172413793105,1,0,0,0,1,0,0,0,0,0,1,0
5176-LMJXE,1,0,0,0,47,1,No,No internet service,No internet service,No internet service,No internet service,No internet service,No internet service,1,20.55,945.7,0,20.121276595744682,0,1,0,1,0,0,1,0,0,1,0,0
3583-KRKMD,0,0,0,0,18,1,No,No,No,No,Yes,No,No,1,75.9,1373.05,0,76.28055555555555,0,0,1,0,0,0,0,1,0,0,0,0
1010-DIAUQ,0,0,0,0,5,1,No,No,No,Yes,No,Yes,Yes,0,96.5,492.55,1,98.51,0,0,1,0,0,0,0,0,0,0,0,0
9069-LGEUL,0,0,1,0,23,1,No,Yes,No,No,No,No,Yes,1,59.95,1406.0,0,61.130434782608695,0,0,0,0,0,0,0,1,0,0,0,0
7302-ZHMHP,1,0,0,0,1,1,No,No internet service,No internet service,No internet service,No internet service,No internet service,No internet service,0,19.15,19.15,0,19.15,0,0,0,1,0,0,1,0,0,0,0,0
9571-EDEBV,0,0,1,0,71,1,Yes,No,No,Yes,No,Yes,Yes,1,98.65,6962.85,0,98.06830985915494,1,0,1,0,1,0,0,0,0,0,0,1
3520-FJGCV,0,0,1,1,72,1,Yes,Yes,Yes,Yes,Yes,Yes,Yes,1,112.6,8126.65,0,112.87013888888889,0,1,1,0,1,0,0,0,0,0,0,1
6563-VRERX,0,0,1,1,33,1,No,No internet service,No internet service,No internet service,No internet service,No internet service,No internet service,0,20.6,690.25,0,20.916666666666668,1,0,0,1,0,0,1,0,1,0,0,0
0259-GBZSH,0,0,0,0,2,1,Yes,No,No,No,No,Yes,No,1,85.65,181.5,1,90.75,0,0,1,0,0,1,0,0,0,0,0,0
6122-EFVKN,0,0,0,1,24,0,No phone service,Yes,No,No,Yes,No,No,0,35.75,830.8,0,34.61666666666667,0,1,0,0,0,0,1,1,0,0,0,0
2805-EDJPQ,1,0,1,1,56,1,Yes,No,Yes,Yes,Yes,No,Yes,1,99.75,5608.4,0,100.14999999999999,1,0,1,0,1,0,0,0,0,0,1,0
6862-CQUMB,0,0,0,0,37,1,No,No,Yes,No,No,Yes,Yes,1,96.1,3646.8,0,98.56216216216217,0,0,1,0,1,0,0,0,0,1,0,0
7156-MXBJE,1,0,0,0,43,1,Yes,No,Yes,Yes,Yes,Yes,Yes,0,85.1,3662.25,0,85.1686046511628,1,0,0,0,1,0,0,0,0,1,0,0
6158-HDPXZ,0,0,0,0,1,0,No phone service,No,No,No,No,No,No,0,25.35,25.35,0,25.35,0,0,0,0,0,0,1,0,0,0,0,0
9601-BRXPO,1,0,1,0,25,1,Yes,No,No,Yes,Yes,Yes,Yes,1,104.95,2566.5,1,102.66,0,0,1,0,0,0,0,0,1,0,0,0
2863-IMQDR,1,0,0,0,61,1,Yes,Yes,Yes,Yes,Yes,Yes,Yes,0,89.65,5308.7,0,87.02786885245901,0,1,0,0,0,1,0,0,0,0,0,1
5686-CMAWK,0,0,0,0,17,1,Yes,No,No,Yes,Yes,No,No,0,86.75,1410.25,0,82.95588235294117,1,0,1,0,0,1,0,1,0,0,0,0
5651-CRHKQ,1,0,1,0,41,1,No,No,Yes,Yes,Yes,No,No,1,86.2,3339.05,0,81.44024390243902,1,0,1,0,0,0,0,0,0,1,0,0
6905-NIQIN,0,0,0,0,1,1,No,No,Yes,No,No,No,No,0,50.65,50.65,1,50.65,0,0,0,0,0,0,1,0,0,0,0,0
8204-YJCLA,0,1,1,1,72,0,No phone service,Yes,Yes,Yes,Yes,Yes,Yes,1,64.8,4732.35,0,65.72708333333334,0,1,0,0,0,0,0,0,0,0,0,1
5167-ZFFMM,0,0,0,0,1,1,Yes,No,Yes,No,No,No,Yes,1,90.85,90.85,1,90.85,0,0,1,0,1,0,0,0,0,0,0,0
6583-SZVGP,0,0,0,0,48,1,Yes,No,Yes,Yes,No,Yes,Yes,1,108.1,5067.45,0,105.57187499999999,0,1,1,0,0,0,0,0,0,1,0,0
4895-TMWIR,0,1,1,0,11,1,No,No internet service,No internet service,No internet service,No internet service,No internet service,No internet service,0,19.95,214.75,1,19.522727272727273,0,0,0,1,0,0,1,0,0,0,0,0
0533-BNWKF,1,1,1,0,55,1,Yes,No,Yes,Yes,No,No,No,1,85.45,4874.7,1,88.63090909090909,0,0,1,0,0,1,0,0,0,0,1,0
1708-PBBOA,1,0,0,0,42,0,No phone service,Yes,Yes,Yes,Yes,No,Yes,1,54.75,2348.45,0,55.915476190476184,1,0,0,0,0,1,0,0,0,1,0,0
8782-LKFPK,0,0,0,0,44,1,Yes,No,No,Yes,No,No,Yes,1,90.4,4063.0,0,92.3409090909091,0,0,1,0,0,0,1,0,0,1,0,0
5522-JBWMO,0,0,0,1,1,1,No,No,No,No,No,No,No,0,44.0,44.0,0,44.0,0,0,0,0,0,1,0,0,0,0,0,0
3597-MVHJT,1,0,0,0,27,1,Yes,No,No,No,No,Yes,Yes,1,95.6,2595.25,0,96.12037037037037,0,0,1,0,0,0,0,0,1,0,0,0
9774-NRNAU,0,1,1,0,27,1,Yes,No,Yes,Yes,Yes,Yes,Yes,1,84.8,2309.55,0,85.53888888888889,0,0,0,0,0,0,0,0,1,0,0,0
0224-RLWWD,1,1,0,0,2,1,No,No,No,No,No,No,No,1,44.3,89.3,0,44.65,0,0,0,0,0,1,0,0,0,0,0,0
9967-ATRFS,1,0,0,0,19,1,No,No internet service,No internet service,No internet service,No internet service,No internet service,No internet service,0,19.9,367.55,0,19.344736842105263,0,0,0,1,0,0,1,1,0,0,0,0
3951-NJCVI,1,1,1,0,42,1,Yes,No,No,No,No,Yes,Yes,1,95.05,3944.5,0,93.91666666666667,0,0,1,0,0,1,0,0,0,1,0,0
2977-CEBSX,1,0,0,0,66,1,Yes,Yes,Yes,Yes,Yes,Yes,Yes,1,90.05,5965.95,0,90.39318181818182,0,1,0,0,1,0,0,0,0,0,0,1
0177-PXBAT,0,1,1,0,33,1,Yes,Yes,No,Yes,Yes,Yes,Yes,1,109.9,3694.7,0,111.96060606060605,0,0,1,0,0,0,0,0,1,0,0,0
6599-CEBNN,1,0,0,0,34,1,No,No,Yes,No,No,No,No,1,73.95,2524.45,1,74.24852941176471,0,0,1,0,1,0,0,0,1,0,0,0
2519-ERQOJ,0,1,0,0,33,0,No phone service,No,No,Yes,Yes,Yes,Yes,1,54.6,1803.7,0,54.657575757575756,0,0,0,0,0,1,0,0,1,0,0,0
5876-QMYLD,1,0,1,1,23,1,No,No internet service,No internet service,No internet service,No internet service,No internet service,No internet service,0,20.05,415.1,0,18.047826086956523,1,0,0,1,0,0,1,1,0,0,0,0
2277-AXSDC,1,0,0,0,32,1,No,No internet service,No internet service,No internet service,No internet service,No internet service,No internet service,0,19.75,624.15,0,19.5046875,1,0,0,1,0,0,0,0,1,0,0,0
9442-JTWDL,1,0,0,0,11,1,No,No internet service,No internet service,No internet service,No internet service,No internet service,No internet service,0,20.05,237.7,0,21.60909090909091,1,0,0,1,1,0,0,0,0,0,0,0
0979-PHULV,0,0,1,1,69,1,Yes,No,No,Yes,No,Yes,Yes,1,99.45,7007.6,1,101.55942028985508,0,0,1,0,1,0,0,0,0,0,0,1
3067-SVMTC,1,0,1,0,68,1,No,Yes,No,No,Yes,No,No,0,55.9,3848.8,0,56.6,1,0,0,0,0,0,0,0,0,0,0,1
5495-GPSRW,0,0,0,0,20,1,No,No internet service,No internet service,No internet service,No internet service,No internet service,No internet service,1,19.7,419.4,0,20.97,0,1,0,1,0,0,1,1,0,0,0,0
7606-BPHHN,0,0,0,0,72,1,No,No internet service,No internet service,No internet service,No internet service,No internet service,No internet service,1,19.8,1468.75,0,20.399305555555557,0,1,0,1,1,0,0,0,0,0,0,1
4742-DRORA,0,0,1,1,60,1,Yes,Yes,No,Yes,No,Yes,No,1,95.4,5812.0,0,96.86666666666666,1,0,1,0,0,0,0,0,0,0,1,0
0111-KLBQG,0,1,1,1,32,1,No,No,Yes,No,No,Yes,Yes,1,93.95,2861.45,0,89.4203125,0,0,1,0,0,0,1,0,1,0,0,0
4800-VHZKI,1,0,0,0,1,1,No,No internet service,No internet service,No internet service,No internet service,No internet service,No internet service,1,19.9,19.9,1,19.9,0,0,0,1,0,0,1,0,0,0,0,0
7989-CHGTL,0,0,0,0,1,1,No,No internet service,No internet service,No internet service,No internet service,No internet service,No internet service,1,19.6,19.6,1,19.6,0,0,0,1,0,0,1,0,0,0,0,0
0334-GDDSO,0,1,0,0,3,1,Yes,No,Yes,No,No,No,No,1,81.35,233.7,1,77.89999999999999,0,0,1,0,0,1,0,0,0,0,0,0
4163-NCJAK,1,0,1,0,46,1,Yes,No internet service,No internet service,No internet service,No internet service,No internet service,No internet service,1,24.45,1066.15,0,23.17717391304348,1,0,0,1,0,0,0,0,0,1,0,0
5233-AOZUF,1,0,1,0,29,1,Yes,No,No,No,No,No,No,1,74.95,2149.05,0,74.10517241379311,0,0,1,0,0,1,0,0,1,0,0,0
5973-EJGDP,0,0,0,0,51,1,Yes,No,Yes,Yes,Yes,No,No,1,87.35,4473.0,0,87.70588235294117,0,0,1,0,0,1,0,0,0,0,1,0
1996-DBMUS,1,1,1,0,48,1,No,No,No,No,No,No,No,1,70.65,3545.05,0,73.85520833333334,0,0,1,0,0,0,0,0,0,1,0,0
7916-VCCPB,1,0,1,1,16,1,No,No,Yes,No,No,No,No,0,73.25,1195.75,0,74.734375,0,0,1,0,0,0,0,1,0,0,0,0
4686-GEFRM,0,0,1,0,70,1,Yes,No,Yes,Yes,Yes,No,Yes,1,98.7,6858.9,0,97.9842857142857,0,1,1,0,0,0,0,0,0,0,0,1
5249-QYHEX,1,0,1,1,40,1,Yes,No internet service,No internet service,No internet service,No internet service,No internet service,No internet service,1,24.8,1024.7,0,25.6175,0,1,0,1,0,0,1,0,0,1,0,0
0578-SKVMF,1,0,1,1,22,1,No,No,Yes,No,No,No,Yes,0,83.3,1845.9,1,83.90454545454546,0,0,1,0,0,1,0,1,0,0,0,0
5564-NEMQO,1,1,0,0,1,1,No,No,No,Yes,No,No,No,1,75.3,75.3,1,75.3,0,0,1,0,0,0,0,0,0,0,0,0
2233-FAGXV,1,0,1,1,5,1,Yes,No internet service,No internet service,No internet service,No internet service,No internet service,No internet service,1,24.3,132.25,0,26.45,0,0,0,1,0,0,1,0,0,0,0,0
5605-IYGFG,1,0,0,0,7,1,No,No,No,No,No,No,No,1,69.85,515.45,0,73.63571428571429,0,0,1,0,0,0,0,0,0,0,0,0
7663-ZTEGJ,0,0,0,1,29,1,Yes,No,Yes,Yes,Yes,No,Yes,0,100.55,2830.45,0,97.60172413793103,1,0,1,0,1,0,0,0,1,0,0,0
3935-TBRZZ,0,0,1,1,44,1,Yes,No internet service,No internet service,No internet service,No internet service,No internet service,No internet service,0,25.7,1110.5,0,25.238636363636363,1,0,0,1,0,0,1,0,0,1,0,0
8111-BKVDS,1,0,0,0,10,0,No phone service,Yes,Yes,Yes,No,No,No,0,40.7,449.3,0,44.93,0,0,0,0,0,0,0,0,0,0,0,0
2055-SIFSS,1,1,1,0,55,1,Yes,No,No,No,No,No,No,0,51.65,2838.55,0,51.61000000000001,0,0,0,0,0,0,0,0,0,0,1,0
2806-MLNTI,0,1,1,0,52,1,Yes,No,Yes,Yes,No,Yes,Yes,1,105.1,5376.4,0,103.39230769230768,1,0,1,0,0,0,0,0,0,0,1,0
8734-DKSTZ,1,0,1,1,10,1,Yes,No,No,No,No,No,Yes,0,85.95,858.6,0,85.86,0,0,1,0,0,1,0,0,0,0,0,0
4360-PNRQB,0,0,0,0,18,1,Yes,No,No,No,No,No,No,1,75.6,1395.05,0,77.50277777777778,0,0,1,0,0,0,0,1,0,0,0,0
6152-ONASV,1,0,1,0,68,1,Yes,Yes,No,No,Yes,No,No,0,58.25,3975.7,0,58.46617647058823,1,0,0,0,0,0,0,0,0,0,0,1
9063-ZGTUY,1,0,1,1,61,1,No,No internet service,No internet service,No internet service,No internet service,No internet service,No internet service,1,19.4,1182.55,1,19.38606557377049,0,0,0,1,0,0,1,0,0,0,0,1
7781-HVGMK,1,0,1,1,72,0,No phone service,Yes,Yes,Yes,Yes,Yes,Yes,1,65.2,4784.45,0,66.45069444444444,0,1,0,0,1,0,0,0,0,0,0,1
2181-UAESM,0,0,0,0,2,1,No,Yes,No,Yes,No,No,No,0,53.45,119.5,0,59.75,0,0,0,0,0,1,0,0,0,0,0,0
2957-LOLHO,0,0,0,0,12,1,No,No,No,No,No,No,No,1,45.4,518.9,1,43.24166666666667,0,0,0,0,0,0,0,0,0,0,0,0
6048-NJXHX,0,0,1,0,41,1,No,No internet service,No internet service,No internet service,No internet service,No internet service,No internet service,1,19.75,899.45,0,21.93780487804878,0,1,0,1,0,1,0,0,0,1,0,0
2320-SLKMB,1,0,0,0,26,0,No phone service,No,No,Yes,Yes,Yes,No,1,44.45,1183.8,0,45.53076923076923,0,0,0,0,1,0,0,0,1,0,0,0
4980-URKXC,0,0,1,0,36,1,No,No internet service,No internet service,No internet service,No internet service,No internet service,No internet service,0,20.85,720.05,0,20.001388888888886,1,0,0,1,0,0,0,0,1,0,0,0
4376-KFVRS,0,0,1,1,72,1,Yes,Yes,Yes,Yes,Yes,Yes,Yes,1,114.05,8468.2,0,117.6138888888889,0,1,1,0,1,0,0,0,0,0,0,1
5886-VLQVU,0,0,1,0,35,1,Yes,No,No,No,Yes,No,Yes,1,89.85,3161.2,0,90.32,0,0,1,0,0,0,0,0,1,0,0,0
3577-AMVUX,0,0,0,0,1,1,No,No,No,Yes,Yes,No,No,0,55.05,55.05,0,55.05,0,0,0,0,0,0,1,0,0,0,0,0
0771-WLCLA,1,0,1,1,16,1,Yes,Yes,No,Yes,Yes,Yes,Yes,1,112.95,1882.55,0,117.659375,0,0,1,0,0,1,0,1,0,0,0,0
5628-RKIFK,1,1,0,0,49,1,Yes,Yes,No,No,No,Yes,Yes,0,101.55,5070.4,0,103.47755102040816,0,0,1,0,1,0,0,0,0,0,1,0
0206-TBWLC,1,0,1,0,54,1,Yes,Yes,Yes,Yes,Yes,Yes,Yes,1,114.65,6049.5,0,112.02777777777777,1,0,1,0,0,0,1,0,0,0,1,0
2937-FTHUR,1,0,0,1,18,1,Yes,Yes,No,No,No,No,Yes,0,64.8,1166.7,0,64.81666666666666,0,0,0,0,0,1,0,1,0,0,0,0
1910-FMXJM,1,0,1,0,36,1,No,No,No,No,No,No,Yes,0,80.4,2937.65,0,81.60138888888889,0,0,1,0,0,1,0,0,1,0,0,0
7752-XUSCI,1,0,0,0,60,1,Yes,No,Yes,Yes,No,Yes,Yes,1,105.9,6396.45,1,106.6075,0,0,1,0,0,1,0,0,0,0,1,0
4110-PFEUZ,1,0,0,0,1,1,No,No,No,No,No,No,No,0,69.55,69.55,1,69.55,0,0,1,0,0,0,1,0,0,0,0,0
0732-OCQOC,1,0,1,1,52,1,Yes,No internet service,No internet service,No internet service,No internet service,No internet service,No internet service,1,25.05,1270.25,0,24.427884615384617,0,1,0,1,0,0,0,0,0,0,1,0
5168-MSWXT,0,0,1,1,8,1,No,No,No,Yes,No,Yes,Yes,1,94.75,759.55,0,94.94375,0,0,1,0,0,1,0,0,0,0,0,0
1090-ESELR,0,0,1,1,72,1,No,Yes,Yes,No,Yes,Yes,Yes,0,105.5,7611.55,0,105.71597222222222,0,1,1,0,0,0,0,0,0,0,0,1
8592-PLTMQ,1,0,0,0,64,1,Yes,No internet service,No internet service,No internet service,No internet service,No internet service,No internet service,0,24.7,1642.75,0,25.66796875,1,0,0,1,0,0,1,0,0,0,0,1
5760-WRAHC,1,1,0,0,22,1,No,Yes,No,Yes,Yes,No,Yes,1,69.75,1545.4,0,70.24545454545455,0,0,0,0,0,0,1,1,0,0,0,0
8847-GEOOQ,0,0,1,0,60,0,No phone service,No,Yes,Yes,Yes,Yes,Yes,1,60.2,3582.4,0,59.70666666666667,0,0,0,0,0,0,0,0,0,0,1,0
0256-LTHVJ,1,0,1,1,28,1,No,No,No,No,No,No,Yes,1,81.05,2227.1,1,79.53928571428571,0,0,1,0,0,1,0,0,1,0,0,0
4785-FCIFB,1,0,1,0,61,1,Yes,No internet service,No internet service,No internet service,No internet service,No internet service,No internet service,0,24.4,1417.9,0,23.24426229508197,0,1,0,1,0,0,1,0,0,0,0,1
8313-NDOIA,1,0,0,0,24,1,Yes,No,Yes,Yes,No,Yes,Yes,1,104.15,2494.65,0,103.94375000000001,0,0,1,0,0,1,0,1,0,0,0,0
5149-CUZUJ,0,0,1,1,28,1,No,No,Yes,Yes,Yes,Yes,No,0,92.9,2768.35,0,98.86964285714285,1,0,1,0,0,0,0,0,1,0,0,0
0942-KOWSM,1,0,1,1,30,1,No,No,Yes,Yes,Yes,Yes,Yes,0,80.8,2369.3,0,78.97666666666667,0,1,0,0,0,0,0,0,1,0,0,0
4237-CLSMM,0,0,1,0,2,1,No,No internet service,No internet service,No internet service,No internet service,No internet service,No internet service,0,20.0,38.0,0,19.0,0,0,0,1,0,0,1,0,0,0,0,0
1452-VOQCH,0,0,0,0,1,1,Yes,No,No,No,No,No,No,1,75.1,75.1,0,75.1,0,0,1,0,0,1,0,0,0,0,0,0
4719-UMSIY,0,0,0,1,6,1,No,No internet service,No internet service,No internet service,No internet service,No internet service,No internet service,0,19.65,100.9,0,16.816666666666666,0,0,0,1,0,0,1,0,0,0,0,0
6614-VBEGU,1,0,1,0,24,1,No,No,Yes,No,No,Yes,Yes,1,69.45,1614.05,0,67.25208333333333,0,0,0,0,0,0,0,1,0,0,0,0
0880-TKATG,0,0,1,1,4,1,Yes,No,No,Yes,No,Yes,Yes,0,101.15,385.9,1,96.475,0,0,1,0,0,1,0,0,0,0,0,0
3811-VBYBZ,0,0,0,0,7,1,Yes,No,Yes,No,No,Yes,Yes,1,99.8,673.25,1,96.17857142857143,0,0,1,0,0,1,0,0,0,0,0,0
1480-BKXGA,0,1,1,0,72,1,Yes,Yes,Yes,Yes,Yes,Yes,Yes,1,116.05,8404.9,0,116.73472222222222,0,1,1,0,0,0,0,0,0,0,0,1
2996-XAUVF,0,0,0,0,70,0,No phone service,No,No,No,Yes,No,Yes,1,40.05,2799.75,0,39.996428571428574,0,1,0,0,0,0,1,0,0,0,0,1
9076-AXYIK,0,1,1,0,64,1,Yes,No,No,Yes,Yes,Yes,Yes,0,102.1,6538.45,0,102.16328125,0,1,1,0,0,1,0,0,0,0,0,1
5968-XQIVE,0,0,1,1,72,1,Yes,No,Yes,No,No,Yes,No,1,89.7,6588.95,0,91.51319444444444,1,0,1,0,0,1,0,0,0,0,0,1
8896-RAZCR,1,0,0,1,44,1,No,No internet service,No internet service,No internet service,No internet service,No internet service,No internet service,0,19.9,868.1,0,19.729545454545455,0,1,0,1,0,0,1,0,0,1,0,0
4640-UHDOS,1,0,1,1,13,1,No,No,No,No,No,No,Yes,0,55.95,734.35,1,56.48846153846154,0,0,0,0,0,1,0,1,0,0,0,0
4933-IKULF,1,1,0,0,17,1,No,No internet service,No internet service,No internet service,No internet service,No internet service,No internet service,0,20.65,330.6,0,19.447058823529414,1,0,0,1,0,0,1,1,0,0,0,0
3583-EKAPL,0,0,0,0,1,1,No,No,No,No,No,No,Yes,1,55.0,55.0,1,55.0,0,0,0,0,0,1,0,0,0,0,0,0
1304-BCCFO,0,0,1,0,9,1,No,No,No,Yes,No,Yes,Yes,1,70.05,564.4,0,62.71111111111111,0,0,0,0,0,0,1,0,0,0,0,0
4104-PVRPS,0,0,1,0,24,1,No,Yes,No,No,Yes,No,No,0,53.6,1315.35,0,54.80625,0,0,0,0,0,0,1,1,0,0,0,0
9399-APLBT,1,0,1,1,1,1,No,No,Yes,No,No,No,No,1,74.7,74.7,1,74.7,0,0,1,0,0,1,0,0,0,0,0,0
2359-KMGLI,0,0,0,0,24,1,Yes,No,Yes,No,No,No,No,1,80.25,1861.5,1,77.5625,0,0,1,0,0,1,0,1,0,0,0,0
3780-DDGSE,0,1,1,1,35,1,No,No,Yes,No,Yes,Yes,Yes,1,76.05,2747.2,0,78.49142857142857,0,0,0,0,0,1,0,0,1,0,0,0
4431-EDMIQ,1,0,1,1,7,1,No,Yes,Yes,Yes,Yes,Yes,No,1,75.7,554.05,0,79.14999999999999,0,0,0,0,0,1,0,0,0,0,0,0
0306-JAELE,0,0,0,0,5,1,No,No,No,No,Yes,Yes,Yes,1,96.1,453.4,1,90.67999999999999,0,0,1,0,0,1,0,0,0,0,0,0
6227-HWPWX,1,0,0,1,15,1,No,No,No,No,No,No,No,0,69.0,994.8,1,66.32,0,0,1,0,0,0,0,1,0,0,0,0
0486-LGCCH,0,0,1,1,11,1,No,No internet service,No internet service,No internet service,No internet service,No internet service,No internet service,0,19.65,225.75,0,20.522727272727273,0,1,0,1,0,0,1,0,0,0,0,0
0447-BEMNG,1,0,1,0,48,0,No phone service,Yes,No,Yes,No,No,Yes,1,45.3,2145.0,1,44.6875,0,0,0,0,0,0,0,0,0,1,0,0
4612-SSVHJ,1,1,0,0,20,1,No,No,No,No,No,No,Yes,1,81.45,1671.6,0,83.58,0,0,1,0,0,1,0,1,0,0,0,0
5168-MQQCA,1,0,1,0,72,1,Yes,No,Yes,Yes,Yes,Yes,Yes,1,108.5,8003.8,0,111.16388888888889,1,0,1,0,0,0,0,0,0,0,0,1
5949-XIKAE,1,0,1,1,8,1,No,No,Yes,No,No,Yes,No,1,83.55,680.05,1,85.00625,0,0,1,0,0,1,0,0,0,0,0,0
7971-HLVXI,0,0,1,1,72,1,Yes,No,No,No,No,No,Yes,1,84.5,6130.85,0,85.15069444444445,0,1,1,0,1,0,0,0,0,0,0,1
9094-AZPHK,1,0,0,0,15,1,Yes,No,Yes,No,No,Yes,Yes,1,100.15,1415.0,0,94.33333333333333,0,0,1,0,0,1,0,1,0,0,0,0
3649-JPUGY,0,0,0,0,72,1,Yes,No,Yes,Yes,Yes,Yes,Yes,1,88.6,6201.95,0,86.13819444444444,0,1,0,0,0,0,0,0,0,0,0,1
8372-JUXUI,0,0,0,1,1,1,Yes,No,No,No,No,No,No,1,74.35,74.35,1,74.35,0,0,1,0,0,1,0,0,0,0,0,0
3552-CTCYF,0,0,1,1,63,1,Yes,No,Yes,Yes,No,Yes,Yes,1,104.8,6597.25,0,104.71825396825396,0,1,1,0,0,0,0,0,0,0,0,1
6778-YSNIH,1,0,0,0,2,1,No,No,Yes,No,No,Yes,No,1,59.0,114.15,0,57.075,0,0,0,0,0,1,0,0,0,0,0,0
0388-EOPEX,1,0,1,0,2,1,No,Yes,No,No,No,No,No,1,74.4,139.4,1,69.7,0,0,1,0,0,1,0,0,0,0,0,0
5756-OZRIO,0,1,1,0,61,1,Yes,No,Yes,No,No,No,Yes,0,64.05,3902.6,0,63.97704918032787,1,0,0,0,0,0,0,0,0,0,0,1
6579-JPICP,0,0,0,0,1,1,No,No internet service,No internet service,No internet service,No internet service,No internet service,No internet service,0,20.4,20.4,0,20.4,0,0,0,1,0,0,1,0,0,0,0,0
8205-OTCHB,0,0,0,0,22,0,No phone service,No,Yes,Yes,No,No,Yes,1,43.75,903.6,1,41.07272727272727,1,0,0,0,0,0,0,1,0,0,0,0
4134-BSXLX,0,0,1,0,28,1,No,Yes,Yes,No,Yes,No,No,0,60.9,1785.65,0,63.77321428571429,0,0,0,0,0,0,1,0,1,0,0,0
0505-SPOOW,1,0,1,0,70,1,No,No internet service,No internet service,No internet service,No internet service,No internet service,No internet service,0,19.8,1397.65,0,19.966428571428573,0,1,0,1,0,0,0,0,0,0,0,1
6235-VDHOM,1,1,0,0,5,0,No phone service,No,Yes,No,No,No,No,0,28.45,131.05,1,26.21,0,0,0,0,0,1,0,0,0,0,0,0
7783-YKGDV,1,0,0,0,12,1,Yes,Yes,Yes,Yes,No,No,Yes,1,99.7,1238.45,1,103.20416666666667,0,0,1,0,0,0,0,0,0,0,0,0
4374-YMUSQ,0,0,0,0,34,1,Yes,Yes,Yes,Yes,Yes,Yes,Yes,0,116.25,3899.05,0,114.6779411764706,1,0,1,0,1,0,0,0,1,0,0,0
4513-CXYIX,1,1,1,0,71,1,Yes,Yes,No,No,No,No,No,1,80.7,5676.0,0,79.94366197183099,0,1,1,0,1,0,0,0,0,0,0,1
3957-HHLMR,1,0,1,1,70,1,Yes,Yes,No,No,No,No,Yes,0,65.2,4543.15,0,64.90214285714285,1,0,0,0,0,0,0,0,0,0,0,1
7803-XOCCZ,1,0,1,1,52,1,No,Yes,No,Yes,Yes,No,No,1,84.05,4326.8,0,83.20769230769231,0,0,1,0,0,0,0,0,0,0,1,0
5736-YEJAX,0,0,0,1,69,1,Yes,Yes,Yes,Yes,Yes,Yes,No,1,79.45,5502.55,0,79.74710144927536,0,1,0,0,1,0,0,0,0,0,0,1
5609-CEBID,1,1,0,0,20,1,Yes,No,Yes,Yes,No,No,Yes,1,94.1,1782.4,1,89.12,0,0,1,0,0,1,0,1,0,0,0,0
8981-FJGLA,0,0,0,1,11,1,Yes,No,No,Yes,No,No,No,1,78.0,851.8,0,77.43636363636364,0,0,1,0,0,0,1,0,0,0,0,0
7218-HKQFK,0,0,1,0,2,1,No,No,No,No,Yes,Yes,Yes,1,94.2,167.5,1,83.75,0,0,1,0,0,1,0,0,0,0,0,0
4636-QRJKY,1,0,1,1,6,1,Yes,No,No,No,Yes,No,No,1,80.5,502.85,1,83.80833333333334,0,0,1,0,0,1,0,0,0,0,0,0
1135-LMECX,1,0,0,0,1,1,No,No internet service,No internet service,No internet service,No internet service,No internet service,No internet service,0,19.85,19.85,0,19.85,0,0,0,1,0,0,1,0,0,0,0,0
4332-MUOEZ,0,1,1,1,20,1,No,Yes,No,Yes,Yes,No,Yes,0,94.3,1818.3,0,90.91499999999999,1,0,1,0,1,0,0,1,0,0,0,0
8535-SFUTN,0,0,0,0,61,1,Yes,Yes,No,Yes,No,Yes,Yes,1,106.45,6300.15,0,103.2811475409836,0,0,1,0,0,1,0,0,0,0,0,1
5956-VKDTT,1,1,1,0,5,1,Yes,No,No,No,No,No,No,1,74.35,334.8,1,66.96000000000001,0,0,1,0,0,1,0,0,0,0,0,0
8677-HDZEE,1,0,0,0,56,1,Yes,No,Yes,No,Yes,Yes,Yes,1,105.45,5916.95,0,105.65982142857142,0,0,1,0,0,0,0,0,0,0,1,0
2475-MROZF,0,0,0,0,30,1,Yes,Yes,Yes,Yes,Yes,No,No,1,95.0,2852.4,0,95.08,0,0,1,0,1,0,0,0,1,0,0,0
9412-GHEEC,0,0,0,0,40,1,Yes,No,No,Yes,Yes,Yes,Yes,0,104.8,4131.95,1,103.29875,0,0,1,0,0,0,0,0,0,1,0,0
3482-ABPKK,1,0,0,0,28,1,No,Yes,No,No,Yes,No,No,0,54.3,1546.3,0,55.225,1,0,0,0,0,0,1,0,1,0,0,0
6705-LXORM,1,1,1,0,5,1,No,No,No,No,No,No,No,0,70.05,302.6,0,60.52,0,0,1,0,0,1,0,0,0,0,0,0
0257-ZESQC,1,1,1,0,27,1,No,Yes,No,No,No,No,No,1,75.2,1929.35,1,71.4574074074074,0,0,1,0,0,0,0,0,1,0,0,0
7531-GQHME,0,0,0,0,12,1,No,No internet service,No internet service,No internet service,No internet service,No internet service,No internet service,0,20.05,265.45,0,22.120833333333334,0,0,0,1,1,0,0,0,0,0,0,0
5174-ITUMV,0,0,1,1,67,1,Yes,No,Yes,Yes,No,Yes,Yes,1,105.4,6989.45,0,104.32014925373134,1,0,1,0,0,1,0,0,0,0,0,1
4109-CYRBD,0,1,1,0,29,1,Yes,No,No,No,No,No,No,1,51.6,1442.0,0,49.724137931034484,0,0,0,0,0,1,0,0,1,0,0,0
0913-XWSCN,0,0,1,1,55,1,Yes,No,No,No,No,No,Yes,0,85.5,4713.4,0,85.69818181818181,0,0,1,0,0,0,0,0,0,0,1,0
6825-UYPFK,1,0,0,0,23,1,Yes,No,No,No,No,No,No,0,75.6,1758.6,1,76.4608695652174,0,0,1,0,0,0,0,1,0,0,0,0
8397-MVTAZ,0,0,1,0,34,1,Yes,No,No,Yes,No,Yes,Yes,1,100.05,3480.0,1,102.3529411764706,0,0,1,0,0,1,0,0,1,0,0,0
0750-EBAIU,0,0,0,0,52,1,No,Yes,No,Yes,No,Yes,No,0,91.25,4738.3,0,91.12115384615385,1,0,1,0,0,1,0,0,0,0,1,0
8606-CIQUL,0,1,1,1,72,1,Yes,Yes,Yes,Yes,Yes,Yes,Yes,1,115.75,8399.15,0,116.6548611111111,0,1,1,0,1,0,0,0,0,0,0,1
3571-DPYUH,0,0,1,1,58,1,Yes,No,Yes,No,Yes,Yes,No,1,94.7,5430.35,0,93.62672413793103,1,0,1,0,1,0,0,0,0,0,1,0
7601-GNDYK,0,0,1,1,35,1,No,No internet service,No internet service,No internet service,No internet service,No internet service,No internet service,0,19.6,686.95,0,19.627142857142857,0,1,0,1,0,0,1,0,1,0,0,0
0356-OBMAC,1,1,0,0,56,1,Yes,No,Yes,Yes,Yes,Yes,No,1,99.9,5706.3,0,101.89821428571429,0,1,1,0,0,0,0,0,0,0,1,0
8067-NIOYM,1,0,1,1,24,1,No,No internet service,No internet service,No internet service,No internet service,No internet service,No internet service,1,21.1,490.65,0,20.443749999999998,0,1,0,1,1,0,0,1,0,0,0,0
1403-GYAFU,0,0,1,1,70,1,No,No internet service,No internet service,No internet service,No internet service,No internet service,No internet service,0,20.05,1360.25,0,19.432142857142857,0,1,0,1,1,0,0,0,0,0,0,1
4234-XTNEA,0,0,0,0,2,1,No,No,No,No,No,Yes,No,1,79.95,174.45,0,87.225,0,0,1,0,0,1,0,0,0,0,0,0
1297-VQDRP,0,1,1,1,68,1,Yes,No,No,Yes,Yes,Yes,Yes,1,107.15,7379.8,0,108.5264705882353,1,0,1,0,1,0,0,0,0,0,0,1
9282-IZGQK,1,0,0,0,1,1,Yes,No,No,No,No,No,Yes,1,85.0,85.0,1,85.0,0,0,1,0,0,1,0,0,0,0,0,0
5348-CAGXB,0,0,0,0,12,1,Yes,No,No,Yes,No,Yes,No,1,89.55,1021.75,0,85.14583333333333,0,0,1,0,0,1,0,0,0,0,0,0
0621-HJWXJ,1,0,1,0,63,1,Yes,No,Yes,No,No,No,No,1,81.55,5029.05,0,79.82619047619048,0,0,1,0,0,0,0,0,0,0,0,1
5844-QVTAT,1,0,1,1,33,1,No,Yes,Yes,Yes,No,No,No,1,58.45,1955.4,0,59.25454545454546,1,0,0,0,0,0,1,0,1,0,0,0
8905-IAZPF,1,0,1,0,69,1,No,No,Yes,No,No,Yes,Yes,1,95.65,6744.2,0,97.74202898550725,1,0,1,0,1,0,0,0,0,0,0,1
5394-MEITZ,1,0,1,1,60,1,No,No,Yes,Yes,Yes,Yes,Yes,1,80.6,4946.7,0,82.445,0,1,0,0,0,0,0,0,0,0,1,0
6859-QNXIQ,1,0,1,1,72,1,Yes,Yes,Yes,Yes,Yes,Yes,Yes,1,113.1,8248.5,0,114.5625,0,1,1,0,0,0,0,0,0,0,0,1
2782-LFZVW,1,0,0,0,11,1,Yes,No,No,No,No,No,Yes,1,58.95,601.6,0,54.690909090909095,0,0,0,0,0,0,1,0,0,0,0,0
2866-IKBTM,1,0,0,0,1,1,No,No internet service,No internet service,No internet service,No internet service,No internet service,No internet service,0,19.55,19.55,0,19.55,0,0,0,1,0,0,1,0,0,0,0,0
1342-JPNKI,0,0,0,0,10,1,Yes,No,No,No,No,Yes,No,1,86.05,834.1,1,83.41,0,0,1,0,0,0,0,0,0,0,0,0
2817-NTQDO,0,0,0,0,13,0,No phone service,Yes,No,No,Yes,Yes,No,1,45.55,597.0,1,45.92307692307692,0,0,0,0,1,0,0,1,0,0,0,0
7129-AZJDE,0,0,1,1,34,1,No,No,No,No,No,No,Yes,1,78.95,2647.2,0,77.85882352941177,1,0,1,0,0,0,0,0,1,0,0,0
6986-IJDHX,0,0,1,1,39,1,No,No,Yes,No,No,Yes,No,1,86.3,3266.0,1,83.74358974358974,0,0,1,0,0,0,1,0,0,1,0,0
2560-PPCHE,1,0,0,0,65,1,Yes,No,Yes,No,Yes,Yes,Yes,1,105.05,6744.25,0,103.75769230769231,1,0,1,0,0,0,0,0,0,0,0,1
4676-MQUEA,0,1,1,0,50,1,Yes,Yes,Yes,Yes,No,Yes,No,1,101.9,5265.5,0,105.31,1,0,1,0,0,0,0,0,0,0,1,0
8138-EALND,0,0,0,0,15,1,No,No internet service,No internet service,No internet service,No internet service,No internet service,No internet service,0,19.75,311.6,0,20.773333333333333,0,0,0,1,0,0,1,1,0,0,0,0
3580-HYCSP,0,0,1,1,72,1,Yes,Yes,Yes,Yes,No,Yes,Yes,1,110.3,7966.9,0,110.65138888888889,0,1,1,0,0,0,0,0,0,0,0,1
1352-HNSAW,1,0,1,1,72,1,Yes,Yes,Yes,Yes,Yes,Yes,Yes,1,115.6,8220.4,0,114.17222222222222,0,1,1,0,0,0,0,0,0,0,0,1
2075-PUEPR,0,0,1,1,55,1,No,No internet service,No internet service,No internet service,No internet service,No internet service,No internet service,0,19.35,1153.25,0,20.96818181818182,0,1,0,1,0,0,0,0,0,0,1,0
1982-FEBTD,1,0,1,1,23,1,Yes,No internet service,No internet service,No internet service,No internet service,No internet service,No internet service,1,25.6,514.75,0,22.380434782608695,0,1,0,1,1,0,0,1,0,0,0,0
5301-GAUUY,0,0,0,0,32,1,Yes,No,Yes,No,No,No,No,1,80.35,2596.15,1,81.1296875,0,0,1,0,0,0,0,0,1,0,0,0
5791-KAJFD,1,0,1,1,56,1,Yes,Yes,No,Yes,No,No,Yes,1,68.75,3808.0,0,68.0,1,0,0,0,0,0,0,0,0,0,1,0
2654-VBVPB,1,0,0,0,1,1,No,No internet service,No internet service,No internet service,No internet service,No internet service,No internet service,0,19.9,19.9,0,19.9,0,0,0,1,0,0,0,0,0,0,0,0
1154-HYWWO,0,0,0,0,38,1,No,Yes,Yes,No,Yes,Yes,No,0,70.6,2708.2,0,71.26842105263158,1,0,0,0,0,0,1,0,0,1,0,0
2501-XWWTZ,0,0,0,0,11,1,No,No,No,No,No,No,No,0,70.2,760.05,0,69.09545454545454,0,0,1,0,0,1,0,0,0,0,0,0
3716-UVSPD,0,0,0,0,1,1,No,No,No,No,Yes,No,No,1,49.3,49.3,0,49.3,0,0,0,0,0,1,0,0,0,0,0,0
6815-ABQFQ,0,0,1,0,56,1,Yes,No,Yes,No,Yes,Yes,Yes,1,107.25,6033.3,0,107.7375,1,0,1,0,0,1,0,0,0,0,1,0
7343-EOBEU,0,0,1,0,3,1,Yes,No internet service,No internet service,No internet service,No internet service,No internet service,No internet service,1,23.6,89.05,0,29.683333333333334,0,0,0,1,0,0,1,0,0,0,0,0
3701-SFMUH,0,0,1,1,7,1,No,Yes,No,No,No,Yes,Yes,0,69.7,516.15,0,73.73571428571428,0,0,0,0,1,0,0,0,0,0,0,0
6103-LIANB,0,0,1,1,59,1,Yes,No,No,Yes,No,Yes,Yes,1,99.5,5861.75,0,99.35169491525424,0,1,1,0,1,0,0,0,0,0,1,0
7319-VENRZ,0,0,0,0,7,1,No,No,No,Yes,Yes,Yes,No,0,64.3,445.95,0,63.707142857142856,0,0,0,0,0,0,0,0,0,0,0,0
5846-NEQVZ,0,0,1,1,71,1,No,Yes,No,Yes,Yes,No,Yes,1,70.85,4973.4,0,70.04788732394366,0,1,0,0,1,0,0,0,0,0,0,1
6967-QIQRV,0,0,1,1,15,1,No,Yes,No,No,Yes,Yes,Yes,0,101.9,1667.25,0,111.15,1,0,1,0,0,1,0,1,0,0,0,0
5781-RFZRP,0,0,1,0,71,1,Yes,Yes,Yes,No,Yes,Yes,No,0,73.5,5357.75,0,75.46126760563381,0,1,0,0,1,0,0,0,0,0,0,1
0939-YAPAF,1,0,0,0,35,1,Yes,No,No,Yes,No,Yes,Yes,1,100.25,3527.6,1,100.78857142857143,0,0,1,0,0,1,0,0,1,0,0,0
0308-IVGOK,1,0,0,0,11,0,No phone service,No,Yes,Yes,Yes,No,No,1,40.4,422.6,0,38.41818181818182,1,0,0,0,1,0,0,0,0,0,0,0
7293-LSCDV,1,0,1,1,60,1,No,No internet service,No internet service,No internet service,No internet service,No internet service,No internet service,1,19.25,1103.25,0,18.3875,0,1,0,1,1,0,0,0,0,0,1,0
7025-WCBNE,0,1,0,0,47,1,Yes,No,Yes,No,Yes,No,No,0,59.6,2754.0,0,58.59574468085106,0,1,0,0,0,0,0,0,0,1,0,0
5756-JYOJT,1,0,0,0,11,1,No,No,No,Yes,Yes,No,Yes,0,64.9,697.25,0,63.38636363636363,1,0,0,0,1,0,0,0,0,0,0,0
4710-FDUIZ,0,0,1,0,56,1,Yes,No,Yes,No,No,Yes,Yes,0,100.3,5614.45,1,100.25803571428571,1,0,1,0,1,0,0,0,0,0,1,0
6030-REHUX,1,1,1,0,28,1,Yes,No,Yes,Yes,Yes,Yes,Yes,1,110.85,3204.4,0,114.44285714285715,0,0,1,0,0,1,0,0,1,0,0,0
9548-LIGTA,0,0,1,0,61,1,No,Yes,Yes,No,Yes,Yes,Yes,1,81.05,4747.65,0,77.83032786885245,0,1,0,0,0,0,1,0,0,0,0,1
5150-LJNSR,0,0,1,1,31,1,Yes,Yes,No,Yes,No,Yes,No,0,98.05,3082.1,0,99.42258064516129,1,0,1,0,0,0,0,0,1,0,0,0
8270-RKSAP,0,0,0,0,9,1,No,No,No,No,No,No,No,1,70.5,597.9,0,66.43333333333334,0,0,1,0,0,1,0,0,0,0,0,0
6522-YRBXD,0,1,1,0,35,1,Yes,Yes,Yes,No,No,No,Yes,1,94.55,3365.4,0,96.15428571428572,0,0,1,0,0,1,0,0,1,0,0,0
2640-LYMOV,0,0,0,0,2,1,No,No internet service,No internet service,No internet service,No internet service,No internet service,No internet service,1,19.65,38.8,0,19.4,0,0,0,1,0,0,1,0,0,0,0,0
1218-VKFPE,1,0,1,1,12,1,No,No internet service,No internet service,No internet service,No internet service,No internet service,No internet service,0,19.0,233.55,1,19.462500000000002,0,0,0,1,0,0,1,0,0,0,0,0
3627-FHKBK,1,0,0,0,1,1,No,Yes,No,No,No,No,No,0,75.3,75.3,1,75.3,0,0,1,0,0,0,1,0,0,0,0,0
2865-TCHJW,1,1,0,0,4,1,Yes,No,No,Yes,No,Yes,No,1,89.2,346.2,1,86.55,0,0,1,0,0,1,0,0,0,0,0,0
1423-BMPBQ,1,0,1,1,1,1,No,No internet service,No internet service,No internet service,No internet service,No internet service,No internet service,1,19.0,19.0,0,19.0,0,0,0,1,0,0,1,0,0,0,0,0
2393-DIVAI,1,0,0,0,3,1,No,No internet service,No internet service,No internet service,No internet service,No internet service,No internet service,1,20.0,61.7,0,20.566666666666666,0,0,0,1,0,0,1,0,0,0,0,0
5192-EBGOV,1,1,0,0,1,1,Yes,No,No,No,No,Yes,No,1,85.7,85.7,1,85.7,0,0,1,0,0,1,0,0,0,0,0,0
4568-KNYWR,0,0,0,0,52,1,No,Yes,Yes,No,No,Yes,No,1,63.25,3342.45,0,64.27788461538461,0,1,0,0,1,0,0,0,0,0,1,0
8752-IMQOS,0,0,1,1,5,1,No,No internet service,No internet service,No internet service,No internet service,No internet service,No internet service,0,20.1,85.1,0,17.02,1,0,0,1,0,0,1,0,0,0,0,0
0742-LAFQK,0,0,1,0,72,1,Yes,Yes,Yes,Yes,No,No,Yes,1,99.15,7422.1,0,103.08472222222223,0,1,1,0,0,1,0,0,0,0,0,1
0795-LAFGP,0,0,1,1,71,1,Yes,Yes,Yes,Yes,Yes,Yes,Yes,0,90.4,6668.05,0,93.91619718309859,0,1,0,0,0,1,0,0,0,0,0,1
0619-OLYUR,0,0,1,0,72,1,Yes,Yes,No,Yes,Yes,Yes,Yes,1,111.9,8071.05,0,112.09791666666666,0,1,1,0,1,0,0,0,0,0,0,1
5512-IDZEI,0,0,1,1,46,1,Yes,No internet service,No internet service,No internet service,No internet service,No internet service,No internet service,0,24.9,1174.8,0,25.539130434782606,1,0,0,1,0,1,0,0,0,1,0,0
0459-SPZHJ,0,0,1,1,63,1,Yes,Yes,Yes,Yes,No,Yes,Yes,0,83.5,5435.0,0,86.26984126984127,0,1,0,0,1,0,0,0,0,0,0,1
0215-BQKGS,0,0,0,0,30,1,No,Yes,Yes,Yes,No,No,No,1,84.3,2438.6,0,81.28666666666666,0,0,1,0,1,0,0,0,1,0,0,0
9244-ZVAPM,0,0,0,0,1,1,No,No,No,No,No,No,No,0,45.6,45.6,0,45.6,0,0,0,0,0,0,1,0,0,0,0,0
0719-SYFRB,1,0,0,0,12,1,Yes,Yes,No,Yes,Yes,No,No,1,61.65,713.75,1,59.479166666666664,0,0,0,0,0,0,1,0,0,0,0,0
8208-EUMTE,0,0,0,0,16,0,No phone service,Yes,Yes,Yes,Yes,Yes,No,0,54.85,916.15,0,57.259375,0,1,0,0,0,0,1,1,0,0,0,0
5172-MIGPM,0,0,0,0,4,1,Yes,No,No,No,Yes,No,Yes,0,65.55,237.2,0,59.3,0,0,0,0,0,0,1,0,0,0,0,0
1710-RCXUS,0,0,1,0,51,1,Yes,No,Yes,No,No,No,Yes,1,90.35,4614.55,0,90.48137254901961,1,0,1,0,1,0,0,0,0,0,1,0
0374-FIUCA,0,0,1,0,65,1,No,No internet service,No internet service,No internet service,No internet service,No internet service,No internet service,1,20.4,1414.45,0,21.76076923076923,0,1,0,1,1,0,0,0,0,0,0,1
5839-SUYVZ,0,0,0,0,16,1,No,No,No,No,Yes,No,No,1,74.55,1170.5,0,73.15625,0,0,1,0,1,0,0,1,0,0,0,0
5173-ZXXXL,0,0,0,0,2,1,No,No internet service,No internet service,No internet service,No internet service,No internet service,No internet service,0,19.95,47.7,0,23.85,1,0,0,1,0,0,1,0,0,0,0,0
1096-ADRUX,1,0,1,1,66,1,Yes,No,No,No,No,No,No,1,74.25,4859.25,0,73.625,1,0,1,0,0,0,0,0,0,0,0,1
2001-MCUUW,0,0,0,0,46,1,Yes,No,Yes,Yes,Yes,Yes,Yes,0,108.65,4903.2,0,106.59130434782608,0,1,1,0,0,1,0,0,0,1,0,0
2731-GJRDG,1,0,0,0,32,1,Yes,Yes,No,Yes,Yes,Yes,Yes,1,109.55,3608.0,0,112.75,1,0,1,0,0,0,0,0,1,0,0,0
4723-BEGSG,0,0,1,0,72,1,Yes,Yes,No,Yes,Yes,Yes,Yes,0,86.65,6094.25,0,84.64236111111111,0,1,0,0,1,0,0,0,0,0,0,1
6516-NKQBO,0,0,1,1,38,1,No,Yes,No,Yes,Yes,Yes,Yes,0,81.0,3084.9,0,81.18157894736842,0,1,0,0,1,0,0,0,0,1,0,0
8672-OAUPW,0,0,0,1,51,1,No,No,No,No,Yes,No,No,0,47.85,2356.75,0,46.21078431372549,1,0,0,0,1,0,0,0,0,0,1,0
8207-DMRVL,0,0,1,1,72,1,Yes,Yes,Yes,Yes,Yes,Yes,Yes,0,114.55,8306.05,0,115.36180555555555,0,1,1,0,0,0,0,0,0,0,0,1
3419-SNJJD,1,1,1,0,65,1,Yes,Yes,No,Yes,No,Yes,Yes,0,105.25,6786.4,1,104.40615384615384,0,0,1,0,0,0,0,0,0,0,0,1
6543-CPZMK,0,0,1,1,9,0,No phone service,No,Yes,No,No,No,No,1,29.95,248.95,1,27.66111111111111,0,0,0,0,0,1,0,0,0,0,0,0
4765-OXPPD,1,0,1,1,9,1,No,Yes,Yes,Yes,Yes,No,No,0,65.0,663.05,1,73.67222222222222,0,0,0,0,0,0,1,0,0,0,0,0
2804-ETQDK,0,0,0,1,66,1,No,No internet service,No internet service,No internet service,No internet service,No internet service,No internet service,0,20.55,1357.1,0,20.562121212121212,0,1,0,1,0,0,1,0,0,0,0,1
6689-VRRTK,1,1,0,0,44,1,Yes,Yes,Yes,Yes,No,Yes,Yes,1,109.8,4860.35,0,110.4625,1,0,1,0,1,0,0,0,0,1,0,0
7138-GIRSH,0,0,0,0,50,1,Yes,No,No,Yes,Yes,No,Yes,0,69.5,3418.2,0,68.36399999999999,0,1,0,0,0,0,0,0,0,0,1,0
9396-ZSFLL,1,0,0,0,15,1,Yes,No,No,No,No,No,No,0,48.85,631.4,0,42.093333333333334,0,0,0,0,0,0,1,1,0,0,0,0
6464-KEXXH,0,0,0,0,8,0,No phone service,No,No,No,No,No,No,1,25.25,186.3,0,23.2875,0,0,0,0,1,0,0,0,0,0,0,0
7134-MJPDY,1,1,0,0,66,1,Yes,No,No,Yes,Yes,Yes,Yes,1,102.85,6976.75,0,105.70833333333333,1,0,1,0,1,0,0,0,0,0,0,1
5240-CAOYT,1,0,0,0,57,1,Yes,Yes,Yes,No,Yes,No,No,1,87.55,4884.85,0,85.69912280701755,0,0,1,0,0,0,0,0,0,0,1,0
4059-IIEBK,1,0,0,0,7,1,Yes,No,Yes,No,No,No,No,1,78.55,522.95,0,74.70714285714287,0,0,1,0,0,0,0,0,0,0,0,0
4881-JVQOD,0,1,1,1,10,0,No phone service,No,No,No,No,No,Yes,1,34.55,362.6,0,36.260000000000005,0,0,0,0,0,0,0,0,0,0,0,0
0516-UXRMT,1,0,0,0,62,1,Yes,Yes,Yes,Yes,No,No,No,1,92.05,5755.8,0,92.83548387096775,1,0,1,0,0,1,0,0,0,0,0,1
4851-BQDNX,0,0,1,1,40,1,No,No,No,Yes,No,Yes,No,1,85.05,3355.65,0,83.89125,1,0,1,0,0,1,0,0,0,1,0,0
5148-HKFIR,1,0,0,0,20,1,No,No internet service,No internet service,No internet service,No internet service,No internet service,No internet service,0,19.7,406.95,0,20.3475,0,1,0,1,0,0,1,1,0,0,0,0
1009-IRMNA,1,0,0,0,7,1,No,No internet service,No internet service,No internet service,No internet service,No internet service,No internet service,0,20.0,137.6,1,19.657142857142855,0,0,0,1,0,0,0,0,0,0,0,0
3003-CMDUU,1,0,1,0,25,1,No,No,No,No,Yes,Yes,Yes,1,95.15,2395.7,0,95.82799999999999,0,0,1,0,0,1,0,0,1,0,0,0
5016-IBERQ,0,0,1,0,23,1,Yes,No,Yes,Yes,No,No,No,0,84.25,1968.1,0,85.5695652173913,0,0,1,0,0,1,0,1,0,0,0,0
6797-UCJHZ,1,1,1,0,66,1,Yes,No,Yes,Yes,No,Yes,Yes,0,104.6,6819.45,0,103.325,1,0,1,0,1,0,0,0,0,0,0,1
2469-DTSGX,1,1,0,0,72,1,Yes,No,Yes,Yes,Yes,Yes,Yes,0,111.65,7943.45,0,110.32569444444444,0,1,1,0,0,1,0,0,0,0,0,1
4554-YGZIH,0,1,1,0,49,1,Yes,No,Yes,No,No,No,Yes,0,90.05,4547.25,1,92.80102040816327,0,0,1,0,1,0,0,0,0,0,1,0
5099-BAILX,0,1,1,1,43,1,Yes,No,Yes,Yes,Yes,Yes,Yes,1,110.75,4687.9,1,109.02093023255813,0,0,1,0,0,0,0,0,0,1,0,0
9931-KGHOA,1,0,1,0,46,1,Yes,Yes,No,No,No,No,No,0,55.0,2473.95,0,53.78152173913043,0,0,0,0,0,0,0,0,0,1,0,0
1775-KWJKQ,0,0,1,1,72,1,Yes,Yes,Yes,Yes,Yes,Yes,Yes,0,89.85,6562.9,0,91.15138888888889,0,1,0,0,1,0,0,0,0,0,0,1
7665-VIGUD,0,0,0,0,10,1,No,No internet service,No internet service,No internet service,No internet service,No internet service,No internet service,0,20.35,176.3,0,17.630000000000003,1,0,0,1,0,0,1,0,0,0,0,0
9411-TPQQV,1,0,0,0,40,0,No phone service,Yes,No,No,Yes,Yes,Yes,1,54.55,2236.2,0,55.904999999999994,1,0,0,0,0,0,0,0,0,1,0,0
7207-RMRDB,1,0,1,1,65,1,Yes,No,Yes,Yes,No,Yes,Yes,1,105.5,6985.65,1,107.47153846153846,0,0,1,0,0,1,0,0,0,0,0,1
7954-MLBUN,0,0,0,0,31,1,No,No,No,Yes,Yes,Yes,Yes,0,99.45,3109.9,0,100.31935483870969,0,1,1,0,0,0,0,0,1,0,0,0
2077-DDHJK,1,0,1,0,68,1,Yes,Yes,Yes,Yes,Yes,No,No,0,70.9,4911.35,0,72.22573529411765,0,1,0,0,1,0,0,0,0,0,0,1
4913-EHYUI,0,1,1,1,56,1,Yes,Yes,No,Yes,No,Yes,Yes,1,104.55,5794.65,1,103.47589285714285,1,0,1,0,0,0,0,0,0,0,1,0
0195-IESCP,0,0,1,0,10,1,Yes,No,No,No,No,No,Yes,1,85.25,855.3,1,85.53,0,0,1,0,0,1,0,0,0,0,0,0
9574-BOSMD,0,0,1,1,68,1,Yes,No internet service,No internet service,No internet service,No internet service,No internet service,No internet service,0,25.4,1620.2,0,23.826470588235296,0,1,0,1,0,0,0,0,0,0,0,1
4580-TMHJU,1,0,1,1,43,1,No,No,No,No,No,Yes,No,0,56.15,2499.3,1,58.12325581395349,0,0,0,0,0,1,0,0,0,1,0,0
0970-ETWGE,0,0,0,0,1,1,No,No,No,No,No,Yes,Yes,1,89.55,89.55,1,89.55,0,0,1,0,0,1,0,0,0,0,0,0
4908-XAXAY,1,1,0,0,49,1,No,No,Yes,Yes,No,No,Yes,1,89.85,4287.2,0,87.4938775510204,1,0,1,0,0,0,0,0,0,0,1,0
8404-VLQFB,1,0,1,1,15,1,Yes,No internet service,No internet service,No internet service,No internet service,No internet service,No internet service,1,25.25,394.85,0,26.323333333333334,0,0,0,1,0,1,0,1,0,0,0,0
1626-ERCMM,0,1,1,0,20,1,Yes,No,No,No,No,Yes,Yes,1,94.55,1899.65,1,94.9825,0,0,1,0,0,1,0,1,0,0,0,0
0887-HJGAR,0,0,0,0,1,1,No,No,No,No,No,No,No,1,45.7,45.7,1,45.7,0,0,0,0,0,0,1,0,0,0,0,0
2391-IPLOP,0,0,1,1,50,1,Yes,No,No,Yes,Yes,Yes,No,1,69.65,3442.15,0,68.843,1,0,0,0,0,1,0,0,0,0,1,0
5644-PDMZC,1,1,0,0,2,1,Yes,No,Yes,No,No,No,Yes,0,89.5,161.5,1,80.75,0,0,1,0,0,1,0,0,0,0,0,0
3509-GWQGF,0,1,0,0,24,1,No,No,No,No,No,No,No,0,70.0,1732.6,0,72.19166666666666,0,0,1,0,1,0,0,1,0,0,0,0
9576-ANLXO,1,0,0,0,3,1,No,No,No,No,No,No,No,1,69.55,222.3,1,74.10000000000001,0,0,1,0,0,0,0,0,0,0,0,0
2024-BASKD,1,0,0,0,1,1,No,No,No,Yes,No,No,No,1,74.6,74.6,1,74.6,0,0,1,0,0,0,1,0,0,0,0,0
5845-BZZIB,0,0,1,1,35,1,No,No internet service,No internet service,No internet service,No internet service,No internet service,No internet service,0,20.1,655.3,0,18.72285714285714,0,1,0,1,0,0,1,0,1,0,0,0
1140-UKVZG,1,0,0,0,17,1,Yes,No internet service,No internet service,No internet service,No internet service,No internet service,No internet service,0,24.8,475.25,0,27.955882352941178,0,0,0,1,0,0,1,1,0,0,0,0
4160-AMJTL,1,1,0,0,8,1,No,No internet service,No internet service,No internet service,No internet service,No internet service,No internet service,0,19.65,164.3,1,20.5375,0,0,0,1,0,1,0,0,0,0,0,0
5183-SNMJQ,0,0,0,0,10,1,No,No,No,No,Yes,Yes,Yes,1,95.1,865.1,0,86.51,0,0,1,0,1,0,0,0,0,0,0,0
8100-PNJMH,0,0,1,1,68,1,Yes,Yes,Yes,Yes,Yes,Yes,Yes,1,88.85,6132.7,0,90.18676470588235,0,1,0,0,1,0,0,0,0,0,0,1
7838-LAZFO,0,0,1,0,45,1,No,Yes,Yes,Yes,No,Yes,Yes,0,78.8,3597.5,0,79.94444444444444,1,0,0,0,0,0,0,0,0,1,0,0
4464-JCOLN,0,0,1,1,2,1,No,No internet service,No internet service,No internet service,No internet service,No internet service,No internet service,0,19.85,35.9,1,17.95,1,0,0,1,0,0,1,0,0,0,0,0
2085-JVGAD,0,0,1,0,37,1,No,No internet service,No internet service,No internet service,No internet service,No internet service,No internet service,0,20.35,697.65,0,18.855405405405406,0,0,0,1,0,0,0,0,0,1,0,0
5650-VDUDS,1,0,0,0,4,0,No phone service,No,No,No,No,No,No,1,24.25,96.05,1,24.0125,0,0,0,0,0,0,1,0,0,0,0,0
8095-WANWK,1,0,0,0,10,1,No,No,No,No,No,No,No,0,45.25,428.7,0,42.87,0,0,0,0,0,0,1,0,0,0,0,0
3030-ZKIWL,0,0,0,0,1,1,No,No internet service,No internet service,No internet service,No internet service,No internet service,No internet service,0,20.05,20.05,0,20.05,0,0,0,1,0,0,1,0,0,0,0,0
9565-FLVCG,0,0,1,1,65,1,Yes,Yes,Yes,No,No,No,Yes,1,69.55,4459.15,0,68.60230769230769,0,1,0,0,0,0,1,0,0,0,0,1
8755-OGKNA,1,0,1,1,57,1,No,No internet service,No internet service,No internet service,No internet service,No internet service,No internet service,0,19.5,1167.6,0,20.48421052631579,0,1,0,1,0,0,0,0,0,0,1,0
2800-VEQXM,1,0,0,0,3,1,No,No,No,Yes,No,No,No,1,74.75,238.1,0,79.36666666666666,0,0,1,0,0,0,1,0,0,0,0,0
7538-GWHML,1,0,0,0,2,1,No,No,No,No,No,No,No,0,69.65,145.15,1,72.575,0,0,1,0,0,1,0,0,0,0,0,0
5533-RJFTJ,0,0,0,0,49,0,No phone service,No,No,Yes,No,No,No,1,30.2,1453.1,0,29.655102040816324,0,0,0,0,0,0,0,0,0,0,1,0
3859-CVCET,1,0,0,0,4,1,No,No,No,No,No,No,No,0,45.65,191.05,1,47.7625,0,0,0,0,0,0,1,0,0,0,0,0
0214-JHPFW,1,0,1,0,70,0,No phone service,No,Yes,Yes,Yes,Yes,Yes,0,57.8,4039.3,0,57.70428571428572,0,1,0,0,0,0,0,0,0,0,0,1
5642-MHDQT,1,0,1,1,53,1,No,No internet service,No internet service,No internet service,No internet service,No internet service,No internet service,1,19.85,1039.45,0,19.612264150943396,1,0,0,1,0,0,0,0,0,0,1,0
3088-FVYWK,0,0,1,1,53,1,Yes,No internet service,No internet service,No internet service,No internet service,No internet service,No internet service,0,25.55,1336.1,0,25.20943396226415,0,1,0,1,1,0,0,0,0,0,1,0
3276-HDUEG,1,0,0,0,1,1,Yes,No,No,No,No,No,No,1,75.05,75.05,1,75.05,0,0,1,0,0,0,1,0,0,0,0,0
9092-GDZKO,0,0,0,0,22,1,Yes,No internet service,No internet service,No internet service,No internet service,No internet service,No internet service,1,24.85,493.4,0,22.427272727272726,0,0,0,1,1,0,0,1,0,0,0,0
0823-HSCDJ,0,1,0,0,52,0,No phone service,No,Yes,No,No,Yes,Yes,1,49.15,2550.9,1,49.05576923076923,0,0,0,0,0,1,0,0,0,0,1,0
3729-OWRVL,0,1,0,0,65,1,Yes,Yes,No,Yes,Yes,Yes,Yes,1,110.35,7246.15,0,111.47923076923077,0,1,1,0,0,1,0,0,0,0,0,1
2324-AALNO,1,0,0,0,48,1,Yes,No internet service,No internet service,No internet service,No internet service,No internet service,No internet service,0,24.55,1203.95,0,25.082291666666666,1,0,0,1,0,0,0,0,0,1,0,0
0822-GAVAP,1,0,0,0,2,0,No phone service,No,No,No,No,No,Yes,1,34.7,62.25,1,31.125,0,0,0,0,0,1,0,0,0,0,0,0
5760-IFJOZ,0,0,0,0,3,1,Yes,No,Yes,Yes,No,Yes,Yes,0,107.95,313.6,0,104.53333333333335,0,0,1,0,0,0,1,0,0,0,0,0
2826-UWHIS,0,0,1,0,45,1,Yes,No,Yes,No,No,No,No,0,81.4,3775.85,0,83.90777777777778,0,0,1,0,0,0,0,0,0,1,0,0
1448-PWKYE,0,0,1,1,1,1,No,No,No,No,No,No,Yes,0,80.0,80.0,1,80.0,0,0,1,0,0,1,0,0,0,0,0,0
7501-IWUNG,1,0,1,1,61,1,No,No,No,Yes,Yes,Yes,Yes,1,73.8,4616.05,0,75.67295081967214,0,1,0,0,0,0,0,0,0,0,0,1
4957-TREIR,0,0,0,0,3,1,No,Yes,No,No,Yes,Yes,No,1,64.4,195.65,0,65.21666666666667,0,0,0,0,1,0,0,0,0,0,0,0
7251-LJBQN,1,1,0,0,40,1,Yes,No,No,Yes,Yes,Yes,Yes,1,103.75,4188.4,0,104.71,1,0,1,0,1,0,0,0,0,1,0,0
8040-MNRTF,1,0,0,0,1,1,No,No,No,No,No,No,No,0,71.1,71.1,0,71.1,0,0,1,0,0,0,1,0,0,0,0,0
1536-HBSWP,1,0,0,0,1,1,No,No,No,No,Yes,No,No,1,49.9,49.9,0,49.9,0,0,0,0,0,1,0,0,0,0,0,0
5313-FPXWG,0,0,0,0,51,1,Yes,No internet service,No internet service,No internet service,No internet service,No internet service,No internet service,1,24.6,1266.4,0,24.83137254901961,1,0,0,1,0,0,0,0,0,0,1,0
0067-DKWBL,0,1,0,0,2,1,No,Yes,No,No,No,No,No,1,49.25,91.1,1,45.55,0,0,0,0,0,1,0,0,0,0,0,0
0946-FKYTX,0,0,0,0,52,0,No phone service,No,Yes,No,No,No,No,0,30.1,1623.4,0,31.21923076923077,1,0,0,0,0,0,1,0,0,0,1,0
5076-YVXCM,0,0,0,0,51,1,Yes,No,No,No,No,No,Yes,0,83.4,4149.45,0,81.36176470588235,0,0,1,0,0,0,0,0,0,0,1,0
8262-COGGB,0,0,0,0,1,1,No,No internet service,No internet service,No internet service,No internet service,No internet service,No internet service,1,20.45,20.45,0,20.45,0,0,0,1,0,0,1,0,0,0,0,0
6663-JOCQO,0,0,1,1,31,1,Yes,Yes,Yes,No,Yes,No,Yes,1,75.25,2344.5,0,75.62903225806451,1,0,0,0,0,0,0,0,1,0,0,0
9620-QJREV,0,0,0,1,47,1,No,No internet service,No internet service,No internet service,No internet service,No internet service,No internet service,0,20.55,1013.05,0,21.554255319148936,1,0,0,1,1,0,0,0,0,1,0,0
2276-YDAVZ,1,0,0,0,3,1,Yes,No,No,No,No,No,No,1,75.1,270.7,1,90.23333333333333,0,0,1,0,1,0,0,0,0,0,0,0
2682-KEVRP,1,1,0,0,22,1,No,No internet service,No internet service,No internet service,No internet service,No internet service,No internet service,1,20.05,417.0,0,18.954545454545453,1,0,0,1,0,0,1,1,0,0,0,0
2480-JZOSN,1,0,1,0,1,1,No,No internet service,No internet service,No internet service,No internet service,No internet service,No internet service,1,20.65,20.65,0,20.65,0,0,0,1,0,0,1,0,0,0,0,0
0078-XZMHT,0,0,1,0,72,1,Yes,No,Yes,Yes,Yes,Yes,Yes,1,85.15,6316.2,0,87.725,0,1,0,0,0,0,0,0,0,0,0,1
5896-NPFWW,0,0,1,1,3,1,No,No,No,Yes,No,No,No,1,50.15,168.15,1,56.050000000000004,0,0,0,0,0,1,0,0,0,0,0,0
9978-HYCIN,0,1,1,1,47,1,No,No,Yes,No,No,Yes,No,1,84.95,4018.05,0,85.4904255319149,1,0,1,0,0,0,0,0,0,1,0,0
8338-QIUNR,0,0,1,1,72,1,Yes,Yes,No,Yes,Yes,No,No,1,66.5,4811.6,0,66.82777777777778,0,1,0,0,1,0,0,0,0,0,0,1
1525-LNLOJ,0,0,1,1,66,1,Yes,No,No,Yes,No,Yes,No,1,63.3,4189.7,0,63.48030303030303,0,1,0,0,0,0,0,0,0,0,0,1
9450-TRJUU,0,0,0,0,35,1,Yes,No,No,No,No,Yes,No,0,83.15,2848.45,0,81.38428571428571,0,0,1,0,0,1,0,0,1,0,0,0
1766-GKNMI,0,0,0,0,29,1,Yes,No,No,No,No,No,Yes,1,84.9,2516.2,0,86.7655172413793,0,0,1,0,0,1,0,0,1,0,0,0
6942-LBFDP,1,0,0,0,2,1,No,No internet service,No internet service,No internet service,No internet service,No internet service,No internet service,1,20.55,33.6,0,16.8,0,0,0,1,0,0,1,0,0,0,0,0
1456-TWCGB,0,0,0,0,4,1,No,No,Yes,No,No,No,No,0,49.25,208.45,0,52.1125,0,0,0,0,0,0,1,0,0,0,0,0
7133-VBDCG,1,0,0,0,25,1,No,Yes,Yes,No,No,No,No,1,79.85,2015.35,1,80.61399999999999,0,0,1,0,0,0,0,0,1,0,0,0
7596-ZYWBB,1,0,0,0,65,1,No,Yes,Yes,No,Yes,No,No,1,59.6,3739.8,0,57.535384615384615,0,1,0,0,0,0,1,0,0,0,0,1
8329-UTMVM,0,1,0,0,27,1,Yes,No,Yes,No,Yes,Yes,Yes,1,104.65,2964.0,0,109.77777777777777,1,0,1,0,0,0,0,0,1,0,0,0
3014-WJKSM,0,0,1,0,29,1,No,No,No,Yes,No,No,No,1,75.3,2263.4,0,78.04827586206896,0,0,1,0,1,0,0,0,1,0,0,0
3347-YJZZE,0,0,1,1,29,1,Yes,No,Yes,Yes,No,Yes,Yes,0,80.1,2211.8,0,76.26896551724138,0,0,0,0,1,0,0,0,1,0,0,0
1029-QFBEN,0,0,0,0,1,1,No,No internet service,No internet service,No internet service,No internet service,No internet service,No internet service,0,19.55,19.55,1,19.55,0,0,0,1,0,0,1,0,0,0,0,0
7929-DMBCV,1,0,1,0,20,1,No,No,No,Yes,Yes,No,No,1,81.0,1683.7,0,84.185,0,0,1,0,0,0,1,1,0,0,0,0
9661-JALZV,1,0,0,0,58,1,Yes,No internet service,No internet service,No internet service,No internet service,No internet service,No internet service,1,24.7,1519.0,0,26.189655172413794,0,1,0,1,1,0,0,0,0,0,1,0
5433-KYGHE,1,0,0,1,14,1,Yes,Yes,No,No,Yes,No,No,1,86.0,1164.05,0,83.14642857142857,0,0,1,0,0,0,1,1,0,0,0,0
4312-KFRXN,0,0,1,0,72,1,Yes,No internet service,No internet service,No internet service,No internet service,No internet service,No internet service,0,25.4,1710.9,0,23.762500000000003,0,1,0,1,0,0,1,0,0,0,0,1
5575-TPIZQ,0,0,0,0,46,1,Yes,Yes,No,No,No,Yes,No,1,89.15,4245.55,0,92.29456521739131,0,0,1,0,1,0,0,0,0,1,0,0
0114-IGABW,1,0,1,0,71,0,No phone service,No,Yes,Yes,Yes,Yes,Yes,0,58.25,4145.9,0,58.39295774647887,0,1,0,0,0,0,0,0,0,0,0,1
9944-AEXBM,0,0,0,0,32,1,Yes,No,No,No,No,No,Yes,1,85.65,2664.3,0,83.259375,0,0,1,0,0,0,0,0,1,0,0,0
1853-ARAAQ,1,0,0,0,26,0,No phone service,No,No,Yes,No,Yes,Yes,1,50.35,1277.5,0,49.13461538461539,0,0,0,0,1,0,0,0,1,0,0,0
6952-OMNWB,0,1,1,0,68,1,Yes,No,No,Yes,No,No,No,1,80.35,5589.3,0,82.19558823529412,0,0,1,0,1,0,0,0,0,0,0,1
4697-LUPSU,0,0,1,1,2,1,No,No internet service,No internet service,No internet service,No internet service,No internet service,No internet service,0,20.2,34.75,0,17.375,1,0,0,1,0,0,1,0,0,0,0,0
8434-VGEQQ,0,0,1,1,61,1,No,No internet service,No internet service,No internet service,No internet service,No internet service,No internet service,0,20.55,1305.95,0,21.409016393442624,0,1,0,1,1,0,0,0,0,0,0,1
4952-YSOGZ,1,0,1,1,4,1,Yes,No,No,No,No,No,Yes,1,85.95,381.3,1,95.325,0,0,1,0,0,1,0,0,0,0,0,0
1589-AGTLK,0,0,0,0,3,1,No,No,No,No,No,No,No,1,45.35,141.5,1,47.166666666666664,0,0,0,0,0,1,0,0,0,0,0,0
5244-IRFIH,0,1,1,0,33,1,Yes,No,No,No,No,Yes,Yes,1,94.5,3105.55,1,94.10757575757576,0,0,1,0,0,1,0,0,1,0,0,0
6549-YMFAW,0,1,1,0,9,1,No,No internet service,No internet service,No internet service,No internet service,No internet service,No internet service,1,21.25,204.55,0,22.727777777777778,0,0,0,1,0,0,1,0,0,0,0,0
4950-HKQTE,1,0,0,0,22,1,Yes,No internet service,No internet service,No internet service,No internet service,No internet service,No internet service,0,26.25,605.9,0,27.54090909090909,0,1,0,1,0,0,1,1,0,0,0,0
6786-OBWQR,1,0,1,1,5,1,No,No,No,No,No,Yes,No,1,80.85,356.1,0,71.22,0,0,1,0,0,1,0,0,0,0,0,0
2684-EIWEO,1,1,0,0,30,1,Yes,Yes,Yes,Yes,No,No,No,0,91.7,2758.15,1,91.93833333333333,0,0,1,0,1,0,0,0,1,0,0,0
2753-JMMCV,0,0,0,0,65,1,Yes,No,Yes,Yes,Yes,No,Yes,1,74.2,4805.65,0,73.93307692307691,0,1,0,0,1,0,0,0,0,0,0,1
6439-GTPCA,1,0,0,0,45,1,Yes,No,No,Yes,Yes,No,No,1,87.25,3941.7,1,87.59333333333333,0,0,1,0,0,1,0,0,0,1,0,0
6621-YOBKI,0,0,0,0,5,1,No,No internet service,No internet service,No internet service,No internet service,No internet service,No internet service,0,20.35,92.75,0,18.55,0,0,0,1,0,0,1,0,0,0,0,0
1216-JWVUX,0,0,1,1,25,1,No,No,Yes,No,No,No,No,1,75.5,1901.05,0,76.042,0,0,1,0,0,1,0,0,1,0,0,0
7564-GHCVB,1,0,1,1,72,1,Yes,Yes,No,No,No,No,No,0,79.05,5730.7,0,79.59305555555555,0,1,1,0,0,0,0,0,0,0,0,1
1173-NOEYG,1,0,1,0,27,1,Yes,No,No,Yes,No,No,Yes,0,90.15,2423.4,0,89.75555555555556,0,0,1,0,0,0,0,0,1,0,0,0
7595-EHCDL,0,0,1,1,32,0,No phone service,No,No,Yes,No,Yes,Yes,0,50.6,1653.45,0,51.6703125,0,0,0,0,1,0,0,0,1,0,0,0
6647-ZEDXT,1,0,0,0,30,1,Yes,No,Yes,Yes,Yes,Yes,Yes,0,110.45,3327.05,0,110.90166666666667,1,0,1,0,1,0,0,0,1,0,0,0
2521-NPUZR,0,0,1,0,70,1,No,Yes,Yes,Yes,Yes,No,Yes,0,101.0,7085.5,0,101.22142857142858,0,1,1,0,1,0,0,0,0,0,0,1
1307-TVUFB,0,1,0,0,42,1,Yes,No,Yes,No,No,No,No,1,79.35,3344.1,0,79.62142857142857,0,0,1,0,0,0,0,0,0,1,0,0
7503-MIOGA,1,1,1,0,72,1,Yes,Yes,Yes,Yes,Yes,Yes,Yes,1,89.85,6697.35,0,93.01875000000001,0,1,0,0,0,0,0,0,0,0,0,1
4381-MHQDC,1,0,0,0,47,1,Yes,Yes,No,Yes,Yes,No,No,1,65.0,2879.9,0,61.274468085106385,0,1,0,0,0,0,1,0,0,1,0,0
6923-JHPMP,1,0,0,0,2,1,No,Yes,No,Yes,No,No,No,1,80.45,137.1,0,68.55,0,0,1,0,0,1,0,0,0,0,0,0
5138-WVKYJ,0,0,0,0,10,1,Yes,Yes,No,No,No,Yes,Yes,0,98.55,1008.55,1,100.85499999999999,0,0,1,0,0,1,0,0,0,0,0,0
4018-PPNDW,1,0,1,1,61,1,Yes,No internet service,No internet service,No internet service,No internet service,No internet service,No internet service,1,24.1,1551.6,0,25.43606557377049,0,1,0,1,0,0,1,0,0,0,0,1
1635-FJFCC,1,0,0,0,5,1,No,No,No,No,No,No,No,1,44.05,202.15,0,40.43,0,0,0,0,1,0,0,0,0,0,0,0
2499-AJYUA,1,1,1,0,72,1,Yes,No,Yes,Yes,Yes,Yes,Yes,1,110.8,7882.25,0,109.47569444444444,0,1,1,0,1,0,0,0,0,0,0,1
6919-ELBGL,0,1,1,1,72,1,Yes,Yes,Yes,Yes,Yes,Yes,Yes,1,114.95,8196.4,0,113.83888888888889,0,1,1,0,0,0,0,0,0,0,0,1
3966-HRMZA,1,1,0,0,3,1,No,No,No,Yes,No,No,No,0,75.05,202.9,0,67.63333333333334,0,0,1,0,0,0,1,0,0,0,0,0
6425-JWTDV,0,0,1,0,48,1,No,No internet service,No internet service,No internet service,No internet service,No internet service,No internet service,0,19.25,855.1,0,17.814583333333335,0,1,0,1,0,0,1,0,0,1,0,0
8405-IGQFX,1,0,0,0,63,1,No,No,No,Yes,Yes,Yes,No,1,90.05,5817.0,0,92.33333333333333,1,0,1,0,1,0,0,0,0,0,0,1
8224-IVVPA,1,0,0,0,27,1,No,Yes,Yes,No,No,No,No,1,56.7,1652.95,0,61.220370370370375,0,0,0,0,0,0,1,0,1,0,0,0
9477-LGWQI,0,0,1,1,70,1,No,Yes,Yes,Yes,No,Yes,Yes,1,80.15,5600.15,0,80.00214285714286,0,1,0,0,1,0,0,0,0,0,0,1
1410-RSCMR,0,0,1,1,7,1,No,Yes,No,Yes,Yes,No,Yes,1,71.35,515.75,0,73.67857142857143,0,0,0,0,1,0,0,0,0,0,0,0
0139-IVFJG,1,0,1,0,2,1,No,Yes,Yes,No,No,Yes,No,0,90.35,190.5,0,95.25,0,0,1,0,0,1,0,0,0,0,0,0
6683-VLCTZ,0,1,0,0,20,1,Yes,No,No,Yes,No,Yes,Yes,1,98.55,1842.8,1,92.14,0,0,1,0,0,1,0,1,0,0,0,0
5730-DBDSI,0,0,0,0,66,1,No,No internet service,No internet service,No internet service,No internet service,No internet service,No internet service,0,19.7,1253.8,0,18.996969696969696,0,1,0,1,0,0,0,0,0,0,0,1
0030-FNXPP,1,0,0,0,3,1,No,No internet service,No internet service,No internet service,No internet service,No internet service,No internet service,0,19.85,57.2,0,19.066666666666666,0,0,0,1,0,0,1,0,0,0,0,0
2189-WWOEW,1,0,0,1,15,1,No,No,Yes,No,No,No,Yes,1,85.9,1269.55,1,84.63666666666667,0,0,1,0,0,0,0,1,0,0,0,0
5684-FJVYR,1,0,1,1,72,1,Yes,Yes,Yes,No,Yes,No,No,1,90.35,6563.4,0,91.15833333333333,0,1,1,0,0,0,0,0,0,0,0,1
4013-GUXND,0,0,0,0,1,1,No,No internet service,No internet service,No internet service,No internet service,No internet service,No internet service,0,20.8,20.8,0,20.8,0,0,0,1,0,0,1,0,0,0,0,0
1894-IGFSG,1,0,0,0,22,1,No,No,No,No,No,Yes,Yes,0,89.25,1907.85,1,86.72045454545454,0,0,1,0,0,1,0,1,0,0,0,0
7379-POKDZ,0,0,1,0,3,1,No,No,No,No,No,No,No,1,70.3,208.85,1,69.61666666666666,0,0,1,0,0,1,0,0,0,0,0,0
1266-NZYUI,1,0,1,1,72,1,Yes,Yes,No,Yes,Yes,No,No,0,66.85,4758.8,0,66.09444444444445,0,1,0,0,0,0,0,0,0,0,0,1
7969-FFOWG,0,0,1,1,65,1,No,No internet service,No internet service,No internet service,No internet service,No internet service,No internet service,0,19.9,1292.6,0,19.886153846153846,0,1,0,1,0,0,1,0,0,0,0,1
4718-DHSMV,1,0,0,0,11,0,No phone service,No,No,No,No,Yes,No,1,35.8,363.15,0,33.01363636363636,0,0,0,0,0,0,1,0,0,0,0,0
5175-WLYXL,0,0,0,0,22,1,Yes,No,Yes,No,No,No,No,1,78.85,1600.25,0,72.73863636363636,0,0,1,0,0,0,1,1,0,0,0,0
7817-OMJNA,0,0,0,0,14,1,No,No internet service,No internet service,No internet service,No internet service,No internet service,No internet service,0,20.4,275.7,0,19.692857142857143,1,0,0,1,0,0,0,1,0,0,0,0
8728-SKJLR,0,0,0,0,41,1,No,No,No,No,Yes,No,No,1,74.25,3089.1,0,75.34390243902439,0,0,1,0,0,1,0,0,0,1,0,0
3137-NYQQI,0,0,1,0,17,1,No,Yes,Yes,No,No,No,Yes,0,64.8,1175.6,0,69.15294117647058,1,0,0,0,0,0,1,1,0,0,0,0
7706-DZNKK,0,0,0,0,11,1,No,No internet service,No internet service,No internet service,No internet service,No internet service,No internet service,1,20.45,237.3,0,21.572727272727274,0,0,0,1,1,0,0,0,0,0,0,0
0236-HFWSV,0,0,0,0,15,1,Yes,No,No,No,No,Yes,Yes,1,93.35,1444.65,1,96.31,0,0,1,0,0,1,0,1,0,0,0,0
3900-AQPHZ,1,0,0,0,1,1,No,No internet service,No internet service,No internet service,No internet service,No internet service,No internet service,0,19.9,19.9,1,19.9,0,0,0,1,0,0,1,0,0,0,0,0
5842-POCOP,1,0,1,0,5,1,No,Yes,No,Yes,No,No,Yes,1,88.9,454.15,1,90.83,0,0,1,0,0,0,1,0,0,0,0,0
2037-XJFUP,0,0,1,0,33,1,No,No,No,Yes,No,Yes,Yes,1,95.8,3036.75,1,92.02272727272727,1,0,1,0,0,1,0,0,1,0,0,0
8823-RLPWL,1,0,1,0,72,1,Yes,Yes,Yes,Yes,No,Yes,Yes,1,110.65,8065.65,0,112.02291666666666,0,1,1,0,1,0,0,0,0,0,0,1
9505-SQFSW,1,0,1,1,3,0,No phone service,No,Yes,No,No,No,Yes,0,40.3,92.5,0,30.833333333333332,0,0,0,0,0,0,1,0,0,0,0,0
7314-OXENN,0,0,0,0,2,1,Yes,No,Yes,No,No,No,No,1,82.0,184.65,1,92.325,0,0,1,0,0,1,0,0,0,0,0,0
3758-CKOQL,1,0,1,0,59,1,Yes,Yes,Yes,Yes,Yes,No,Yes,1,107.0,6152.3,0,104.27627118644068,1,0,1,0,1,0,0,0,0,0,1,0
0322-CHQRU,0,0,0,0,2,1,No,No,No,No,No,No,No,0,45.35,89.5,1,44.75,0,0,0,0,0,1,0,0,0,0,0,0
5676-CFLYY,0,0,1,1,71,1,No,No,Yes,No,Yes,Yes,Yes,1,73.35,5154.5,0,72.59859154929578,0,1,0,0,1,0,0,0,0,0,0,1
7521-AFHAB,1,0,1,1,5,1,No,No,No,No,No,No,No,0,44.8,220.45,0,44.089999999999996,0,0,0,0,0,0,1,0,0,0,0,0
0285-INHLN,0,0,1,1,27,1,No,Yes,Yes,No,No,No,No,1,54.75,1510.3,0,55.93703703703704,0,0,0,0,1,0,0,0,1,0,0,0
4678-DVQEO,1,0,0,0,1,1,No,No,No,No,Yes,No,No,1,52.2,52.2,1,52.2,0,0,0,0,0,1,0,0,0,0,0,0
5125-CNDSP,0,0,0,1,63,0,No phone service,Yes,Yes,No,Yes,No,No,1,40.6,2588.95,0,41.09444444444444,1,0,0,0,0,0,0,0,0,0,0,1
0691-IFBQW,1,1,0,0,46,1,Yes,Yes,Yes,Yes,No,Yes,Yes,1,110.0,4874.8,1,105.97391304347826,1,0,1,0,0,1,0,0,0,1,0,0
4992-LTJNE,0,0,1,1,72,1,Yes,Yes,No,No,No,No,No,0,55.3,3983.6,0,55.327777777777776,0,1,0,0,0,0,0,0,0,0,0,1
2202-OUTMO,1,0,1,0,34,1,Yes,Yes,No,No,Yes,No,No,1,60.85,2003.6,0,58.92941176470588,0,0,0,0,0,0,0,0,1,0,0,0
0810-BDHAW,1,0,1,1,24,1,Yes,Yes,Yes,No,No,Yes,Yes,0,78.4,1832.4,0,76.35000000000001,1,0,0,0,0,1,0,1,0,0,0,0
0229-LFJAF,0,0,0,0,72,1,Yes,Yes,Yes,Yes,Yes,No,No,0,69.65,4908.25,0,68.17013888888889,0,1,0,0,0,0,0,0,0,0,0,1
7131-ZQZNK,1,0,1,1,60,0,No phone service,Yes,No,Yes,Yes,Yes,Yes,0,59.85,3590.2,0,59.836666666666666,0,1,0,0,1,0,0,0,0,0,1,0
3442-ZHHCC,0,0,0,0,68,1,Yes,Yes,Yes,Yes,No,No,Yes,1,76.9,5023.0,0,73.86764705882354,1,0,0,0,1,0,0,0,0,0,0,1
5726-CVNYA,1,0,1,1,8,1,No,No internet service,No internet service,No internet service,No internet service,No internet service,No internet service,1,19.85,146.6,0,18.325,0,1,0,1,0,0,1,0,0,0,0,0
9871-ELEYA,1,0,0,1,34,1,No,Yes,No,Yes,Yes,Yes,No,0,67.65,2339.3,0,68.8029411764706,0,1,0,0,1,0,0,0,1,0,0,0
4257-GAESD,1,0,0,0,6,0,No phone service,No,No,No,No,Yes,Yes,0,45.0,298.7,0,49.78333333333333,0,0,0,0,1,0,0,0,0,0,0,0
5173-WXOQV,0,0,1,0,2,1,No,No,Yes,No,Yes,No,Yes,1,64.2,143.65,0,71.825,0,0,0,0,0,0,1,0,0,0,0,0
2040-OBMLJ,0,0,0,0,31,1,Yes,No,No,No,Yes,No,No,0,81.7,2548.65,0,82.21451612903226,1,0,1,0,1,0,0,0,1,0,0,0
6286-ZHAOK,1,0,1,1,20,1,Yes,No internet service,No internet service,No internet service,No internet service,No internet service,No internet service,1,25.55,507.4,0,25.369999999999997,0,0,0,1,0,0,0,1,0,0,0,0
3807-XHCJH,1,0,1,1,1,1,No,No internet service,No internet service,No internet service,No internet service,No internet service,No internet service,0,20.0,20.0,0,20.0,0,0,0,1,0,1,0,0,0,0,0,0
3009-JWMPU,0,0,0,0,62,1,Yes,No,No,Yes,No,Yes,Yes,1,96.75,6125.4,1,98.79677419354839,1,0,1,0,0,1,0,0,0,0,0,1
5671-RQRLP,1,1,1,0,70,1,Yes,No,No,No,No,No,No,1,75.65,5411.4,0,77.30571428571427,0,1,1,0,1,0,0,0,0,0,0,1
1450-GALXR,1,0,0,0,10,1,Yes,No,No,No,Yes,Yes,Yes,1,98.5,1058.25,1,105.825,0,0,1,0,0,1,0,0,0,0,0,0
8859-AXJZP,0,0,1,1,39,1,Yes,No internet service,No internet service,No internet service,No internet service,No internet service,No internet service,1,23.8,903.8,0,23.174358974358974,0,1,0,1,0,0,1,0,0,1,0,0
3174-AKMAS,1,0,1,0,46,1,No,No,Yes,No,Yes,Yes,No,1,64.2,3009.5,0,65.42391304347827,0,1,0,0,1,0,0,0,0,1,0,0
3138-BKYAV,0,0,0,0,6,1,No,No,Yes,No,No,Yes,No,1,85.35,489.45,1,81.575,0,0,1,0,0,1,0,0,0,0,0,0
9926-PJHDQ,1,0,1,1,72,1,Yes,No,No,Yes,No,Yes,Yes,1,76.8,5468.45,0,75.95069444444444,0,1,0,0,0,0,0,0,0,0,0,1
7382-DFJTU,0,0,0,0,18,1,No,No,No,Yes,Yes,No,No,0,55.2,1058.1,0,58.78333333333333,0,0,0,0,1,0,0,1,0,0,0,0
2798-NYLMZ,0,0,1,0,71,1,Yes,Yes,No,Yes,Yes,Yes,Yes,1,108.55,7616.0,0,107.26760563380282,0,1,1,0,1,0,0,0,0,0,0,1
4289-DTDKW,0,0,1,0,40,1,Yes,No,Yes,No,No,Yes,Yes,1,101.3,4113.1,1,102.82750000000001,0,0,1,0,0,1,0,0,0,1,0,0
1820-TQVEV,0,0,0,0,1,1,No,No,No,No,No,No,No,1,69.55,69.55,1,69.55,0,0,1,0,0,1,0,0,0,0,0,0
2239-JALAW,0,0,0,0,58,1,Yes,No,Yes,Yes,No,Yes,Yes,1,103.25,6017.65,1,103.75258620689655,1,0,1,0,0,0,0,0,0,0,1,0
4853-RULSV,0,0,0,0,70,1,Yes,Yes,No,No,Yes,Yes,Yes,1,104.0,7250.15,1,103.57357142857143,0,1,1,0,1,0,0,0,0,0,0,1
8098-TDCBU,1,0,1,0,42,1,Yes,No internet service,No internet service,No internet service,No internet service,No internet service,No internet service,0,25.25,1108.2,0,26.385714285714286,0,1,0,1,0,1,0,0,0,1,0,0
3551-GAEGL,0,0,1,1,34,0,No phone service,Yes,No,No,No,No,No,0,30.4,938.65,0,27.60735294117647,1,0,0,0,0,0,0,0,1,0,0,0
4785-NKHCX,0,1,0,0,5,1,No,No internet service,No internet service,No internet service,No internet service,No internet service,No internet service,0,20.05,94.15,0,18.830000000000002,0,0,0,1,0,0,0,0,0,0,0,0
3196-NVXLZ,1,0,0,0,25,1,Yes,No,No,No,No,Yes,No,1,84.6,2088.05,0,83.522,0,0,1,0,0,0,1,0,1,0,0,0
6275-YDUVO,1,0,0,0,2,1,No,No,No,Yes,No,No,Yes,1,86.2,178.7,1,89.35,0,0,1,0,0,0,1,0,0,0,0,0
0036-IHMOT,1,0,1,1,55,1,No,No,Yes,Yes,Yes,Yes,Yes,1,103.7,5656.75,0,102.85,1,0,1,0,0,0,0,0,0,0,1,0
0115-TFERT,0,0,1,0,21,1,Yes,No,Yes,Yes,Yes,Yes,Yes,1,111.2,2317.1,1,110.33809523809524,0,0,1,0,0,1,0,1,0,0,0,0
4178-EGMON,0,0,1,0,70,1,Yes,Yes,Yes,No,Yes,No,No,1,88.0,5986.45,0,85.52071428571428,0,1,1,0,1,0,0,0,0,0,0,1
4220-TINQT,1,0,1,0,61,1,Yes,No,No,Yes,Yes,Yes,Yes,1,106.35,6751.35,0,110.67786885245903,0,0,1,0,0,1,0,0,0,0,0,1
5318-YKDPV,0,0,1,1,43,1,No,Yes,No,Yes,Yes,Yes,Yes,1,79.15,3566.6,0,82.94418604651163,0,1,0,0,1,0,0,0,0,1,0,0
7975-TZMLR,0,0,0,0,47,1,Yes,No,Yes,Yes,No,Yes,Yes,1,103.1,4889.3,0,104.02765957446809,1,0,1,0,0,1,0,0,0,1,0,0
0295-QVKPB,0,0,0,0,5,1,No,No,No,Yes,Yes,Yes,No,1,63.95,318.1,0,63.620000000000005,0,0,0,0,1,0,0,0,0,0,0,0
4335-BSMJS,1,0,0,0,62,1,Yes,No internet service,No internet service,No internet service,No internet service,No internet service,No internet service,1,25.8,1563.95,0,25.225,0,1,0,1,1,0,0,0,0,0,0,1
2311-QYMUQ,1,0,1,1,16,1,No,No,Yes,Yes,No,Yes,No,1,89.45,1430.25,1,89.390625,0,0,1,0,1,0,0,1,0,0,0,0
3643-AHCFP,0,1,1,0,7,1,Yes,No,No,No,No,Yes,Yes,1,95.6,644.35,1,92.05,0,0,1,0,0,0,0,0,0,0,0,0
9146-JRIOX,1,0,1,1,14,1,Yes,No internet service,No internet service,No internet service,No internet service,No internet service,No internet service,0,25.55,372.45,0,26.603571428571428,0,0,0,1,0,0,1,1,0,0,0,0
3104-OWCGK,0,0,1,1,60,1,No,No,Yes,Yes,No,Yes,No,0,90.95,5453.4,1,90.89,1,0,1,0,0,1,0,0,0,0,1,0
5337-IIWKZ,0,0,1,1,34,0,No phone service,No,No,Yes,Yes,Yes,No,1,44.85,1442.6,0,42.42941176470588,0,0,0,0,0,1,0,0,1,0,0,0
9101-BWFSS,1,0,1,0,50,1,Yes,Yes,Yes,No,Yes,Yes,Yes,0,108.55,5610.7,1,112.214,1,0,1,0,0,1,0,0,0,0,1,0
9650-VBUOG,0,0,1,1,38,1,Yes,No internet service,No internet service,No internet service,No internet service,No internet service,No internet service,0,25.05,963.95,0,25.367105263157896,0,1,0,1,1,0,0,0,0,1,0,0
3487-EARAT,1,0,1,1,70,1,No,Yes,Yes,Yes,Yes,No,Yes,0,74.1,5222.3,0,74.60428571428572,1,0,0,0,1,0,0,0,0,0,0,1
2672-TGEFF,1,0,1,1,37,1,Yes,No,Yes,No,No,Yes,No,1,88.8,3340.55,0,90.28513513513514,0,0,1,0,0,1,0,0,0,1,0,0
9231-ZJYAM,1,1,0,0,4,1,No,No,No,No,No,Yes,No,1,78.85,292.8,1,73.2,0,0,1,0,0,1,0,0,0,0,0,0
4250-WAROZ,0,1,1,1,60,1,Yes,Yes,Yes,No,No,No,Yes,1,93.25,5774.55,0,96.2425,0,0,1,0,0,1,0,0,0,0,1,0
8184-WMOFI,0,0,1,1,62,1,No,Yes,No,Yes,Yes,No,Yes,0,71.4,4487.3,0,72.3758064516129,1,0,0,0,1,0,0,0,0,0,0,1
6982-SSHFK,0,0,0,0,1,1,No,No,No,No,No,No,No,0,44.4,44.4,1,44.4,0,0,0,0,0,0,1,0,0,0,0,0
6092-QZVPP,0,0,0,0,36,1,No,Yes,No,Yes,Yes,Yes,Yes,1,79.2,2854.95,0,79.30416666666666,0,0,0,0,1,0,0,0,1,0,0,0
4625-LAMOB,0,0,0,0,44,1,No,No internet service,No internet service,No internet service,No internet service,No internet service,No internet service,0,20.4,905.55,0,20.580681818181816,0,1,0,1,1,0,0,0,0,1,0,0
0727-BMPLR,1,1,0,0,55,1,Yes,No,No,Yes,No,Yes,Yes,1,100.0,5509.3,1,100.16909090909091,1,0,1,0,0,1,0,0,0,0,1,0
0392-BZIUW,1,0,1,0,72,1,Yes,Yes,No,Yes,No,Yes,Yes,1,105.0,7589.8,0,105.41388888888889,0,1,1,0,1,0,0,0,0,0,0,1
1038-ZAGBI,1,0,1,1,12,1,No,No internet service,No internet service,No internet service,No internet service,No internet service,No internet service,0,19.8,229.6,1,19.133333333333333,1,0,0,1,0,0,0,0,0,0,0,0
6549-NNDYT,1,0,0,0,13,0,No phone service,Yes,No,No,No,No,No,1,30.85,394.1,0,30.315384615384616,0,0,0,0,0,0,0,1,0,0,0,0
3027-ZTDHO,0,0,0,0,1,1,No,No,No,No,No,Yes,Yes,1,89.9,89.9,1,89.9,0,0,1,0,0,1,0,0,0,0,0,0
0422-OHQHQ,1,0,1,1,15,1,No,No internet service,No internet service,No internet service,No internet service,No internet service,No internet service,0,20.55,295.95,0,19.73,1,0,0,1,0,0,1,1,0,0,0,0
6916-HIJSE,1,0,0,0,65,1,No,Yes,Yes,Yes,Yes,Yes,Yes,1,84.85,5459.2,0,83.9876923076923,0,1,0,0,0,0,0,0,0,0,0,1
2316-ESMLS,1,0,1,1,12,0,No phone service,Yes,No,No,Yes,No,No,0,33.15,444.75,0,37.0625,1,0,0,0,1,0,0,0,0,0,0,0
9778-OGKQZ,0,0,1,0,72,1,Yes,Yes,Yes,Yes,Yes,Yes,Yes,1,92.0,6782.15,0,94.19652777777777,0,1,0,0,1,0,0,0,0,0,0,1
7408-OFWXJ,1,0,1,1,72,1,Yes,Yes,Yes,Yes,Yes,Yes,Yes,0,89.8,6510.45,0,90.42291666666667,0,1,0,0,1,0,0,0,0,0,0,1
6007-TCTST,1,0,1,1,72,1,Yes,Yes,Yes,Yes,Yes,Yes,Yes,1,115.8,8476.5,0,117.72916666666667,0,1,1,0,0,0,0,0,0,0,0,1
2252-NKNSI,0,0,0,1,52,1,Yes,Yes,Yes,No,Yes,Yes,Yes,1,85.15,4461.85,0,85.8048076923077,0,1,0,0,0,0,1,0,0,0,1,0
8713-IGZSO,0,0,0,0,2,1,Yes,No internet service,No internet service,No internet service,No internet service,No internet service,No internet service,0,24.85,62.0,0,31.0,0,0,0,1,0,0,1,0,0,0,0,0
7905-TVXTA,1,0,0,0,5,1,No,Yes,No,No,Yes,Yes,No,1,64.35,352.65,0,70.53,0,0,0,0,0,1,0,0,0,0,0,0
7695-PKLCZ,1,0,0,0,68,1,No,No internet service,No internet service,No internet service,No internet service,No internet service,No internet service,0,20.5,1424.9,0,20.954411764705885,0,1,0,1,1,0,0,0,0,0,0,1
2382-BCKQJ,1,0,0,1,62,1,Yes,No,No,Yes,No,Yes,Yes,1,100.15,6413.65,1,103.44596774193548,1,0,1,0,0,1,0,0,0,0,0,1
8374-UULRV,0,0,0,0,72,1,Yes,Yes,Yes,No,Yes,Yes,Yes,0,86.05,6309.65,0,87.63402777777777,0,1,0,0,1,0,0,0,0,0,0,1
2207-NHRJK,0,0,0,0,1,1,No,No,Yes,No,No,No,No,0,50.8,50.8,1,50.8,0,0,0,0,0,1,0,0,0,0,0,0
3224-DFQNQ,1,0,1,0,66,1,Yes,Yes,Yes,No,Yes,No,No,0,89.0,5898.6,0,89.37272727272727,1,0,1,0,0,1,0,0,0,0,0,1
5275-PMFUT,0,0,1,1,72,0,No phone service,Yes,Yes,Yes,Yes,Yes,Yes,1,64.8,4719.75,0,65.55208333333333,0,1,0,0,1,0,0,0,0,0,0,1
4795-UXVCJ,0,0,0,0,26,1,No,No internet service,No internet service,No internet service,No internet service,No internet service,No internet service,0,19.8,457.3,0,17.588461538461537,1,0,0,1,1,0,0,0,1,0,0,0
9777-IQHWP,0,0,1,1,64,1,Yes,Yes,No,Yes,No,No,Yes,0,93.4,5822.3,0,90.9734375,0,1,1,0,0,0,0,0,0,0,0,1
0947-MUGVO,0,1,1,0,20,1,No,No,Yes,No,No,No,No,1,73.65,1463.5,1,73.175,0,0,1,0,0,1,0,1,0,0,0,0
9944-HKVVB,1,0,0,0,3,1,No,No,Yes,No,No,Yes,Yes,1,95.1,307.4,1,102.46666666666665,0,0,1,0,0,1,0,0,0,0,0,0
4124-MMETB,0,0,0,0,22,1,Yes,No,No,No,No,Yes,Yes,1,94.65,2104.55,1,95.66136363636365,0,0,1,0,1,0,0,1,0,0,0,0
3671-SHRSP,0,0,1,0,4,1,No,No,No,Yes,Yes,No,No,1,80.6,319.15,1,79.7875,0,0,1,0,0,0,1,0,0,0,0,0
0979-MOZQI,0,0,1,0,62,0,No phone service,No,No,No,Yes,Yes,No,1,39.0,2337.45,0,37.7008064516129,0,1,0,0,0,0,0,0,0,0,0,1
2732-ISEZX,1,0,0,0,5,1,No,No internet service,No internet service,No internet service,No internet service,No internet service,No internet service,1,20.5,104.3,0,20.86,0,0,0,1,0,0,1,0,0,0,0,0
3313-QKNKB,0,0,1,0,59,1,Yes,No,No,No,No,No,Yes,0,85.55,5084.65,1,86.18050847457627,1,0,1,0,0,1,0,0,0,0,1,0
0323-XWWTN,0,0,0,1,3,1,Yes,No internet service,No internet service,No internet service,No internet service,No internet service,No internet service,1,26.4,121.25,0,40.416666666666664,0,1,0,1,0,0,1,0,0,0,0,0
1937-OTUKY,1,0,1,0,72,1,Yes,Yes,No,Yes,Yes,Yes,No,1,98.2,7015.9,0,97.44305555555555,0,1,1,0,0,0,0,0,0,0,0,1
1573-LGXBA,0,0,1,1,57,1,No,No,Yes,Yes,No,Yes,Yes,1,97.55,5598.0,0,98.21052631578948,1,0,1,0,1,0,0,0,0,0,1,0
1764-VUUMT,0,0,0,1,66,1,No,No internet service,No internet service,No internet service,No internet service,No internet service,No internet service,0,19.95,1269.1,0,19.228787878787877,0,1,0,1,1,0,0,0,0,0,0,1
5073-WXOYN,1,0,0,0,60,0,No phone service,No,Yes,No,No,Yes,Yes,1,50.8,3027.4,1,50.45666666666667,0,0,0,0,0,1,0,0,0,0,1,0
4713-ZBURT,0,0,0,1,45,1,Yes,No,No,Yes,No,Yes,Yes,0,99.7,4634.35,0,102.98555555555556,0,1,1,0,0,0,0,0,0,1,0,0
3050-GBUSH,1,0,0,0,3,0,No phone service,No,No,No,No,Yes,No,1,34.8,113.95,0,37.983333333333334,0,0,0,0,1,0,0,0,0,0,0,0
0207-MDKNV,1,0,0,0,15,1,No,Yes,No,Yes,Yes,Yes,Yes,0,105.1,1582.75,1,105.51666666666667,0,0,1,0,0,1,0,1,0,0,0,0
7876-AEHIG,1,0,0,1,51,0,No phone service,Yes,No,Yes,Yes,Yes,Yes,0,60.15,3077.0,0,60.333333333333336,1,0,0,0,0,0,0,0,0,0,1,0
7945-HLKEA,1,0,0,0,60,1,Yes,Yes,No,Yes,Yes,No,No,0,64.75,4039.5,0,67.325,1,0,0,0,0,1,0,0,0,0,1,0
9342-VNIMQ,0,0,0,0,33,1,Yes,No,Yes,No,No,No,No,1,54.65,1665.2,0,50.46060606060606,0,0,0,0,0,0,0,0,1,0,0,0
9851-KIELU,0,0,0,0,10,1,No,Yes,Yes,Yes,Yes,Yes,Yes,1,110.1,1043.3,1,104.33,0,0,1,0,0,1,0,0,0,0,0,0
3523-BRGUW,0,1,0,0,26,1,No,No internet service,No internet service,No internet service,No internet service,No internet service,No internet service,0,19.3,504.2,0,19.392307692307693,1,0,0,1,1,0,0,0,1,0,0,0
3908-BLSYF,1,0,0,0,6,1,No,No,No,Yes,No,No,Yes,0,83.9,497.55,1,82.925,0,0,1,0,0,1,0,0,0,0,0,0
3199-NPKCN,1,0,1,0,67,1,Yes,Yes,No,Yes,Yes,Yes,Yes,1,111.25,7511.65,0,112.1141791044776,1,0,1,0,0,1,0,0,0,0,0,1
5170-PTRKA,1,0,1,1,49,0,No phone service,Yes,No,No,Yes,No,No,1,35.8,1782.0,0,36.36734693877551,1,0,0,0,1,0,0,0,0,0,1,0
4661-NJEUX,0,0,0,0,1,1,No,No internet service,No internet service,No internet service,No internet service,No internet service,No internet service,1,20.05,20.05,0,20.05,0,0,0,1,0,0,1,0,0,0,0,0
2123-AGEEN,1,1,0,0,7,1,No,No,No,Yes,No,Yes,No,1,84.35,609.65,0,87.09285714285714,0,0,1,0,0,1,0,0,0,0,0,0
1258-YMZNM,1,1,0,0,27,1,Yes,Yes,Yes,Yes,No,Yes,Yes,1,110.5,2857.6,0,105.83703703703704,1,0,1,0,0,0,0,0,1,0,0,0
0048-LUMLS,0,0,1,1,37,1,No,No,No,No,No,Yes,Yes,0,91.2,3247.55,0,87.77162162162162,1,0,1,0,1,0,0,0,0,1,0,0
7549-MYGPK,1,0,1,1,63,1,Yes,Yes,Yes,Yes,No,Yes,No,1,100.55,6215.35,1,98.65634920634922,0,0,1,0,0,1,0,0,0,0,0,1
5898-IGSLP,0,0,1,1,31,1,Yes,Yes,No,Yes,Yes,No,No,0,89.3,2823.0,0,91.06451612903226,0,0,1,0,0,1,0,0,1,0,0,0
3804-RVTGV,0,0,1,1,50,1,Yes,No,Yes,Yes,No,Yes,Yes,1,103.85,5017.9,1,100.35799999999999,0,0,1,0,0,0,0,0,0,0,1,0
6259-WJQLC,0,1,0,0,32,1,Yes,No,No,Yes,No,No,No,1,81.1,2619.25,0,81.8515625,0,0,1,0,1,0,0,0,1,0,0,0
9227-LUNBG,1,0,0,0,1,0,No phone service,No,No,No,No,No,No,0,24.6,24.6,1,24.6,0,0,0,0,0,1,0,0,0,0,0,0
7997-EASSD,1,0,1,0,63,1,Yes,No,No,No,Yes,No,No,1,81.2,4965.1,0,78.81111111111112,1,0,1,0,1,0,0,0,0,0,0,1
0730-KOAVE,0,0,0,0,30,1,Yes,Yes,Yes,No,No,No,Yes,1,94.3,2679.7,0,89.32333333333332,0,0,1,0,1,0,0,0,1,0,0,0
8975-SKGRX,0,0,1,0,71,1,Yes,Yes,Yes,Yes,Yes,Yes,Yes,1,116.1,8310.55,0,117.04999999999998,0,1,1,0,0,0,0,0,0,0,0,1
0678-RLHVP,1,0,0,0,53,1,Yes,No,Yes,Yes,No,Yes,Yes,0,105.55,5682.25,0,107.2122641509434,0,1,1,0,0,1,0,0,0,0,1,0
4315-MURBD,1,0,0,0,12,1,No,Yes,No,No,Yes,Yes,Yes,1,98.9,1120.95,1,93.41250000000001,0,0,1,0,0,0,0,0,0,0,0,0
2267-FPIMA,0,0,1,0,50,1,Yes,Yes,Yes,No,No,No,Yes,1,94.4,4914.9,0,98.29799999999999,0,0,1,0,1,0,0,0,0,0,1,0
1051-GEJLJ,1,0,0,0,2,1,No,No internet service,No internet service,No internet service,No internet service,No internet service,No internet service,0,19.5,27.55,0,13.775,0,0,0,1,0,0,1,0,0,0,0,0
9734-YWGEX,1,0,0,0,9,1,Yes,No,No,Yes,No,Yes,Yes,0,98.3,923.5,1,102.61111111111111,0,0,1,0,1,0,0,0,0,0,0,0
2719-BDAQO,0,0,0,0,17,1,No,Yes,No,No,No,Yes,Yes,0,93.85,1625.65,1,95.62647058823529,0,0,1,0,0,1,0,1,0,0,0,0
5285-MVEHD,1,0,1,0,56,1,No,Yes,Yes,Yes,No,Yes,Yes,1,105.6,6068.65,0,108.36874999999999,1,0,1,0,1,0,0,0,0,0,1,0
0379-DJQHR,0,0,1,1,67,1,No,Yes,Yes,Yes,No,Yes,Yes,0,81.35,5398.6,0,80.57611940298509,0,1,0,0,1,0,0,0,0,0,0,1
0781-LKXBR,0,1,0,0,9,1,Yes,No,No,Yes,No,Yes,Yes,1,100.5,918.6,1,102.06666666666666,0,0,1,0,0,1,0,0,0,0,0,0
5543-QDCRY,0,0,0,0,4,1,No,No,No,No,No,Yes,No,1,56.4,234.85,0,58.7125,0,0,0,0,0,1,0,0,0,0,0,0
0297-RBCSG,0,0,0,0,19,1,No,No,Yes,No,Yes,No,Yes,1,65.35,1231.85,0,64.83421052631579,1,0,0,0,0,0,0,1,0,0,0,0
4694-PHWFW,1,0,0,1,8,1,No,No internet service,No internet service,No internet service,No internet service,No internet service,No internet service,0,19.95,170.9,0,21.3625,0,0,0,1,0,0,1,0,0,0,0,0
0835-JKADZ,1,0,0,0,71,1,Yes,No,Yes,Yes,Yes,Yes,Yes,1,111.25,7984.15,0,112.45281690140844,0,1,1,0,0,1,0,0,0,0,0,1
1907-UBQFC,0,1,0,0,10,1,No,No,Yes,No,No,No,No,1,72.85,688.65,1,68.865,0,0,1,0,0,1,0,0,0,0,0,0
7508-SMHXL,1,1,0,0,15,1,Yes,No,Yes,No,No,Yes,No,0,89.0,1288.3,0,85.88666666666667,0,0,1,0,1,0,0,1,0,0,0,0
3865-YIOTT,0,0,1,1,72,1,Yes,Yes,No,Yes,No,Yes,Yes,1,106.1,7848.5,0,109.00694444444444,1,0,1,0,0,0,0,0,0,0,0,1
5993-BQHEA,0,0,0,0,12,1,No,No internet service,No internet service,No internet service,No internet service,No internet service,No internet service,0,20.05,267.0,0,22.25,1,0,0,1,1,0,0,0,0,0,0,0
6024-RUGGH,0,0,1,1,72,1,Yes,No internet service,No internet service,No internet service,No internet service,No internet service,No internet service,1,25.2,1798.9,0,24.984722222222224,0,1,0,1,0,0,0,0,0,0,0,1
6513-EECDB,0,1,1,0,1,1,Yes,No,No,No,No,No,No,1,73.55,73.55,1,73.55,0,0,1,0,0,1,0,0,0,0,0,0
3956-CJUST,1,1,0,0,23,1,No,Yes,No,No,No,No,No,1,75.4,1643.55,0,71.45869565217392,0,0,1,0,0,0,0,1,0,0,0,0
4079-WWQQQ,0,0,0,0,72,0,No phone service,Yes,Yes,Yes,Yes,Yes,Yes,1,65.55,4807.45,0,66.77013888888888,0,1,0,0,0,0,0,0,0,0,0,1
6103-BOCOU,1,0,0,0,26,1,Yes,No,No,Yes,No,No,No,1,80.7,2193.0,0,84.34615384615384,0,0,1,0,0,1,0,0,1,0,0,0
5149-TGWDZ,1,0,0,0,21,1,No,No,Yes,Yes,Yes,Yes,Yes,1,104.55,2239.4,0,106.63809523809525,1,0,1,0,0,0,1,1,0,0,0,0
7471-WNSUF,0,0,1,0,60,1,Yes,No internet service,No internet service,No internet service,No internet service,No internet service,No internet service,0,24.15,1505.9,0,25.098333333333336,1,0,0,1,0,0,0,0,0,0,1,0
8942-DBMHZ,0,0,0,0,12,1,No,No internet service,No internet service,No internet service,No internet service,No internet service,No internet service,0,20.45,255.35,0,21.279166666666665,0,0,0,1,0,0,1,0,0,0,0,0
4301-VVZKA,0,0,1,0,16,1,Yes,No,No,No,No,No,No,1,75.4,1189.4,0,74.3375,0,0,1,0,0,1,0,1,0,0,0,0
9199-PWQVC,1,0,1,0,63,1,Yes,Yes,Yes,No,No,Yes,Yes,1,79.7,4786.15,0,75.97063492063492,1,0,0,0,1,0,0,0,0,0,0,1
4824-GUCBY,1,1,0,0,22,1,No,Yes,Yes,No,No,No,No,0,81.7,1820.9,0,82.76818181818182,0,0,1,0,0,1,0,1,0,0,0,0
5393-HJZSM,1,0,1,1,32,1,No,Yes,Yes,Yes,Yes,No,Yes,0,76.3,2404.15,0,75.1296875,0,0,0,0,0,0,0,0,1,0,0,0
7074-IEVOJ,1,1,0,0,3,1,Yes,No,Yes,No,No,No,No,1,79.4,205.05,1,68.35000000000001,0,0,1,0,0,1,0,0,0,0,0,0
9625-QSTYE,1,0,0,0,13,1,No,No,Yes,Yes,No,No,No,1,81.15,952.3,1,73.25384615384615,0,0,1,0,0,1,0,1,0,0,0,0
0862-PRCBS,1,0,1,1,68,1,Yes,No,Yes,No,Yes,Yes,Yes,1,103.75,7039.45,0,103.52132352941176,0,1,1,0,1,0,0,0,0,0,0,1
8812-ZRHFP,1,0,1,1,30,1,No,No,No,Yes,No,No,Yes,0,86.45,2538.05,0,84.60166666666667,1,0,1,0,0,1,0,0,1,0,0,0
5146-CBVOE,1,0,0,0,16,1,No,No,Yes,No,No,No,No,0,75.1,1212.85,0,75.803125,0,0,1,0,0,0,0,1,0,0,0,0
0454-OKRCT,0,0,0,0,33,1,No,No,Yes,No,Yes,No,No,0,80.6,2651.1,0,80.33636363636363,0,1,1,0,0,0,0,0,1,0,0,0
5787-KXGIY,0,0,1,0,72,1,No,No internet service,No internet service,No internet service,No internet service,No internet service,No internet service,0,19.3,1304.8,0,18.12222222222222,0,1,0,1,1,0,0,0,0,0,0,1
4750-ZRXIU,1,1,0,0,4,1,Yes,No,No,No,No,No,Yes,1,84.6,360.1,1,90.025,0,0,1,0,0,1,0,0,0,0,0,0
4198-VFOEA,1,0,0,0,12,0,No phone service,Yes,No,No,Yes,No,No,1,33.6,435.45,0,36.2875,1,0,0,0,0,0,1,0,0,0,0,0
6630-UJZMY,1,1,1,0,4,1,Yes,No,No,No,No,Yes,No,1,83.25,308.05,0,77.0125,0,0,1,0,0,1,0,0,0,0,0,0
6400-BWQKW,1,0,0,0,6,1,Yes,Yes,No,No,No,No,No,1,79.05,434.5,1,72.41666666666667,0,0,1,0,0,1,0,0,0,0,0,0
2692-AQCPF,1,0,1,0,65,1,Yes,No,Yes,Yes,Yes,Yes,Yes,1,108.05,7118.9,0,109.52153846153846,1,0,1,0,1,0,0,0,0,0,0,1
0347-UBKUZ,1,0,0,0,15,1,No,No internet service,No internet service,No internet service,No internet service,No internet service,No internet service,0,19.9,320.45,0,21.363333333333333,0,0,0,1,0,0,1,1,0,0,0,0
0835-DUUIQ,1,0,0,1,24,1,No,No internet service,No internet service,No internet service,No internet service,No internet service,No internet service,0,21.05,531.55,0,22.147916666666664,1,0,0,1,0,0,0,1,0,0,0,0
0811-GSDTP,1,0,0,1,13,0,No phone service,No,Yes,No,No,No,No,0,30.15,382.2,0,29.4,0,0,0,0,0,1,0,1,0,0,0,0
7567-ECMCM,0,0,0,0,24,1,No,No,No,No,No,No,Yes,1,79.85,2001.0,0,83.375,0,0,1,0,1,0,0,1,0,0,0,0
6115-ZTBFQ,1,0,1,0,72,0,No phone service,Yes,Yes,Yes,Yes,Yes,Yes,0,65.5,4919.7,0,68.32916666666667,0,1,0,0,0,0,0,0,0,0,0,1
6353-BRMMA,1,0,1,1,54,1,Yes,Yes,Yes,No,No,Yes,Yes,1,104.1,5645.8,0,104.55185185185185,0,0,1,0,0,0,0,0,0,0,1,0
6680-WKXRZ,1,0,0,0,3,1,Yes,No,No,No,No,No,No,0,74.4,215.8,1,71.93333333333334,0,0,1,0,0,0,0,0,0,0,0,0
6231-WFGFH,0,0,1,1,4,1,No,No internet service,No internet service,No internet service,No internet service,No internet service,No internet service,1,20.5,77.6,0,19.4,0,0,0,1,0,0,1,0,0,0,0,0
9904-EHEVJ,1,1,1,1,32,1,Yes,No,No,Yes,No,Yes,No,1,91.35,2896.55,0,90.5171875,0,0,1,0,0,0,1,0,1,0,0,0
7028-DVOIQ,0,1,0,0,35,1,Yes,No,No,Yes,No,Yes,Yes,1,99.05,3395.8,1,97.02285714285715,0,0,1,0,0,1,0,0,1,0,0,0
6169-PPETC,0,0,1,1,35,1,No,No internet service,No internet service,No internet service,No internet service,No internet service,No internet service,0,20.5,759.35,0,21.695714285714285,0,1,0,1,0,0,0,0,1,0,0,0
4208-UFFGW,0,1,0,0,2,1,No,No,No,No,No,No,No,0,44.95,85.15,1,42.575,0,0,0,0,0,0,1,0,0,0,0,0
8584-KMVXD,1,0,0,0,8,1,No,No,Yes,No,No,No,No,0,75.6,535.55,0,66.94375,0,0,1,0,0,1,0,0,0,0,0,0
8467-WYNSR,0,0,0,0,22,1,No,Yes,No,No,Yes,No,No,0,55.1,1253.15,0,56.96136363636364,0,0,0,0,0,0,1,1,0,0,0,0
0851-DFJKB,1,0,0,0,15,1,No,Yes,No,Yes,Yes,No,No,0,58.95,955.15,0,63.67666666666666,0,0,0,0,0,1,0,1,0,0,0,0
5382-SOYZL,0,0,0,0,22,1,Yes,No,No,No,No,Yes,Yes,1,95.1,2162.6,0,98.3,0,0,1,0,0,1,0,1,0,0,0,0
9448-REEVD,0,0,1,0,1,1,No,No,No,No,No,No,No,0,44.7,44.7,1,44.7,0,0,0,0,1,0,0,0,0,0,0,0
3261-CQXOL,1,0,1,1,71,1,Yes,No internet service,No internet service,No internet service,No internet service,No internet service,No internet service,0,25.45,1813.35,0,25.54014084507042,0,1,0,1,0,0,0,0,0,0,0,1
8388-FYNPZ,0,0,0,0,4,1,No,Yes,No,Yes,No,No,No,0,56.75,245.15,0,61.2875,0,0,0,0,0,1,0,0,0,0,0,0
4002-BQWPQ,0,0,0,0,25,1,Yes,Yes,Yes,Yes,Yes,No,Yes,0,81.75,2028.8,0,81.152,0,0,0,0,0,0,0,0,1,0,0,0
5651-YLPRD,1,0,1,1,32,1,No,No,Yes,No,No,Yes,No,1,86.1,2723.75,0,85.1171875,0,0,1,0,0,1,0,0,1,0,0,0
2826-DXLQO,0,1,1,0,7,0,No phone service,Yes,No,No,No,No,No,0,29.8,220.45,0,31.49285714285714,0,0,0,0,0,0,0,0,0,0,0,0
4378-BZYFP,0,0,0,0,17,1,No,No internet service,No internet service,No internet service,No internet service,No internet service,No internet service,1,20.5,365.8,0,21.51764705882353,1,0,0,1,0,0,1,1,0,0,0,0
9489-UTFKA,0,1,1,0,8,1,No,Yes,No,No,No,Yes,No,0,60.9,551.95,0,68.99375,0,0,0,0,0,0,0,0,0,0,0,0
4849-PYRLQ,1,1,0,0,56,1,Yes,Yes,No,Yes,Yes,No,Yes,0,73.25,4054.2,0,72.39642857142857,0,1,0,0,0,0,0,0,0,0,1,0
9117-SHLZX,0,0,0,0,1,1,No,No,No,No,No,No,No,1,45.7,45.7,1,45.7,0,0,0,0,0,0,1,0,0,0,0,0
9889-TMAHG,0,1,0,0,8,1,No,Yes,No,No,Yes,Yes,Yes,0,100.3,832.35,1,104.04375,0,0,1,0,1,0,0,0,0,0,0,0
4541-RMRLG,0,0,0,0,7,1,No,No internet service,No internet service,No internet service,No internet service,No internet service,No internet service,0,19.25,112.3,1,16.04285714285714,0,0,0,1,0,1,0,0,0,0,0,0
7764-BDPEE,0,0,0,1,3,1,No,No internet service,No internet service,No internet service,No internet service,No internet service,No internet service,0,20.85,60.65,0,20.216666666666665,0,0,0,1,0,0,1,0,0,0,0,0
3429-IFLEM,1,0,0,0,71,1,No,Yes,Yes,Yes,Yes,Yes,No,0,77.35,5550.1,0,78.17042253521127,0,1,0,0,1,0,0,0,0,0,0,1
3158-MOERK,1,0,0,0,2,1,Yes,No,No,No,No,Yes,Yes,1,96.0,174.8,1,87.4,0,0,1,0,0,1,0,0,0,0,0,0
7294-TMAOP,1,0,0,0,1,1,No,No,No,No,No,Yes,Yes,0,90.55,90.55,1,90.55,0,0,1,0,0,1,0,0,0,0,0,0
5002-GCQFH,0,0,1,0,49,1,Yes,Yes,Yes,No,No,Yes,No,1,93.85,4733.1,0,96.59387755102041,0,0,1,0,0,0,0,0,0,0,1,0
0556-FJEGU,0,0,0,0,58,1,No,No,Yes,Yes,Yes,Yes,No,0,70.1,4048.95,0,69.80948275862069,0,1,0,0,0,0,0,0,0,0,1,0
8919-FYFQZ,0,1,1,0,44,0,No phone service,No,Yes,No,No,No,No,1,30.35,1359.7,1,30.902272727272727,0,0,0,0,0,1,0,0,0,1,0,0
0604-THJFP,1,0,1,1,59,1,No,No,Yes,No,Yes,Yes,Yes,1,75.95,4542.35,0,76.98898305084747,0,1,0,0,1,0,0,0,0,0,1,0
2834-JRTUA,0,0,0,0,71,1,Yes,Yes,No,Yes,Yes,Yes,Yes,1,108.05,7532.15,1,106.08661971830985,0,1,1,0,0,1,0,0,0,0,0,1
5875-YPQFJ,0,0,0,0,1,1,No,No,No,No,No,No,No,1,69.9,69.9,1,69.9,0,0,1,0,0,1,0,0,0,0,0,0
5879-SESNB,1,0,0,0,11,1,Yes,No,No,No,No,No,No,0,75.25,888.65,0,80.78636363636363,0,0,1,0,0,1,0,0,0,0,0,0
6646-QVXLR,0,1,1,0,62,1,Yes,No,Yes,Yes,No,Yes,Yes,1,103.75,6383.35,1,102.95725806451614,1,0,1,0,0,1,0,0,0,0,0,1
6461-PPAXN,1,0,1,1,35,1,No,Yes,No,No,Yes,No,No,1,54.95,1916.0,0,54.74285714285714,1,0,0,0,0,0,0,0,1,0,0,0
3318-ISQFQ,1,0,0,0,20,1,No,No internet service,No internet service,No internet service,No internet service,No internet service,No internet service,1,19.5,413.0,0,20.65,0,0,0,1,0,0,0,1,0,0,0,0
1106-HRLKZ,0,0,1,1,40,1,No,No internet service,No internet service,No internet service,No internet service,No internet service,No internet service,0,19.6,808.95,0,20.223750000000003,0,1,0,1,0,0,1,0,0,1,0,0
2483-XSSMZ,1,0,0,0,39,1,No,Yes,No,No,No,No,No,1,47.85,1886.4,0,48.369230769230775,1,0,0,0,0,1,0,0,0,1,0,0
8603-IJWDN,0,0,0,0,1,1,Yes,No,No,No,No,No,Yes,1,86.6,86.6,1,86.6,0,0,1,0,0,1,0,0,0,0,0,0
8165-ZJRNM,1,0,1,1,72,1,Yes,No internet service,No internet service,No internet service,No internet service,No internet service,No internet service,0,23.75,1679.25,0,23.322916666666668,0,1,0,1,0,0,0,0,0,0,0,1
9369-XFEHK,1,1,1,0,33,1,Yes,No,Yes,No,No,No,No,1,80.6,2656.5,1,80.5,0,0,1,0,0,0,0,0,1,0,0,0
2604-XVDAM,1,0,0,0,12,1,No,No,No,No,No,No,No,0,43.8,540.95,0,45.07916666666667,0,0,0,0,0,0,0,0,0,0,0,0
3717-OFRTN,0,0,0,0,1,1,No,No internet service,No internet service,No internet service,No internet service,No internet service,No internet service,0,19.75,19.75,0,19.75,0,0,0,1,0,0,0,0,0,0,0,0
9046-JBFWA,0,0,0,1,27,1,No,No internet service,No internet service,No internet service,No internet service,No internet service,No internet service,0,19.15,537.35,0,19.901851851851852,0,0,0,1,0,0,1,0,1,0,0,0
3280-NMUVX,0,0,1,1,34,1,No,No internet service,No internet service,No internet service,No internet service,No internet service,No internet service,0,19.6,678.8,0,19.96470588235294,1,0,0,1,1,0,0,0,1,0,0,0
1206-EHBDD,1,0,1,0,56,1,No,Yes,No,Yes,No,No,No,0,80.3,4513.65,0,80.60089285714285,0,1,1,0,0,0,0,0,0,0,1,0
8361-LBRDI,1,0,0,0,58,1,Yes,No internet service,No internet service,No internet service,No internet service,No internet service,No internet service,0,24.35,1423.85,0,24.54913793103448,0,1,0,1,1,0,0,0,0,0,1,0
4883-KCPZJ,1,0,1,1,22,1,Yes,No internet service,No internet service,No internet service,No internet service,No internet service,No internet service,0,25.25,555.4,0,25.245454545454546,0,1,0,1,1,0,0,1,0,0,0,0
9108-EQPNQ,1,0,1,1,10,1,Yes,No internet service,No internet service,No internet service,No internet service,No internet service,No internet service,0,26.1,225.55,0,22.555,0,1,0,1,1,0,0,0,0,0,0,0
7277-KAMWT,0,0,0,0,13,1,No,No internet service,No internet service,No internet service,No internet service,No internet service,No internet service,0,20.0,268.45,0,20.65,0,1,0,1,1,0,0,1,0,0,0,0
3842-IYKUE,1,0,0,0,35,1,Yes,No,Yes,No,Yes,No,No,0,85.3,2917.5,1,83.35714285714286,0,0,1,0,1,0,0,0,1,0,0,0
6641-XRPSU,1,0,0,0,34,1,No,No,No,No,No,No,No,1,70.0,2416.1,1,71.06176470588235,0,0,1,0,1,0,0,0,1,0,0,0
1374-DMZUI,1,1,0,0,4,1,Yes,No,No,No,No,Yes,Yes,1,94.3,424.45,1,106.1125,0,0,1,0,0,1,0,0,0,0,0,0
2545-LXYVJ,0,0,1,0,72,1,No,No internet service,No internet service,No internet service,No internet service,No internet service,No internet service,0,20.7,1492.1,0,20.72361111111111,0,1,0,1,0,0,0,0,0,0,0,1
3234-VKACU,0,0,0,0,2,1,No,No,No,No,Yes,Yes,Yes,0,70.3,132.4,0,66.2,0,0,0,0,0,1,0,0,0,0,0,0
8357-EQXFO,1,0,0,0,7,1,No,No,No,Yes,No,Yes,Yes,1,95.35,660.9,1,94.41428571428571,0,0,1,0,0,1,0,0,0,0,0,0
1989-PRJHP,0,1,1,0,27,1,Yes,No,No,No,No,No,No,1,75.5,1893.95,1,70.1462962962963,0,0,1,0,0,1,0,0,1,0,0,0
8120-JDCAM,0,0,1,1,4,1,No,No,No,No,No,No,No,1,69.55,284.9,0,71.225,0,0,1,0,0,0,1,0,0,0,0,0
8917-FAEMR,1,0,0,0,37,1,No,No internet service,No internet service,No internet service,No internet service,No internet service,No internet service,0,19.85,784.25,0,21.195945945945947,0,1,0,1,0,0,1,0,0,1,0,0
7047-YXDMZ,0,0,0,0,21,1,No,No internet service,No internet service,No internet service,No internet service,No internet service,No internet service,0,20.0,417.7,0,19.89047619047619,0,0,0,1,0,0,1,1,0,0,0,0
2858-EIMXH,1,1,1,0,53,1,Yes,No,No,No,No,Yes,Yes,1,95.85,5016.25,0,94.64622641509433,1,0,1,0,1,0,0,0,0,0,1,0
9524-EGPJC,1,0,0,0,18,1,Yes,No,No,No,Yes,No,Yes,1,90.1,1612.75,1,89.59722222222223,0,0,1,0,0,1,0,1,0,0,0,0
6993-OHLXR,1,0,0,0,2,1,No,No,No,No,No,No,No,0,68.95,119.75,1,59.875,0,0,1,0,0,1,0,0,0,0,0,0
8818-XYFCQ,0,0,1,1,32,1,Yes,Yes,No,No,No,Yes,Yes,1,99.55,3204.65,1,100.1453125,0,0,1,0,1,0,0,0,1,0,0,0
6419-ZTTLE,0,1,1,0,23,1,No,No internet service,No internet service,No internet service,No internet service,No internet service,No internet service,1,20.75,485.2,0,21.09565217391304,1,0,0,1,0,1,0,1,0,0,0,0
0929-HYQEW,0,0,0,0,3,1,No,Yes,No,No,No,No,No,1,50.15,160.85,0,53.61666666666667,0,0,0,0,0,0,1,0,0,0,0,0
6614-YOLAC,1,0,1,1,71,0,No phone service,Yes,Yes,No,Yes,Yes,Yes,0,58.65,4145.25,0,58.38380281690141,0,1,0,0,0,0,1,0,0,0,0,1
7426-RHZGU,0,0,0,0,9,1,No,No,No,No,Yes,Yes,Yes,1,95.9,827.45,0,91.9388888888889,0,0,1,0,0,0,0,0,0,0,0,0
4065-JJAVA,1,0,0,0,1,1,No,No,Yes,No,No,No,No,0,49.5,49.5,0,49.5,0,0,0,0,0,1,0,0,0,0,0,0
4695-VADHF,0,0,1,1,18,1,No,No,No,Yes,No,No,Yes,0,57.45,990.85,1,55.047222222222224,0,0,0,0,0,1,0,1,0,0,0,0
3863-IUBJR,0,0,1,1,12,1,No,No,No,No,No,No,Yes,0,53.65,696.35,1,58.02916666666667,1,0,0,0,1,0,0,0,0,0,0,0
7649-SIJJF,0,0,1,0,71,1,Yes,Yes,Yes,Yes,Yes,No,Yes,1,80.1,5585.4,0,78.66760563380281,0,1,0,0,0,0,1,0,0,0,0,1
9361-YNQWJ,1,0,0,0,64,1,Yes,No internet service,No internet service,No internet service,No internet service,No internet service,No internet service,1,24.4,1601.2,0,25.01875,1,0,0,1,0,0,0,0,0,0,0,1
3748-FVMZZ,0,0,0,0,4,0,No phone service,No,No,No,Yes,No,Yes,1,40.05,162.45,0,40.6125,0,0,0,0,0,1,0,0,0,0,0,0
9391-TTOYH,1,0,0,0,23,1,No,No internet service,No internet service,No internet service,No internet service,No internet service,No internet service,1,19.5,470.2,0,20.443478260869565,0,0,0,1,0,0,1,1,0,0,0,0
1452-XRSJV,1,0,1,1,39,1,No,Yes,No,No,No,No,No,0,51.05,2066.0,0,52.97435897435897,0,0,0,0,1,0,0,0,0,1,0,0
3422-WJOYD,0,0,1,0,28,1,No,Yes,No,No,Yes,No,No,0,54.35,1426.45,0,50.94464285714286,1,0,0,0,0,0,1,0,1,0,0,0
8242-SOQUO,1,1,0,0,5,1,No,No,Yes,No,No,Yes,No,1,84.7,392.5,0,78.5,0,0,1,0,0,1,0,0,0,0,0,0
7460-ITWWP,1,1,1,0,45,1,No,No,No,Yes,No,No,Yes,1,86.1,3861.45,0,85.81,0,0,1,0,0,1,0,0,0,1,0,0
7147-AYBAA,0,0,0,0,37,1,No,No,No,No,No,No,No,1,70.35,2552.9,0,68.9972972972973,0,0,1,0,0,0,1,0,0,1,0,0
7868-TMWMZ,1,1,1,0,60,1,No,Yes,Yes,Yes,Yes,Yes,Yes,1,110.0,6668.35,0,111.13916666666667,0,1,1,0,0,0,0,0,0,0,1,0
4822-RVYBB,0,1,0,0,8,1,Yes,No,No,Yes,No,Yes,Yes,1,100.6,819.4,1,102.425,0,0,1,0,0,1,0,0,0,0,0,0
6732-FZUGP,1,0,0,0,47,1,Yes,Yes,No,Yes,No,Yes,No,0,94.9,4615.25,0,98.19680851063829,1,0,1,0,1,0,0,0,0,1,0,0
8436-BJUMM,0,0,1,1,26,1,Yes,No,No,No,No,Yes,No,1,83.75,2070.6,1,79.63846153846154,0,0,1,0,0,1,0,0,1,0,0,0
4184-TJFAN,1,1,1,1,3,1,No,Yes,No,No,Yes,Yes,No,1,88.3,273.75,1,91.25,0,0,1,0,0,0,1,0,0,0,0,0
8329-GWVPJ,1,0,1,1,50,1,No,No,No,No,No,No,No,1,69.75,3557.7,0,71.154,0,0,1,0,0,0,0,0,0,0,1,0
1352-VHKAJ,0,0,1,1,27,1,Yes,No,No,No,Yes,Yes,Yes,0,71.6,1957.1,0,72.48518518518519,0,0,0,0,0,0,0,0,1,0,0,0
4145-UQXUQ,1,1,0,0,8,1,No,No,No,Yes,No,Yes,Yes,1,92.1,729.95,1,91.24375,0,0,1,0,0,1,0,0,0,0,0,0
2632-TACXW,1,0,1,0,62,1,Yes,No internet service,No internet service,No internet service,No internet service,No internet service,No internet service,0,23.65,1416.75,0,22.850806451612904,0,1,0,1,0,0,0,0,0,0,0,1
8146-QQKZH,1,0,1,0,71,1,No,Yes,No,Yes,Yes,Yes,Yes,0,81.85,5924.4,0,83.44225352112676,0,1,0,0,0,0,0,0,0,0,0,1
1767-CJKBA,0,0,0,0,66,1,Yes,No internet service,No internet service,No internet service,No internet service,No internet service,No internet service,0,25.1,1697.7,0,25.722727272727273,0,1,0,1,0,0,1,0,0,0,0,1
6445-TNRXS,0,0,1,1,68,1,Yes,Yes,Yes,Yes,Yes,Yes,Yes,1,114.7,7849.85,0,115.43897058823529,0,1,1,0,0,0,0,0,0,0,0,1
4581-LNWUM,1,0,0,0,13,0,No phone service,No,No,Yes,No,Yes,Yes,0,49.15,649.4,0,49.95384615384615,0,0,0,0,0,1,0,1,0,0,0,0
4869-EPIUS,0,0,1,0,56,1,No,No,No,No,No,No,Yes,1,80.9,4557.5,0,81.38392857142857,1,0,1,0,0,1,0,0,0,0,1,0
9948-YPTDG,0,0,1,0,38,1,No,Yes,Yes,No,No,No,No,1,79.45,3013.05,1,79.29078947368421,0,0,1,0,0,1,0,0,0,1,0,0
1236-WFCDV,0,1,0,0,14,1,No,No,No,No,No,Yes,Yes,0,90.45,1266.1,1,90.43571428571428,0,0,1,0,1,0,0,1,0,0,0,0
1915-OAKWD,1,0,0,1,16,1,No,No internet service,No internet service,No internet service,No internet service,No internet service,No internet service,1,19.3,360.35,0,22.521875,1,0,0,1,0,0,0,1,0,0,0,0
7296-PIXQY,1,0,1,1,14,1,No,No,No,No,No,No,No,0,70.2,1046.5,0,74.75,0,0,1,0,0,1,0,1,0,0,0,0
4883-QICIH,0,0,1,1,32,1,No,No,No,No,No,No,No,1,69.75,2347.9,1,73.371875,0,0,1,0,0,0,0,0,1,0,0,0
3354-OADJP,1,0,0,0,8,1,No,Yes,No,No,Yes,No,No,0,54.25,447.75,0,55.96875,1,0,0,0,0,0,0,0,0,0,0,0
3524-WQDSG,1,0,1,1,43,1,Yes,No,No,Yes,No,Yes,Yes,1,99.3,4209.95,0,97.90581395348836,0,0,1,0,0,0,0,0,0,1,0,0
0810-DHDBD,1,0,0,0,52,1,Yes,Yes,No,Yes,Yes,Yes,No,0,74.0,3877.65,0,74.57019230769231,1,0,0,0,1,0,0,0,0,0,1,0
4026-SKKHW,0,0,0,0,3,1,No,No,No,No,Yes,No,No,1,50.25,152.3,0,50.76666666666667,0,0,0,0,0,0,1,0,0,0,0,0
2829-HYVZP,0,0,0,0,29,1,No,No internet service,No internet service,No internet service,No internet service,No internet service,No internet service,1,19.8,572.2,0,19.731034482758623,1,0,0,1,0,0,1,0,1,0,0,0
8329-IBCTI,1,0,0,0,1,1,No,No internet service,No internet service,No internet service,No internet service,No internet service,No internet service,0,19.65,19.65,1,19.65,0,0,0,1,0,0,1,0,0,0,0,0
1271-SJBGZ,0,1,0,0,12,0,No phone service,No,No,Yes,Yes,No,Yes,1,43.65,526.95,1,43.9125,0,0,0,0,0,1,0,0,0,0,0,0
3845-JHAMY,1,0,1,1,16,0,No phone service,No,No,No,No,No,Yes,1,35.5,552.7,0,34.54375,0,0,0,0,1,0,0,1,0,0,0,0
7013-PSXHK,1,0,0,0,40,1,Yes,No,No,Yes,Yes,Yes,Yes,1,80.75,3208.65,0,80.21625,1,0,0,0,0,0,1,0,0,1,0,0
5669-SRAIP,1,0,0,0,5,0,No phone service,No,No,Yes,No,No,Yes,0,39.5,210.75,1,42.15,0,0,0,0,0,1,0,0,0,0,0,0
5981-ITEMU,0,0,1,0,40,1,Yes,No,No,No,No,Yes,Yes,1,97.1,3706.95,1,92.67375,0,0,1,0,0,0,0,0,0,1,0,0
3486-NPGST,1,0,0,0,36,1,No,No internet service,No internet service,No internet service,No internet service,No internet service,No internet service,0,19.55,620.75,0,17.243055555555557,1,0,0,1,0,0,1,0,1,0,0,0
6941-PMGEP,1,0,0,0,5,1,No,No,No,No,No,No,Yes,1,80.0,412.5,1,82.5,0,0,1,0,0,1,0,0,0,0,0,0
1624-WOIWJ,1,0,0,0,10,1,No,Yes,No,No,No,Yes,No,1,84.7,832.05,1,83.205,0,0,1,0,0,0,1,0,0,0,0,0
2074-GKOWZ,0,0,1,1,2,1,No,No,No,No,No,Yes,Yes,1,89.55,185.55,1,92.775,0,0,1,0,0,0,0,0,0,0,0,0
0376-YMCJC,0,0,0,0,23,1,Yes,No,No,No,Yes,Yes,No,1,90.6,1943.2,1,84.48695652173913,0,0,1,0,0,1,0,1,0,0,0,0
6100-FJZDG,0,0,1,1,26,1,No,No internet service,No internet service,No internet service,No internet service,No internet service,No internet service,1,20.05,505.9,0,19.457692307692305,1,0,0,1,0,0,0,0,1,0,0,0
4829-ZLJTK,1,1,1,0,72,1,Yes,Yes,Yes,Yes,No,Yes,Yes,1,112.4,8046.85,0,111.76180555555555,0,1,1,0,0,1,0,0,0,0,0,1
1730-VFMWO,1,0,1,0,34,1,No,No,No,No,Yes,No,No,0,50.2,1815.3,0,53.391176470588235,0,0,0,0,0,0,0,0,1,0,0,0
7143-BQIBA,0,0,0,0,10,1,No,Yes,No,No,Yes,Yes,No,0,62.25,612.95,0,61.295,0,0,0,0,0,0,0,0,0,0,0,0
3800-LYTRK,1,0,0,0,14,1,No,Yes,No,No,Yes,No,No,0,55.7,795.15,0,56.79642857142857,1,0,0,0,0,0,1,1,0,0,0,0
0634-SZPQA,1,0,0,0,23,1,Yes,Yes,No,No,No,Yes,No,1,90.05,2169.8,1,94.33913043478262,0,0,1,0,0,0,0,1,0,0,0,0
9646-NMHXE,0,0,1,0,47,1,No,No internet service,No internet service,No internet service,No internet service,No internet service,No internet service,0,19.65,973.1,0,20.70425531914894,0,1,0,1,0,0,1,0,0,1,0,0
7030-NJVDP,0,0,1,0,24,1,No,Yes,No,No,Yes,No,Yes,1,89.25,2210.2,0,92.09166666666665,0,0,1,0,0,1,0,1,0,0,0,0
5536-RTPWK,0,0,1,0,49,1,Yes,No,Yes,No,No,Yes,Yes,1,99.05,4853.75,1,99.0561224489796,0,0,1,0,0,0,0,0,0,0,1,0
8883-GRDWQ,0,1,0,0,20,1,No,Yes,No,No,Yes,No,No,0,54.0,1055.9,0,52.795,1,0,0,0,0,0,1,1,0,0,0,0
6166-ILMNY,1,0,0,0,2,1,No,No,No,No,No,No,No,0,69.75,144.55,1,72.275,0,0,1,0,0,0,0,0,0,0,0,0
3097-NNSPB,1,0,0,0,2,1,No,No,Yes,No,No,No,No,1,49.05,91.1,1,45.55,0,0,0,0,1,0,0,0,0,0,0,0
7771-ZONAT,0,0,0,0,22,0,No phone service,No,No,Yes,Yes,Yes,Yes,0,56.75,1304.85,0,59.31136363636363,0,1,0,0,0,0,0,1,0,0,0,0
0655-RBDUG,0,0,0,0,7,1,Yes,No,No,Yes,No,Yes,Yes,1,98.05,713.0,1,101.85714285714286,0,0,1,0,0,0,0,0,0,0,0,0
2111-DWYHN,0,0,0,0,1,1,No,No internet service,No internet service,No internet service,No internet service,No internet service,No internet service,0,21.1,21.1,0,21.1,0,0,0,1,0,0,1,0,0,0,0,0
4194-WHFCB,1,0,1,1,59,1,Yes,No,Yes,No,Yes,No,Yes,1,96.65,5580.8,0,94.58983050847458,0,0,1,0,0,0,0,0,0,0,1,0
4121-AGSIN,1,0,1,1,58,1,Yes,No internet service,No internet service,No internet service,No internet service,No internet service,No internet service,1,24.5,1497.9,0,25.82586206896552,1,0,0,1,1,0,0,0,0,0,1,0
4361-BKAXE,1,0,0,0,41,1,Yes,Yes,Yes,Yes,Yes,Yes,Yes,1,114.5,4527.45,1,110.42560975609756,0,0,1,0,0,0,0,0,0,1,0,0
9845-PEEKO,1,1,0,0,59,1,Yes,No,Yes,No,No,No,No,1,79.2,4590.35,0,77.80254237288136,0,1,1,0,1,0,0,0,0,0,1,0
0455-XFASS,1,0,1,1,3,1,No,No,No,No,No,No,No,1,69.55,200.2,0,66.73333333333333,0,0,1,0,0,1,0,0,0,0,0,0
0301-KOBTQ,0,0,0,0,32,1,No,No internet service,No internet service,No internet service,No internet service,No internet service,No internet service,1,20.05,614.45,0,19.2015625,0,1,0,1,0,0,0,0,1,0,0,0
1751-NCDLI,0,1,1,0,46,1,Yes,No,No,Yes,No,Yes,Yes,1,98.85,4564.9,0,99.23695652173912,0,0,1,0,0,1,0,0,0,1,0,0
9878-TNQGW,0,0,0,0,2,1,No,No,No,No,No,No,Yes,1,80.95,171.15,1,85.575,0,0,1,0,0,1,0,0,0,0,0,0
9170-ARBTB,1,0,1,1,52,1,No,No internet service,No internet service,No internet service,No internet service,No internet service,No internet service,0,19.6,1012.4,0,19.46923076923077,1,0,0,1,1,0,0,0,0,0,1,0
4441-NIHPT,1,1,0,0,13,1,No,No,No,Yes,No,No,No,1,74.3,940.35,1,72.33461538461539,0,0,1,0,0,1,0,1,0,0,0,0
8999-BOHSE,1,1,0,0,11,1,No,No,No,No,No,Yes,Yes,0,89.7,1047.7,1,95.24545454545455,0,0,1,0,0,0,0,0,0,0,0,0
7241-AJHFS,0,0,0,0,32,1,Yes,Yes,No,No,Yes,No,No,0,87.65,2766.4,0,86.45,0,0,1,0,0,0,0,0,1,0,0,0
7029-RPUAV,0,1,1,0,17,1,Yes,No,No,Yes,No,Yes,Yes,1,100.45,1622.45,1,95.43823529411765,0,0,1,0,1,0,0,1,0,0,0,0
4546-FOKWR,1,0,0,0,16,1,Yes,No,No,No,No,No,No,1,74.75,1129.35,0,70.584375,0,0,1,0,1,0,0,1,0,0,0,0
9036-CSKBW,1,0,0,0,51,1,Yes,Yes,Yes,Yes,No,Yes,Yes,0,107.45,5680.9,0,111.39019607843136,1,0,1,0,0,0,0,0,0,0,1,0
5832-TRLPB,0,0,0,0,29,1,No,No,No,Yes,Yes,Yes,Yes,1,75.35,2243.9,0,77.37586206896552,1,0,0,0,0,0,0,0,1,0,0,0
8590-YFFQO,0,0,1,0,70,1,No,Yes,Yes,Yes,Yes,No,No,0,64.95,4523.25,0,64.61785714285715,0,1,0,0,1,0,0,0,0,0,0,1
8659-IOOPU,1,0,1,1,71,1,Yes,Yes,No,Yes,Yes,No,Yes,0,100.45,7159.7,0,100.84084507042253,0,1,1,0,0,1,0,0,0,0,0,1
1338-CECEE,0,0,1,1,41,1,Yes,No,Yes,Yes,No,Yes,No,0,68.5,2839.95,0,69.2670731707317,1,0,0,0,0,0,0,0,0,1,0,0
7439-DKZTW,0,0,0,0,1,1,No,No,No,No,No,Yes,No,1,80.55,80.55,0,80.55,0,0,1,0,0,1,0,0,0,0,0,0
4646-QZXTF,1,0,1,0,7,1,No,Yes,No,Yes,Yes,Yes,Yes,0,81.25,580.1,0,82.87142857142858,0,0,0,0,0,0,0,0,0,0,0,0
4607-CHPCA,0,0,1,1,25,1,No,No,No,No,No,Yes,Yes,1,90.4,2178.6,1,87.14399999999999,1,0,1,0,0,1,0,0,1,0,0,0
9742-XOKTS,0,0,1,1,67,1,Yes,Yes,Yes,No,Yes,No,No,0,89.55,6038.55,0,90.12761194029851,1,0,1,0,0,1,0,0,0,0,0,1
6921-OZMFH,0,0,1,1,5,1,Yes,No,No,No,Yes,No,No,1,55.7,259.4,0,51.879999999999995,0,0,0,0,0,0,1,0,0,0,0,0
9578-FOMUK,0,0,0,1,15,1,Yes,No internet service,No internet service,No internet service,No internet service,No internet service,No internet service,1,24.8,324.15,0,21.61,0,0,0,1,0,1,0,1,0,0,0,0
4712-UYOOI,1,0,1,1,20,1,No,No internet service,No internet service,No internet service,No internet service,No internet service,No internet service,0,20.0,417.65,0,20.8825,0,0,0,1,0,1,0,1,0,0,0,0
8824-RWFXJ,0,0,1,1,3,1,No,No,Yes,Yes,No,No,No,1,56.15,168.15,1,56.050000000000004,0,0,0,0,0,0,1,0,0,0,0,0
7722-CVFXN,0,0,1,1,54,1,Yes,No,Yes,No,Yes,Yes,Yes,1,105.2,5637.85,0,104.40462962962964,1,0,1,0,0,1,0,0,0,0,1,0
8717-VCTXJ,0,0,0,0,42,1,No,No internet service,No internet service,No internet service,No internet service,No internet service,No internet service,1,19.55,839.4,0,19.985714285714284,1,0,0,1,0,0,1,0,0,1,0,0
7363-QTBIW,1,0,1,0,9,1,No,No,No,No,No,No,Yes,1,79.75,769.1,0,85.45555555555556,0,0,1,0,0,1,0,0,0,0,0,0
4159-NAAIX,1,0,0,0,63,1,Yes,No,Yes,No,No,Yes,Yes,0,97.45,6253.0,0,99.25396825396825,0,1,1,0,0,0,0,0,0,0,0,1
0971-QIFJK,1,0,1,0,69,1,Yes,No internet service,No internet service,No internet service,No internet service,No internet service,No internet service,0,24.25,1641.8,0,23.794202898550726,0,1,0,1,0,0,0,0,0,0,0,1
9397-TZSHA,1,0,0,0,69,1,Yes,No internet service,No internet service,No internet service,No internet service,No internet service,No internet service,0,24.6,1678.05,0,24.319565217391304,0,1,0,1,1,0,0,0,0,0,0,1
3391-JSQEW,0,0,1,0,40,1,No,No,Yes,No,No,No,No,1,50.15,2058.5,0,51.4625,0,0,0,0,0,0,1,0,0,1,0,0
0343-QLUZP,0,0,0,0,60,0,No phone service,Yes,Yes,Yes,No,No,No,0,39.6,2424.5,0,40.40833333333333,0,1,0,0,0,0,0,0,0,0,1,0
9763-PDTKK,1,0,0,0,4,1,No,Yes,No,Yes,Yes,No,Yes,1,94.4,387.2,1,96.8,0,0,1,0,0,0,0,0,0,0,0,0
2176-LVPNX,1,1,0,0,71,1,Yes,Yes,Yes,Yes,Yes,Yes,Yes,0,89.85,6293.45,0,88.64014084507042,0,1,0,0,0,0,1,0,0,0,0,1
7627-JKIAZ,1,0,1,0,37,1,Yes,No,No,Yes,No,No,No,1,78.95,2839.65,1,76.7472972972973,0,0,1,0,1,0,0,0,0,1,0,0
3312-UUMZW,0,0,1,0,32,1,Yes,No,Yes,No,No,Yes,Yes,1,98.85,3145.9,0,98.309375,0,0,1,0,1,0,0,0,1,0,0,0
1271-UODNO,0,0,0,0,39,1,Yes,No,No,No,Yes,No,No,1,53.85,2200.7,0,56.42820512820512,0,1,0,0,1,0,0,0,0,1,0,0
8461-EFQYM,1,0,0,0,38,1,Yes,No internet service,No internet service,No internet service,No internet service,No internet service,No internet service,1,24.25,914.4,0,24.063157894736843,1,0,0,1,0,1,0,0,0,1,0,0
6900-RBKER,0,0,0,0,52,1,Yes,No,No,Yes,No,No,Yes,1,89.45,4577.75,0,88.03365384615384,0,1,1,0,1,0,0,0,0,0,1,0
6891-JPYFF,1,0,1,1,48,1,Yes,Yes,Yes,No,No,Yes,Yes,1,105.25,4997.5,0,104.11458333333333,0,0,1,0,1,0,0,0,0,1,0,0
1459-QNFQT,0,0,1,1,70,0,No phone service,Yes,No,Yes,Yes,Yes,Yes,0,59.5,4144.8,0,59.21142857142858,0,1,0,0,0,0,0,0,0,0,0,1
1047-NNCBF,0,0,0,0,20,1,No,No,No,No,No,No,No,0,70.55,1493.55,0,74.6775,0,0,1,0,1,0,0,1,0,0,0,0
3696-XRIEN,1,0,0,0,50,1,Yes,Yes,No,Yes,Yes,Yes,Yes,1,82.5,4179.1,0,83.58200000000001,1,0,0,0,1,0,0,0,0,0,1,0
4081-DYXAV,1,0,0,0,19,0,No phone service,No,No,No,No,Yes,Yes,1,44.85,893.55,1,47.02894736842105,1,0,0,0,1,0,0,1,0,0,0,0
0074-HDKDG,0,0,1,1,25,1,No,Yes,Yes,Yes,No,No,No,1,61.6,1611.0,0,64.44,1,0,0,0,0,0,0,0,1,0,0,0
8791-GFXLZ,0,0,0,0,12,1,No,No,Yes,No,No,No,No,1,49.05,593.05,0,49.42083333333333,0,0,0,0,0,0,0,0,0,0,0,0
8111-SLLHI,0,1,1,0,39,1,Yes,No,Yes,Yes,No,Yes,Yes,1,105.65,4284.8,1,109.86666666666667,0,0,1,0,0,1,0,0,0,1,0,0
0927-LCSMG,0,0,0,0,7,1,No,No,No,Yes,No,No,No,0,74.65,544.55,1,77.79285714285713,0,0,1,0,0,0,1,0,0,0,0,0
9330-DHBFL,1,0,1,1,23,1,No,Yes,Yes,Yes,Yes,No,No,1,66.25,1533.8,0,66.68695652173913,1,0,0,0,0,0,1,1,0,0,0,0
0098-BOWSO,0,0,0,0,27,1,No,No internet service,No internet service,No internet service,No internet service,No internet service,No internet service,1,19.4,529.8,0,19.62222222222222,0,0,0,1,0,1,0,0,1,0,0,0
3452-ABWRL,0,1,0,0,47,1,Yes,No,No,No,No,Yes,No,1,86.05,3865.6,0,82.2468085106383,0,0,1,0,1,0,0,0,0,1,0,0
5859-HZYLF,0,0,1,1,26,1,No,No internet service,No internet service,No internet service,No internet service,No internet service,No internet service,1,19.15,515.75,0,19.83653846153846,0,1,0,1,1,0,0,0,1,0,0,0
8257-RZAHR,1,0,1,0,14,1,Yes,Yes,No,No,No,Yes,No,1,64.7,941.0,1,67.21428571428571,0,0,0,0,0,0,0,1,0,0,0,0
5293-WXJAK,1,1,1,0,11,1,Yes,No,No,Yes,Yes,Yes,Yes,1,104.05,1133.65,1,103.05909090909091,0,0,1,0,0,0,0,0,0,0,0,0
3156-QLHBO,0,0,0,1,2,1,No,No internet service,No internet service,No internet service,No internet service,No internet service,No internet service,0,19.25,48.35,0,24.175,0,0,0,1,0,0,1,0,0,0,0,0
2208-NQBCT,1,0,1,1,26,1,No,Yes,Yes,No,No,No,No,0,81.95,2070.05,0,79.6173076923077,0,0,1,0,0,1,0,0,1,0,0,0
1779-PWPMG,1,1,1,0,72,1,Yes,Yes,Yes,Yes,Yes,Yes,Yes,1,114.65,8333.95,0,115.74930555555557,0,1,1,0,0,0,0,0,0,0,0,1
6621-NRZAK,1,0,1,1,63,1,No,No internet service,No internet service,No internet service,No internet service,No internet service,No internet service,0,20.0,1209.25,0,19.194444444444443,0,1,0,1,1,0,0,0,0,0,0,1
0831-JNISG,0,0,1,1,71,1,No,No internet service,No internet service,No internet service,No internet service,No internet service,No internet service,0,19.8,1396.25,0,19.66549295774648,0,1,0,1,0,0,1,0,0,0,0,1
0774-IFUVM,0,0,1,1,11,1,Yes,Yes,No,No,No,Yes,No,1,65.15,723.35,0,65.75909090909092,0,0,0,0,0,0,0,0,0,0,0,0
3082-WQRVY,0,1,1,0,14,1,No,No internet service,No internet service,No internet service,No internet service,No internet service,No internet service,0,19.65,228.65,0,16.33214285714286,1,0,0,1,0,0,1,1,0,0,0,0
9553-DLCLU,1,0,0,1,13,1,Yes,Yes,Yes,Yes,Yes,Yes,Yes,0,88.95,1161.75,0,89.36538461538461,0,1,0,0,1,0,0,1,0,0,0,0
1641-BYBTK,0,0,0,1,6,1,No,No internet service,No internet service,No internet service,No internet service,No internet service,No internet service,1,20.2,98.35,0,16.391666666666666,0,0,0,1,0,0,1,0,0,0,0,0
2460-NGXBJ,0,1,1,1,11,1,Yes,No,No,No,No,No,No,1,75.2,775.3,0,70.48181818181818,0,0,1,0,1,0,0,0,0,0,0,0
2446-ZKVAF,0,0,1,0,18,1,Yes,No,Yes,No,No,No,No,0,56.8,1074.65,0,59.70277777777778,0,0,0,0,1,0,0,1,0,0,0,0
0841-NULXI,0,0,0,0,1,0,No phone service,No,No,No,No,No,Yes,1,35.55,35.55,1,35.55,0,0,0,0,0,1,0,0,0,0,0,0
3522-CDKHF,1,0,1,0,32,1,No,Yes,No,No,No,No,No,1,75.5,2324.7,0,72.646875,0,0,1,0,0,0,0,0,1,0,0,0
1430-SFQSA,0,0,0,0,29,0,No phone service,Yes,No,No,Yes,No,No,0,35.6,1072.6,0,36.98620689655172,1,0,0,0,0,0,1,0,1,0,0,0
0411-EZJZE,1,0,0,0,3,1,Yes,No,No,No,No,Yes,No,1,60.25,170.5,0,56.833333333333336,0,0,0,0,0,1,0,0,0,0,0,0
7851-WZEKY,1,0,0,0,2,1,Yes,No,No,No,No,Yes,Yes,1,95.15,196.9,1,98.45,0,0,1,0,0,1,0,0,0,0,0,0
8844-TONUD,0,0,1,1,13,1,No,No,No,Yes,No,Yes,Yes,1,96.65,1162.85,1,89.44999999999999,0,0,1,0,0,0,1,1,0,0,0,0
8807-ARQET,1,0,0,0,41,0,No phone service,No,Yes,No,No,No,Yes,1,40.35,1677.85,0,40.923170731707316,0,0,0,0,0,1,0,0,0,1,0,0
8992-CEUEN,1,0,0,0,1,1,No,No internet service,No internet service,No internet service,No internet service,No internet service,No internet service,0,18.85,18.85,0,18.85,0,0,0,1,0,1,0,0,0,0,0,0
4320-QMLLA,0,0,0,0,7,1,No,No,No,No,No,Yes,No,0,54.85,370.4,0,52.91428571428571,0,0,0,0,0,0,1,0,0,0,0,0
8777-PVYGU,1,0,1,0,52,1,No,Yes,No,Yes,No,Yes,No,1,64.3,3410.6,0,65.58846153846153,1,0,0,0,0,0,1,0,0,0,1,0
8292-ITGYJ,1,0,1,1,45,1,Yes,No internet service,No internet service,No internet service,No internet service,No internet service,No internet service,1,24.65,1138.8,0,25.306666666666665,0,1,0,1,0,0,0,0,0,1,0,0
6870-ZWMNX,0,0,1,0,70,1,Yes,No,Yes,Yes,Yes,Yes,No,0,76.1,5264.25,0,75.20357142857142,0,1,0,0,1,0,0,0,0,0,0,1
0621-CXBKL,1,0,0,0,53,1,No,No internet service,No internet service,No internet service,No internet service,No internet service,No internet service,0,18.7,1005.7,0,18.975471698113207,0,1,0,1,0,0,1,0,0,0,1,0
5268-DSMNQ,1,1,1,0,62,1,Yes,No,Yes,Yes,No,Yes,No,1,97.95,5936.55,0,95.7508064516129,1,0,1,0,1,0,0,0,0,0,0,1
5334-JLAXU,1,0,1,0,60,1,Yes,Yes,Yes,No,No,No,Yes,1,94.1,5475.9,0,91.265,0,0,1,0,1,0,0,0,0,0,1,0
4086-YQSNZ,1,1,1,0,3,1,No,No,No,No,No,Yes,No,1,80.4,224.05,1,74.68333333333334,0,0,1,0,0,1,0,0,0,0,0,0
6242-MBHPK,1,1,1,0,23,1,No,Yes,No,No,No,Yes,Yes,1,95.1,2326.05,0,101.13260869565218,0,0,1,0,0,1,0,1,0,0,0,0
5868-CZJDR,0,0,0,1,1,0,No phone service,No,Yes,No,No,No,No,1,31.35,31.35,1,31.35,0,0,0,0,0,0,1,0,0,0,0,0
9359-UGBTK,1,0,0,0,67,1,No,Yes,No,Yes,Yes,No,Yes,1,72.35,4991.5,0,74.5,1,0,0,0,0,0,0,0,0,0,0,1
0135-NMXAP,1,0,0,0,12,1,Yes,No,Yes,No,No,Yes,No,1,89.75,1052.4,1,87.7,0,0,1,0,0,0,0,0,0,0,0,0
4782-OSFXZ,1,1,1,0,71,1,Yes,Yes,Yes,Yes,Yes,No,Yes,1,82.7,5831.2,0,82.12957746478872,0,1,0,0,0,0,0,0,0,0,0,1
6479-OAUSD,0,0,0,0,25,1,No,No internet service,No internet service,No internet service,No internet service,No internet service,No internet service,0,19.9,510.8,0,20.432000000000002,1,0,0,1,1,0,0,0,1,0,0,0
7129-ACFOG,1,0,0,0,5,1,Yes,Yes,No,No,No,No,No,1,53.8,283.95,0,56.79,0,0,0,0,0,1,0,0,0,0,0,0
4189-NAKJS,0,0,0,0,26,1,Yes,No,No,No,No,No,No,1,51.55,1295.4,0,49.823076923076925,1,0,0,0,1,0,0,0,1,0,0,0
5562-BETPV,0,0,1,1,1,1,No,No internet service,No internet service,No internet service,No internet service,No internet service,No internet service,0,19.65,19.65,0,19.65,1,0,0,1,0,0,1,0,0,0,0,0
1282-IHQAC,0,1,0,0,70,0,No phone service,No,Yes,Yes,No,Yes,No,1,44.05,3011.65,0,43.02357142857143,1,0,0,0,1,0,0,0,0,0,0,1
9127-FHJBZ,0,0,1,1,72,1,Yes,Yes,Yes,Yes,Yes,Yes,Yes,1,114.0,8093.15,0,112.4048611111111,0,1,1,0,0,1,0,0,0,0,0,1
6270-OMFIW,0,0,1,0,60,1,No,No,Yes,No,No,Yes,Yes,1,94.4,5610.25,1,93.50416666666666,1,0,1,0,0,1,0,0,0,0,1,0
1641-RQDAY,1,1,1,1,32,1,Yes,No,Yes,No,No,Yes,Yes,1,100.4,3217.65,0,100.5515625,0,0,1,0,0,1,0,0,1,0,0,0
0107-WESLM,0,0,0,0,1,1,No,No internet service,No internet service,No internet service,No internet service,No internet service,No internet service,1,19.85,19.85,1,19.85,0,0,0,1,0,1,0,0,0,0,0,0
6994-ORCWG,1,0,0,0,14,1,Yes,No,Yes,No,No,No,No,1,54.25,773.2,0,55.228571428571435,1,0,0,0,0,0,1,1,0,0,0,0
1346-UFHAX,1,0,0,0,13,1,Yes,Yes,No,No,No,No,No,1,80.0,1029.35,0,79.18076923076923,0,0,1,0,1,0,0,1,0,0,0,0
3992-YWPKO,1,0,0,0,6,1,Yes,No,Yes,Yes,Yes,Yes,Yes,1,109.9,669.45,1,111.575,0,0,1,0,1,0,0,0,0,0,0,0
2933-XEUJM,1,0,0,0,46,1,Yes,Yes,No,Yes,No,Yes,Yes,0,79.2,3593.8,0,78.12608695652175,0,1,0,0,0,0,1,0,0,1,0,0
0125-LZQXK,0,0,0,0,15,1,No,No,No,Yes,Yes,Yes,Yes,1,101.35,1553.95,1,103.59666666666666,0,0,1,0,0,1,0,1,0,0,0,0
5461-QKNTN,0,1,1,0,43,1,Yes,No,Yes,No,Yes,Yes,No,1,94.3,3953.15,0,91.93372093023255,0,0,1,0,0,1,0,0,0,1,0,0
4835-YSJMR,0,0,0,0,39,1,No,No,No,No,Yes,No,No,1,49.8,1971.15,0,50.542307692307695,0,1,0,0,0,0,0,0,0,1,0,0
8399-YNDCH,0,1,0,0,21,1,No,No,No,Yes,No,Yes,No,1,60.05,1236.15,1,58.86428571428572,0,0,0,0,0,0,0,1,0,0,0,0
3164-YAXFY,0,0,0,0,57,0,No phone service,Yes,No,Yes,No,Yes,Yes,1,53.75,3196.0,0,56.07017543859649,0,0,0,0,0,1,0,0,0,0,1,0
0887-WBJVH,1,0,1,0,53,1,No,No,No,No,Yes,Yes,Yes,1,93.45,4872.2,0,91.92830188679245,1,0,1,0,0,1,0,0,0,0,1,0
4660-IRIBM,0,0,1,1,18,1,No,Yes,No,Yes,No,Yes,No,1,87.9,1500.5,0,83.36111111111111,0,0,1,0,0,0,1,1,0,0,0,0
5673-FSSMF,1,0,0,0,1,1,Yes,No,No,No,No,No,Yes,1,60.15,60.15,1,60.15,0,0,0,0,0,1,0,0,0,0,0,0
7670-ZBPOQ,1,0,1,0,58,1,Yes,Yes,No,No,Yes,No,No,1,61.05,3478.75,0,59.97844827586207,1,0,0,0,0,0,0,0,0,0,1,0
8089-UZWLX,1,1,0,0,71,1,Yes,No,No,Yes,No,Yes,Yes,0,104.05,7413.55,0,104.41619718309859,0,1,1,0,0,0,0,0,0,0,0,1
0080-OROZO,1,0,0,0,35,1,No,No,No,Yes,Yes,Yes,Yes,1,99.25,3532.0,0,100.91428571428571,1,0,1,0,0,1,0,0,1,0,0,0
3916-NRPAP,0,0,0,0,3,1,No,No,No,Yes,No,No,Yes,0,85.7,256.75,0,85.58333333333333,0,0,1,0,1,0,0,0,0,0,0,0
6807-SIWJI,0,0,0,0,38,1,Yes,Yes,Yes,No,No,Yes,Yes,1,104.85,3887.25,0,102.29605263157895,1,0,1,0,0,1,0,0,0,1,0,0
8221-HVAYI,0,0,1,1,35,1,Yes,Yes,Yes,Yes,Yes,No,No,1,69.15,2490.15,0,71.14714285714285,0,1,0,0,1,0,0,0,1,0,0,0
1579-KLYDT,0,0,0,0,7,1,Yes,No,No,Yes,No,Yes,No,1,90.45,593.45,1,84.77857142857144,0,0,1,0,0,1,0,0,0,0,0,0
5232-NXPAY,1,0,0,0,47,1,No,No,No,Yes,Yes,Yes,Yes,0,74.45,3510.3,0,74.6872340425532,0,1,0,0,0,0,1,0,0,1,0,0
8967-SZQAS,1,0,0,0,14,1,No,No,Yes,No,No,No,No,0,50.45,765.45,0,54.675000000000004,0,0,0,0,0,1,0,1,0,0,0,0
4468-KAZHE,1,1,1,0,20,1,No,No,Yes,No,No,No,Yes,1,60.0,1259.35,0,62.967499999999994,0,0,0,0,0,1,0,1,0,0,0,0
0455-ENTCR,0,0,1,0,66,1,Yes,Yes,Yes,No,Yes,Yes,Yes,0,85.25,5538.35,0,83.91439393939395,0,1,0,0,0,1,0,0,0,0,0,1
8944-AILEF,0,0,1,0,15,1,No,No internet service,No internet service,No internet service,No internet service,No internet service,No internet service,1,19.45,340.85,0,22.723333333333336,0,0,0,1,1,0,0,1,0,0,0,0
5542-NKVRU,1,0,0,0,42,1,No,No internet service,No internet service,No internet service,No internet service,No internet service,No internet service,1,20.75,844.45,0,20.10595238095238,0,1,0,1,0,0,0,0,0,1,0,0
7126-RBHSD,1,0,1,0,17,1,Yes,Yes,No,No,No,No,No,0,78.9,1348.95,0,79.35000000000001,0,0,1,0,0,1,0,1,0,0,0,0
5370-IIVVL,0,0,0,0,37,1,Yes,No,Yes,No,Yes,Yes,Yes,1,104.5,3778.0,0,102.10810810810811,1,0,1,0,1,0,0,0,0,1,0,0
6789-HJBWG,1,0,0,0,12,1,No,No,Yes,No,No,No,No,1,49.4,611.65,0,50.97083333333333,0,0,0,0,0,1,0,0,0,0,0,0
3927-NLNRY,0,0,1,0,53,1,No,No,Yes,No,No,Yes,Yes,1,94.25,4867.95,1,91.84811320754717,1,0,1,0,0,0,0,0,0,0,1,0
9087-EYCPR,1,0,0,0,60,1,Yes,No internet service,No internet service,No internet service,No internet service,No internet service,No internet service,0,25.0,1505.05,0,25.084166666666665,0,1,0,1,0,0,1,0,0,0,1,0
6791-YBNAK,0,0,1,1,18,0,No phone service,No,No,No,No,No,No,0,25.55,467.85,0,25.991666666666667,0,0,0,0,1,0,0,1,0,0,0,0
6358-LYNGM,0,0,0,0,1,1,Yes,No,No,No,No,No,No,1,74.9,74.9,1,74.9,0,0,1,0,0,1,0,0,0,0,0,0
6077-BDPXA,1,0,0,0,3,1,No,No,No,No,No,No,No,1,70.15,194.2,0,64.73333333333333,0,0,1,0,0,1,0,0,0,0,0,0
0013-MHZWF,1,0,0,1,9,1,No,No,No,No,Yes,Yes,Yes,1,69.4,571.45,0,63.49444444444445,0,0,0,0,1,0,0,0,0,0,0,0
5494-HECPR,1,0,0,0,1,1,No,No,No,No,No,Yes,No,1,80.25,80.25,1,80.25,0,0,1,0,0,1,0,0,0,0,0,0
8268-YDIXR,0,0,1,0,56,1,Yes,Yes,Yes,Yes,No,No,No,1,93.15,5253.95,0,93.82053571428571,1,0,1,0,0,1,0,0,0,0,1,0
9824-BEMCV,0,0,1,1,17,1,No,No,No,No,No,No,No,1,69.0,1149.65,1,67.62647058823529,0,0,1,0,0,1,0,1,0,0,0,0
1373-ORVIZ,1,0,1,1,11,1,Yes,No,No,No,Yes,No,Yes,1,66.35,740.8,1,67.34545454545454,0,0,0,0,0,1,0,0,0,0,0,0
4291-SHSBH,0,0,0,0,7,1,No,No,No,No,No,No,No,1,69.55,521.35,0,74.47857142857143,0,0,1,0,0,1,0,0,0,0,0,0
6980-IMXXE,1,0,1,1,69,1,No,No internet service,No internet service,No internet service,No internet service,No internet service,No internet service,0,20.2,1412.65,0,20.473188405797103,0,1,0,1,0,0,0,0,0,0,0,1
9866-QEVEE,0,0,0,0,19,1,Yes,No,No,No,No,No,Yes,1,86.0,1532.45,1,80.65526315789474,0,0,1,0,0,0,0,1,0,0,0,0
9897-KXHCM,1,0,1,1,3,1,No,No,No,No,No,No,Yes,1,80.3,250.05,1,83.35000000000001,0,0,1,0,0,1,0,0,0,0,0,0
0040-HALCW,0,0,1,1,54,1,No,No internet service,No internet service,No internet service,No internet service,No internet service,No internet service,0,20.4,1090.6,0,20.196296296296296,0,1,0,1,1,0,0,0,0,0,1,0
0784-GTUUK,0,0,1,0,62,1,Yes,No internet service,No internet service,No internet service,No internet service,No internet service,No internet service,1,23.75,1446.8,0,23.335483870967742,1,0,0,1,1,0,0,0,0,0,0,1
7979-CORPM,0,0,0,0,24,1,Yes,No,Yes,No,No,Yes,No,1,90.55,2282.55,1,95.10625,0,0,1,0,1,0,0,1,0,0,0,0
2294-DMMUS,1,0,1,1,62,1,Yes,No,No,No,No,Yes,Yes,1,70.45,4300.45,0,69.36209677419355,0,0,0,0,1,0,0,0,0,0,0,1
0872-JCPIB,0,0,0,0,17,1,Yes,Yes,No,No,No,No,Yes,0,65.75,1111.2,0,65.36470588235295,0,0,0,0,0,0,0,1,0,0,0,0
3055-MJDSB,0,0,0,0,9,0,No phone service,No,No,No,No,No,No,1,24.6,190.1,0,21.12222222222222,0,0,0,0,0,0,1,0,0,0,0,0
9091-WTUUY,0,0,1,1,64,1,No,Yes,No,Yes,Yes,Yes,No,0,69.25,4447.75,0,69.49609375,0,1,0,0,0,0,1,0,0,0,0,1
1618-CFHME,1,0,0,0,2,1,Yes,No,No,No,No,No,No,1,75.9,143.35,1,71.675,0,0,1,0,0,1,0,0,0,0,0,0
3165-HDOEW,0,0,1,1,1,1,No,No,No,No,No,No,No,1,45.85,45.85,1,45.85,0,0,0,0,0,0,1,0,0,0,0,0
6581-NQCBA,1,0,1,0,16,0,No phone service,No,No,No,Yes,Yes,Yes,1,49.95,810.2,1,50.6375,0,0,0,0,0,1,0,1,0,0,0,0
7115-IRDHS,1,0,1,0,72,1,Yes,No internet service,No internet service,No internet service,No internet service,No internet service,No internet service,0,24.65,1830.05,0,25.41736111111111,0,1,0,1,0,0,0,0,0,0,0,1
8496-DMZUK,0,0,0,0,30,1,Yes,Yes,Yes,Yes,No,No,No,0,90.4,2820.65,0,94.02166666666668,1,0,1,0,0,0,0,0,1,0,0,0
2040-VZIKE,1,0,1,0,49,1,Yes,Yes,No,No,No,Yes,Yes,1,100.85,4847.35,0,98.92551020408165,0,0,1,0,0,0,1,0,0,0,1,0
9068-VPWQQ,0,0,1,0,61,1,Yes,Yes,No,Yes,Yes,No,Yes,0,75.35,4729.3,0,77.52950819672131,0,1,0,0,1,0,0,0,0,0,0,1
0178-SZBHO,0,0,1,1,47,1,Yes,No,Yes,No,No,Yes,No,0,87.2,4017.45,0,85.47765957446808,0,0,1,0,0,1,0,0,0,1,0,0
0384-RVBPI,0,0,0,0,20,1,No,Yes,No,Yes,No,No,Yes,0,64.4,1398.6,0,69.92999999999999,0,0,0,0,1,0,0,1,0,0,0,0
1689-MRZQR,0,0,1,1,34,1,No,No,No,No,No,Yes,No,0,78.3,2564.3,1,75.42058823529412,0,0,1,0,0,1,0,0,1,0,0,0
1299-AURJA,1,0,1,1,70,1,Yes,No internet service,No internet service,No internet service,No internet service,No internet service,No internet service,0,24.7,1685.9,0,24.084285714285716,0,1,0,1,0,0,0,0,0,0,0,1
4525-VZCZG,0,0,0,1,54,1,No,Yes,Yes,No,Yes,Yes,Yes,1,105.85,5826.65,0,107.90092592592592,1,0,1,0,0,1,0,0,0,0,1,0
1543-LLLFT,0,1,1,0,61,1,Yes,No,Yes,Yes,Yes,Yes,No,1,98.3,6066.55,0,99.4516393442623,1,0,1,0,0,0,1,0,0,0,0,1
5835-BEQEU,0,0,0,0,3,1,Yes,No,No,No,No,No,No,1,76.95,228.4,1,76.13333333333334,0,0,1,0,0,1,0,0,0,0,0,0
2788-CJQAQ,0,0,0,0,13,1,No,No internet service,No internet service,No internet service,No internet service,No internet service,No internet service,0,19.45,270.2,0,20.784615384615385,1,0,0,1,0,0,1,1,0,0,0,0
5565-FILXA,1,1,0,0,16,1,Yes,No,No,No,No,Yes,Yes,1,96.15,1529.2,1,95.575,0,0,1,0,0,1,0,1,0,0,0,0
0319-QZTCO,1,0,1,1,3,1,No,No,Yes,No,No,Yes,No,1,58.7,168.6,0,56.199999999999996,0,0,0,0,1,0,0,0,0,0,0,0
2120-SMPEX,0,0,0,0,25,1,No,No internet service,No internet service,No internet service,No internet service,No internet service,No internet service,1,20.15,536.35,0,21.454,0,0,0,1,0,0,1,0,1,0,0,0
0096-FCPUF,0,0,0,0,30,1,Yes,Yes,No,No,No,No,Yes,1,64.5,1888.45,0,62.94833333333334,0,0,0,0,0,0,1,0,1,0,0,0
0668-OGMHD,1,0,1,0,21,0,No phone service,Yes,No,No,No,No,No,0,28.5,629.35,0,29.969047619047622,0,0,0,0,0,1,0,1,0,0,0,0
5552-ZNFSJ,0,0,0,0,1,1,No,No,No,No,No,No,No,0,45.3,45.3,1,45.3,0,0,0,0,0,1,0,0,0,0,0,0
2223-KAGMX,1,0,0,0,15,1,No,No internet service,No internet service,No internet service,No internet service,No internet service,No internet service,0,19.4,289.3,1,19.28666666666667,0,0,0,1,0,0,0,1,0,0,0,0
6507-ZJSUR,0,1,1,0,23,1,No,No,No,No,No,Yes,Yes,1,90.45,2117.25,0,92.05434782608695,0,0,1,0,0,1,0,1,0,0,0,0
9408-HRXRK,1,0,1,1,45,1,Yes,Yes,Yes,No,No,Yes,Yes,1,105.15,4730.9,0,105.1311111111111,0,0,1,0,0,1,0,0,0,1,0,0
5593-SUAOO,1,0,1,1,24,1,Yes,No,Yes,Yes,No,No,No,0,83.15,2033.05,0,84.71041666666666,1,0,1,0,0,0,0,1,0,0,0,0
7321-PKUYW,1,0,0,0,11,1,Yes,No,No,No,Yes,Yes,No,0,90.15,987.95,1,89.81363636363636,0,0,1,0,0,1,0,0,0,0,0,0
2833-SLKDQ,0,0,0,0,1,1,No,No,No,No,No,No,No,0,45.05,45.05,1,45.05,0,0,0,0,0,0,1,0,0,0,0,0
6766-HFKLA,1,0,1,0,56,1,Yes,No,No,Yes,Yes,Yes,Yes,0,103.2,5744.35,0,102.57767857142858,0,1,1,0,0,0,0,0,0,0,1,0
7595-EUIVN,1,0,0,0,1,1,No,No,Yes,No,No,No,No,0,75.8,75.8,1,75.8,0,0,1,0,0,1,0,0,0,0,0,0
7617-EYGLW,0,0,0,0,1,1,No,No internet service,No internet service,No internet service,No internet service,No internet service,No internet service,0,19.45,19.45,0,19.45,0,0,0,1,0,1,0,0,0,0,0,0
2026-TGDHM,1,0,0,0,7,1,No,No,No,No,No,No,Yes,1,79.3,523.15,1,74.73571428571428,0,0,1,0,0,1,0,0,0,0,0,0
9220-ZNKJI,1,1,1,0,55,1,No,No,No,Yes,Yes,Yes,No,0,88.8,4805.3,0,87.36909090909091,0,1,1,0,1,0,0,0,0,0,1,0
4030-VPZBD,1,0,0,0,2,0,No phone service,No,No,No,Yes,No,No,1,30.9,59.05,1,29.525,0,0,0,0,0,1,0,0,0,0,0,0
2226-ICFDO,1,0,1,1,72,1,Yes,Yes,No,Yes,Yes,Yes,Yes,1,85.9,6110.75,0,84.87152777777777,0,1,0,0,1,0,0,0,0,0,0,1
0723-VSOBE,1,1,0,0,45,0,No phone service,No,No,No,No,No,Yes,0,34.2,1596.6,0,35.48,1,0,0,0,0,1,0,0,0,1,0,0
5529-GIBVH,1,0,0,0,47,1,No,No internet service,No internet service,No internet service,No internet service,No internet service,No internet service,0,20.15,1046.2,0,22.25957446808511,0,1,0,1,0,0,1,0,0,1,0,0
4187-CINZD,1,1,0,0,46,1,No,No,Yes,No,No,Yes,Yes,0,95.25,4424.2,1,96.17826086956521,1,0,1,0,1,0,0,0,0,1,0,0
9992-UJOEL,0,0,0,0,2,1,No,No,Yes,No,No,No,No,1,50.3,92.75,0,46.375,0,0,0,0,0,0,1,0,0,0,0,0
4741-WWJQZ,1,0,1,0,2,1,No,Yes,No,No,Yes,No,No,1,80.15,194.55,0,97.275,0,0,1,0,0,1,0,0,0,0,0,0
6625-UTXEW,1,0,1,0,12,1,No,No,Yes,No,No,No,No,1,51.25,612.1,0,51.00833333333333,0,0,0,0,0,1,0,0,0,0,0,0
6818-WOBHJ,1,1,1,0,68,1,Yes,No,Yes,No,No,No,Yes,1,89.6,6127.6,1,90.11176470588236,0,0,1,0,0,0,0,0,0,0,0,1
6244-BESBM,0,0,1,1,69,1,No,No,No,No,Yes,Yes,Yes,1,95.2,6671.7,0,96.69130434782609,0,1,1,0,1,0,0,0,0,0,0,1
1004-NOZNR,0,1,0,1,56,1,No,Yes,No,No,No,Yes,Yes,0,94.8,5264.3,0,94.00535714285715,1,0,1,0,1,0,0,0,0,0,1,0
1251-STYSZ,1,1,0,0,4,1,Yes,Yes,No,No,No,No,No,1,80.25,303.7,0,75.925,0,0,1,0,0,1,0,0,0,0,0,0
2612-PHGOX,0,0,1,0,64,1,Yes,No,Yes,Yes,Yes,Yes,No,1,76.1,4818.8,0,75.29375,0,1,0,0,0,0,0,0,0,0,0,1
2408-TZMJL,0,0,1,0,59,1,Yes,Yes,Yes,Yes,No,Yes,Yes,1,110.15,6448.05,1,109.28898305084746,1,0,1,0,0,1,0,0,0,0,1,0
8480-PPONV,0,0,1,1,62,1,Yes,Yes,Yes,Yes,Yes,Yes,Yes,0,115.55,7159.05,0,115.46854838709677,0,1,1,0,0,0,0,0,0,0,0,1
8780-IHCRN,0,0,1,1,63,1,Yes,No internet service,No internet service,No internet service,No internet service,No internet service,No internet service,0,24.65,1574.5,0,24.99206349206349,0,1,0,1,1,0,0,0,0,0,0,1
4598-ZADCK,1,0,0,0,53,0,No phone service,Yes,Yes,Yes,Yes,Yes,No,1,53.6,2879.2,0,54.32452830188679,1,0,0,0,0,1,0,0,0,0,1,0
1257-SXUXQ,0,0,1,1,5,1,No,No internet service,No internet service,No internet service,No internet service,No internet service,No internet service,0,19.45,86.05,0,17.21,0,0,0,1,0,0,1,0,0,0,0,0
9681-KYGYB,0,1,1,0,49,1,Yes,Yes,Yes,Yes,No,No,No,1,88.2,4159.45,0,84.88673469387754,0,0,1,0,0,1,0,0,0,0,1,0
7182-OVLBJ,1,0,1,1,62,1,Yes,Yes,No,No,No,Yes,Yes,1,101.15,6638.35,0,107.07016129032259,0,1,1,0,0,0,0,0,0,0,0,1
5095-ETBRJ,1,0,1,0,55,1,No,Yes,Yes,No,Yes,No,No,0,56.8,3112.05,0,56.582727272727276,0,1,0,0,0,0,1,0,0,0,1,0
7005-CYUIL,1,1,1,0,71,1,No,Yes,Yes,Yes,Yes,Yes,No,1,99.4,7168.25,0,100.96126760563381,0,1,1,0,0,1,0,0,0,0,0,1
4821-WQOYN,1,0,1,1,72,1,No,No internet service,No internet service,No internet service,No internet service,No internet service,No internet service,1,20.1,1326.25,0,18.42013888888889,0,1,0,1,1,0,0,0,0,0,0,1
4730-AWNAU,0,0,1,1,36,0,No phone service,Yes,No,Yes,Yes,Yes,Yes,0,60.7,2234.55,0,62.07083333333334,1,0,0,0,1,0,0,0,1,0,0,0
3452-FLHYD,0,0,1,0,25,1,No,No internet service,No internet service,No internet service,No internet service,No internet service,No internet service,1,20.95,495.15,0,19.805999999999997,1,0,0,1,0,0,0,0,1,0,0,0
2388-LAESQ,1,1,1,0,72,1,Yes,Yes,Yes,Yes,Yes,Yes,Yes,1,114.85,8317.95,0,115.52708333333334,0,1,1,0,0,0,0,0,0,0,0,1
9531-NSBMR,1,0,0,0,36,1,No,No internet service,No internet service,No internet service,No internet service,No internet service,No internet service,1,19.25,679.8,0,18.883333333333333,1,0,0,1,0,0,0,0,1,0,0,0
6260-ONULR,0,0,0,0,1,1,No,No,No,No,No,Yes,Yes,1,62.8,62.8,0,62.8,0,0,0,0,0,0,1,0,0,0,0,0
4389-UEFCZ,1,0,1,0,72,1,Yes,Yes,No,Yes,No,Yes,Yes,1,105.5,7544.0,0,104.77777777777777,0,1,1,0,0,1,0,0,0,0,0,1
8711-LOBKY,0,0,1,1,59,1,No,No internet service,No internet service,No internet service,No internet service,No internet service,No internet service,0,19.85,1188.25,0,20.139830508474578,0,1,0,1,0,0,1,0,0,0,1,0
9134-CEQMF,0,1,1,0,7,1,No,No,No,No,No,Yes,Yes,1,89.5,676.7,1,96.67142857142858,0,0,1,0,0,1,0,0,0,0,0,0
8985-OOPOS,1,0,0,0,1,1,No,No,No,Yes,Yes,Yes,Yes,0,74.1,74.1,0,74.1,1,0,0,0,1,0,0,0,0,0,0,0
8800-ZKRFW,1,0,1,1,30,1,Yes,No,Yes,Yes,Yes,Yes,Yes,1,107.5,3242.5,0,108.08333333333333,0,0,1,0,0,1,0,0,1,0,0,0
2616-FLVQC,0,0,0,0,64,1,No,No internet service,No internet service,No internet service,No internet service,No internet service,No internet service,0,19.55,1240.15,0,19.37734375,0,1,0,1,0,0,1,0,0,0,0,1
9968-FFVVH,0,0,0,0,63,1,Yes,Yes,Yes,Yes,Yes,No,No,0,68.8,4111.35,0,65.25952380952381,1,0,0,0,0,0,0,0,0,0,0,1
3108-PCCGG,0,1,1,0,72,1,Yes,Yes,Yes,Yes,No,Yes,Yes,0,84.45,5899.85,0,81.94236111111111,0,1,0,0,1,0,0,0,0,0,0,1
7993-PYKOF,0,0,1,0,8,1,No,Yes,No,No,No,No,No,0,75.0,632.95,1,79.11875,0,0,1,0,0,1,0,0,0,0,0,0
8390-FESFV,1,0,0,0,62,1,Yes,No,Yes,Yes,Yes,Yes,Yes,0,84.5,5193.2,0,83.76129032258065,0,1,0,0,0,0,0,0,0,0,0,1
3022-BEXHZ,0,0,1,1,67,1,Yes,No,Yes,Yes,Yes,Yes,Yes,1,111.2,7530.8,0,112.4,0,1,1,0,0,0,0,0,0,0,0,1
5027-XWQHA,0,0,0,0,6,1,No,No,No,No,No,No,No,0,44.75,270.95,1,45.15833333333333,0,0,0,0,0,1,0,0,0,0,0,0
6248-TKCQV,1,0,1,1,70,1,Yes,Yes,No,No,Yes,Yes,Yes,1,80.6,5460.2,0,78.00285714285714,0,1,0,0,0,0,0,0,0,0,0,1
6729-GDNGC,1,1,0,0,20,1,No,No,No,No,No,Yes,No,0,80.7,1614.2,0,80.71000000000001,0,0,1,0,0,0,0,1,0,0,0,0
6198-ZFIOJ,1,0,0,0,5,1,Yes,No,No,No,No,No,No,0,75.6,402.5,0,80.5,0,0,1,0,0,1,0,0,0,0,0,0
5989-OMNJE,1,0,1,1,24,0,No phone service,Yes,Yes,Yes,No,Yes,Yes,0,57.6,1367.75,0,56.989583333333336,1,0,0,0,0,1,0,1,0,0,0,0
4566-QVRRW,1,0,1,0,11,1,No,No,No,No,No,No,No,1,44.05,483.7,1,43.97272727272727,0,0,0,0,0,1,0,0,0,0,0,0
1291-CUOCY,0,0,1,0,72,1,Yes,No,Yes,Yes,Yes,Yes,Yes,1,110.6,7962.2,0,110.58611111111111,0,1,1,0,1,0,0,0,0,0,0,1
9795-SHUHB,1,0,1,1,66,1,No,Yes,Yes,No,Yes,No,No,1,58.2,3810.8,0,57.73939393939394,0,1,0,0,1,0,0,0,0,0,0,1
3230-IUALN,1,0,1,1,45,1,No,Yes,No,Yes,Yes,Yes,Yes,1,81.0,3533.6,0,78.52444444444444,0,1,0,0,0,0,1,0,0,1,0,0
0042-RLHYP,1,0,1,1,69,1,No,No internet service,No internet service,No internet service,No internet service,No internet service,No internet service,0,19.7,1396.9,0,20.244927536231884,0,1,0,1,0,0,0,0,0,0,0,1
8519-IMDHU,0,1,1,0,15,1,Yes,No,No,No,No,No,Yes,1,85.6,1345.55,1,89.70333333333333,0,0,1,0,0,0,0,1,0,0,0,0
4945-RVMTE,1,0,0,0,28,1,No,No,No,Yes,No,Yes,No,1,59.55,1646.45,0,58.801785714285714,0,0,0,0,0,0,0,0,1,0,0,0
0201-OAMXR,1,0,0,0,70,1,Yes,Yes,Yes,Yes,Yes,Yes,Yes,0,115.55,8127.6,1,116.10857142857144,1,0,1,0,1,0,0,0,0,0,0,1
1866-NXPSP,1,0,0,0,36,1,No,Yes,Yes,Yes,Yes,No,Yes,1,75.55,2680.15,0,74.44861111111112,1,0,0,0,0,0,1,0,1,0,0,0
3372-KWFBM,0,1,0,0,16,1,Yes,No,No,No,No,Yes,No,1,86.6,1281.0,1,80.0625,0,0,1,0,0,1,0,1,0,0,0,0
7831-QGOXH,1,0,0,0,18,1,Yes,No,No,No,No,Yes,No,1,85.2,1553.9,1,86.32777777777778,0,0,1,0,0,1,0,1,0,0,0,0
6393-WRYZE,1,0,1,0,34,1,Yes,No,No,No,No,Yes,Yes,1,97.65,3207.55,1,94.33970588235294,0,0,1,0,0,1,0,0,1,0,0,0
3941-XTSKM,0,0,1,1,42,0,No phone service,No,Yes,Yes,No,No,Yes,1,45.1,2049.05,0,48.786904761904765,1,0,0,0,1,0,0,0,0,1,0,0
1661-CZBAU,0,0,0,0,48,1,Yes,Yes,No,No,Yes,No,Yes,1,70.95,3629.2,0,75.60833333333333,1,0,0,0,0,0,0,0,0,1,0,0
6599-RCLCJ,0,0,1,0,47,1,Yes,No,Yes,Yes,Yes,Yes,Yes,1,109.55,5124.55,1,109.03297872340426,0,0,1,0,0,1,0,0,0,1,0,0
9831-BPFRI,1,0,1,1,39,1,Yes,No,Yes,Yes,Yes,No,No,1,89.55,3474.45,1,89.08846153846153,1,0,1,0,0,1,0,0,0,1,0,0
5158-RIVOP,1,0,1,1,11,1,No,No internet service,No internet service,No internet service,No internet service,No internet service,No internet service,0,20.9,202.3,0,18.39090909090909,0,1,0,1,1,0,0,0,0,0,0,0
9788-YTFGE,0,0,0,0,7,1,No,No internet service,No internet service,No internet service,No internet service,No internet service,No internet service,1,19.95,147.5,0,21.071428571428573,0,0,0,1,0,0,1,0,0,0,0,0
9277-JOOMO,1,0,0,0,3,1,Yes,No internet service,No internet service,No internet service,No internet service,No internet service,No internet service,0,24.6,86.35,0,28.78333333333333,0,0,0,1,0,0,1,0,0,0,0,0
1907-YLNYW,0,0,0,0,8,1,No,Yes,No,Yes,No,No,Yes,1,66.7,579.0,0,72.375,0,0,0,0,0,1,0,0,0,0,0,0
1725-MIMXW,0,0,0,1,1,1,No,No internet service,No internet service,No internet service,No internet service,No internet service,No internet service,1,19.45,19.45,1,19.45,0,0,0,1,0,0,1,0,0,0,0,0
8947-YRTDV,0,0,1,1,32,1,No,Yes,Yes,Yes,No,No,Yes,0,94.8,3131.55,0,97.8609375,1,0,1,0,0,0,1,0,1,0,0,0
3161-ONRWK,0,0,1,1,60,1,No,Yes,Yes,Yes,Yes,No,No,1,65.85,3928.3,0,65.47166666666666,1,0,0,0,0,0,0,0,0,0,1,0
0114-RSRRW,1,0,1,0,10,1,No,No internet service,No internet service,No internet service,No internet service,No internet service,No internet service,1,19.95,187.75,0,18.775,0,0,0,1,0,0,0,0,0,0,0,0
4565-NLZBV,1,0,1,0,71,1,Yes,No internet service,No internet service,No internet service,No internet service,No internet service,No internet service,1,24.65,1710.15,0,24.086619718309862,0,1,0,1,0,0,0,0,0,0,0,1
0031-PVLZI,1,0,1,1,4,1,No,No internet service,No internet service,No internet service,No internet service,No internet service,No internet service,0,20.35,76.35,1,19.0875,0,0,0,1,0,0,1,0,0,0,0,0
7206-GZCDC,1,1,0,0,1,1,No,No,No,No,No,No,No,1,69.25,69.25,1,69.25,0,0,1,0,0,1,0,0,0,0,0,0
6682-VCIXC,1,0,1,1,43,0,No phone service,Yes,Yes,No,Yes,Yes,No,1,51.25,2151.6,0,50.03720930232558,1,0,0,0,0,0,0,0,0,1,0,0
4791-QRGMF,0,0,1,0,59,1,Yes,No,No,Yes,No,Yes,Yes,1,99.5,5961.1,1,101.035593220339,1,0,1,0,0,0,0,0,0,0,1,0
6475-VHUIZ,1,0,1,0,23,1,No,No,No,Yes,Yes,No,No,0,54.25,1221.55,0,53.11086956521739,0,0,0,0,0,1,0,1,0,0,0,0
3910-MRQOY,1,0,1,0,72,1,No,No internet service,No internet service,No internet service,No internet service,No internet service,No internet service,0,19.4,1496.45,0,20.78402777777778,0,1,0,1,0,0,0,0,0,0,0,1
0661-WCQNQ,0,0,1,0,22,1,No,Yes,No,No,Yes,No,No,1,56.25,1292.2,0,58.73636363636364,1,0,0,0,1,0,0,1,0,0,0,0
7537-RBWEA,1,0,0,0,1,0,No phone service,No,No,No,No,No,No,1,25.15,25.15,0,25.15,0,0,0,0,0,0,1,0,0,0,0,0
4656-CAURT,0,0,0,0,69,1,Yes,No internet service,No internet service,No internet service,No internet service,No internet service,No internet service,0,23.95,1713.1,0,24.827536231884057,0,1,0,1,0,0,0,0,0,0,0,1
0121-SNYRK,0,0,0,0,50,0,No phone service,Yes,No,No,Yes,No,No,1,35.4,1748.9,0,34.978,1,0,0,0,0,0,1,0,0,0,1,0
1768-ZAIFU,1,1,0,0,1,0,No phone service,No,No,No,No,No,No,1,25.2,25.2,1,25.2,0,0,0,0,0,1,0,0,0,0,0,0
4671-LXRDQ,0,0,0,0,2,1,No,No,No,No,No,No,No,1,45.0,96.45,1,48.225,0,0,0,0,0,0,1,0,0,0,0,0
3733-LSYCE,1,0,1,0,15,1,No,No,Yes,No,No,No,No,0,75.35,1114.55,0,74.30333333333333,0,0,1,0,0,0,0,1,0,0,0,0
6265-FRMTQ,0,0,0,0,31,1,No,No internet service,No internet service,No internet service,No internet service,No internet service,No internet service,0,20.4,609.1,0,19.648387096774194,0,1,0,1,0,0,0,0,1,0,0,0
1934-SJVJK,0,0,0,0,1,1,No,No internet service,No internet service,No internet service,No internet service,No internet service,No internet service,0,20.15,20.15,1,20.15,0,0,0,1,0,0,1,0,0,0,0,0
3838-OZURD,0,0,1,0,66,1,Yes,No,Yes,Yes,No,Yes,Yes,1,105.0,7133.25,1,108.07954545454545,0,0,1,0,1,0,0,0,0,0,0,1
9269-CQOOL,0,0,0,1,3,1,No,No,No,No,No,Yes,No,1,54.7,169.45,1,56.48333333333333,0,0,0,0,1,0,0,0,0,0,0,0
2017-CCBLH,1,0,0,0,8,1,No,No internet service,No internet service,No internet service,No internet service,No internet service,No internet service,0,20.0,141.6,0,17.7,0,1,0,1,0,0,1,0,0,0,0,0
7690-KPNCU,0,0,1,1,64,1,No,Yes,No,Yes,No,Yes,Yes,1,73.05,4688.65,0,73.26015625,1,0,0,0,1,0,0,0,0,0,0,1
0536-BGFMZ,1,0,1,0,28,1,No,No internet service,No internet service,No internet service,No internet service,No internet service,No internet service,0,20.5,563.05,0,20.10892857142857,0,0,0,1,0,0,1,0,1,0,0,0
2293-IJWPS,1,0,1,0,57,1,Yes,No,No,Yes,No,Yes,Yes,1,100.75,5985.0,0,105.0,1,0,1,0,1,0,0,0,0,0,1,0
2845-HSJCY,1,0,1,1,14,1,Yes,No,No,Yes,No,No,Yes,1,87.25,1258.6,1,89.89999999999999,0,0,1,0,0,1,0,1,0,0,0,0
5469-NUJUR,0,0,0,0,19,1,No,No internet service,No internet service,No internet service,No internet service,No internet service,No internet service,1,19.95,373.5,0,19.657894736842106,0,1,0,1,0,0,1,1,0,0,0,0
1184-PJVDB,0,0,1,0,10,1,No,No,No,No,No,Yes,No,1,79.95,857.2,1,85.72,0,0,1,0,0,1,0,0,0,0,0,0
2625-TRCZQ,1,0,1,0,51,0,No phone service,No,Yes,No,No,Yes,Yes,1,49.65,2553.35,0,50.0656862745098,0,0,0,0,0,1,0,0,0,0,1,0
4102-HLENU,1,0,1,0,67,1,Yes,Yes,Yes,Yes,No,No,No,0,65.65,4322.85,0,64.52014925373135,0,1,0,0,0,0,1,0,0,0,0,1
7266-GSSJX,0,0,1,1,11,1,No,No internet service,No internet service,No internet service,No internet service,No internet service,No internet service,1,20.45,250.8,0,22.8,0,0,0,1,0,1,0,0,0,0,0,0
7722-VJRQD,0,0,1,1,72,0,No phone service,Yes,No,Yes,Yes,Yes,Yes,0,60.95,4549.05,0,63.181250000000006,0,1,0,0,0,0,0,0,0,0,0,1
7073-QETQY,0,0,1,1,66,1,No,No internet service,No internet service,No internet service,No internet service,No internet service,No internet service,1,20.35,1359.5,0,20.598484848484848,1,0,0,1,0,1,0,0,0,0,0,1
9415-DPEWS,1,0,0,0,18,1,Yes,No,No,No,Yes,Yes,No,1,88.35,1639.3,1,91.07222222222222,0,0,1,0,0,1,0,1,0,0,0,0
5624-RYAMH,1,0,0,0,9,1,No,No internet service,No internet service,No internet service,No internet service,No internet service,No internet service,1,19.5,178.85,0,19.87222222222222,0,0,0,1,0,1,0,0,0,0,0,0
0196-JTUQI,1,0,0,0,9,1,Yes,No,No,No,No,No,No,1,75.2,633.85,0,70.42777777777778,0,0,1,0,1,0,0,0,0,0,0,0
7130-YXBRO,0,0,1,0,48,1,Yes,Yes,Yes,Yes,No,Yes,Yes,1,111.45,5315.1,0,110.73125,0,0,1,0,0,0,0,0,0,1,0,0
9272-LSVYH,0,0,0,0,10,1,No,No,No,No,No,No,No,0,70.15,735.5,0,73.55,0,0,1,0,0,0,1,0,0,0,0,0
7943-RQCHR,1,0,0,0,9,1,Yes,No,No,No,No,Yes,Yes,1,94.75,889.9,1,98.87777777777778,0,0,1,0,0,1,0,0,0,0,0,0
3793-MMFUH,1,1,0,0,13,1,Yes,No,No,No,No,Yes,Yes,1,95.05,1290.0,1,99.23076923076923,0,0,1,0,0,1,0,1,0,0,0,0
3249-ZPQRG,0,0,0,0,4,1,Yes,No,Yes,No,No,No,No,0,78.45,330.05,1,82.5125,0,0,1,0,0,1,0,0,0,0,0,0
2568-BRGYX,0,0,0,0,4,1,No,No,No,No,No,No,No,1,70.2,237.95,1,59.4875,0,0,1,0,0,1,0,0,0,0,0,0
3084-DOWLE,1,0,1,0,72,1,Yes,Yes,Yes,Yes,Yes,Yes,Yes,0,92.0,6474.4,0,89.92222222222222,0,1,0,0,0,0,0,0,0,0,0,1
1084-MNSMJ,1,0,1,1,51,1,No,Yes,Yes,Yes,Yes,Yes,Yes,0,85.5,4421.95,0,86.70490196078431,0,1,0,0,1,0,0,0,0,0,1,0
7721-JXEAW,0,0,1,0,59,0,No phone service,No,Yes,No,No,No,Yes,1,41.05,2452.7,1,41.57118644067796,0,0,0,0,0,0,0,0,0,0,1,0
7249-WBIYX,0,0,1,0,10,1,Yes,No,No,No,No,Yes,No,1,85.6,813.85,1,81.385,0,0,1,0,0,1,0,0,0,0,0,0
4238-HFHSN,0,1,1,0,61,1,Yes,No,Yes,No,No,No,No,1,82.15,4904.85,0,80.40737704918034,0,0,1,0,0,1,0,0,0,0,0,1
6250-CGGUN,0,0,0,0,54,1,No,Yes,No,Yes,Yes,No,No,0,84.4,4484.05,0,83.03796296296296,1,0,1,0,0,1,0,0,0,0,1,0
5478-JJVZK,1,0,0,0,33,1,Yes,Yes,Yes,No,No,No,No,1,60.9,2033.85,0,61.631818181818176,0,0,0,0,0,0,1,0,1,0,0,0
7596-IIWYC,1,0,0,0,27,1,No,No internet service,No internet service,No internet service,No internet service,No internet service,No internet service,1,20.25,538.2,0,19.933333333333334,0,1,0,1,0,0,0,0,1,0,0,0
6567-HOOPW,1,1,0,0,1,1,No,No,No,No,No,Yes,No,1,79.2,79.2,1,79.2,0,0,1,0,0,1,0,0,0,0,0,0
9793-WECQC,0,0,0,0,23,1,No,No,Yes,No,No,Yes,Yes,0,95.3,2192.9,0,95.34347826086957,0,0,1,0,0,0,1,1,0,0,0,0
4291-HPAXL,0,0,0,1,1,1,No,No internet service,No internet service,No internet service,No internet service,No internet service,No internet service,0,19.85,19.85,0,19.85,0,0,0,1,0,0,1,0,0,0,0,0
8999-YPYBV,0,0,1,1,45,1,No,Yes,Yes,Yes,Yes,Yes,Yes,1,84.35,3858.05,0,85.73444444444445,0,1,0,0,0,0,1,0,0,1,0,0
1839-FBNFR,1,0,1,1,39,1,No,No internet service,No internet service,No internet service,No internet service,No internet service,No internet service,1,19.85,854.8,0,21.91794871794872,0,1,0,1,0,0,0,0,0,1,0,0
3164-AALRN,0,0,0,0,5,1,No,No,No,Yes,No,Yes,Yes,1,70.0,347.4,1,69.47999999999999,1,0,0,0,0,0,1,0,0,0,0,0
3071-MVJCD,0,0,1,1,72,1,Yes,Yes,Yes,Yes,Yes,Yes,No,0,82.3,5815.15,0,80.76597222222222,0,1,0,0,0,0,0,0,0,0,0,1
1697-BCSHV,1,0,1,1,58,1,Yes,No,Yes,No,No,Yes,No,1,66.8,3970.4,0,68.45517241379311,0,0,0,0,0,0,0,0,0,0,1,0
0562-KBDVM,1,0,0,0,70,0,No phone service,Yes,Yes,Yes,Yes,No,No,1,44.6,3058.15,0,43.68785714285715,0,1,0,0,0,0,0,0,0,0,0,1
1131-SUEKT,0,0,1,1,61,1,No,No,Yes,No,Yes,Yes,Yes,1,98.45,6145.2,0,100.74098360655738,1,0,1,0,0,0,0,0,0,0,0,1
3717-OEAUQ,0,0,0,0,2,1,No,No,No,No,No,No,No,0,70.7,129.2,0,64.6,0,0,1,0,0,0,1,0,0,0,0,0
4538-WNTMJ,1,0,1,1,46,1,Yes,No internet service,No internet service,No internet service,No internet service,No internet service,No internet service,0,24.95,1165.9,0,25.345652173913045,1,0,0,1,0,0,1,0,0,1,0,0
3334-CTHOL,1,0,0,0,1,1,Yes,No,No,No,No,No,No,1,49.95,49.95,1,49.95,0,0,0,0,0,0,0,0,0,0,0,0
4704-ERYFC,1,0,1,0,22,1,No,No,No,No,No,No,No,1,69.25,1554.0,1,70.63636363636364,0,0,1,0,0,1,0,1,0,0,0,0
9432-RUVSL,1,0,0,0,48,1,No,Yes,No,Yes,Yes,Yes,Yes,1,102.5,4904.25,0,102.171875,0,1,1,0,1,0,0,0,0,1,0,0
8060-HIWJJ,0,0,0,0,64,1,Yes,No,Yes,Yes,Yes,Yes,Yes,0,86.55,5632.55,0,88.00859375,0,1,0,0,1,0,0,0,0,0,0,1
7684-XSZIY,0,0,1,1,72,1,Yes,No internet service,No internet service,No internet service,No internet service,No internet service,No internet service,0,24.3,1643.25,0,22.822916666666668,0,1,0,1,0,0,0,0,0,0,0,1
9089-UOWJG,1,0,1,1,12,1,No,No,No,Yes,No,Yes,No,1,58.35,740.55,0,61.7125,0,0,0,0,1,0,0,0,0,0,0,0
8621-MNIHH,1,1,1,0,34,1,Yes,No,Yes,Yes,No,No,Yes,1,94.25,3217.55,1,94.63382352941177,0,0,1,0,0,1,0,0,1,0,0,0
8039-ACLPL,1,0,1,1,72,1,No,Yes,Yes,Yes,No,No,Yes,0,68.75,4888.2,0,67.89166666666667,0,1,0,0,1,0,0,0,0,0,0,1
9885-AIBVB,0,0,1,0,29,1,Yes,No,Yes,Yes,No,No,No,1,85.8,2440.25,0,84.14655172413794,0,0,1,0,0,1,0,0,1,0,0,0
1934-MKPXS,0,0,1,1,33,1,No,No internet service,No internet service,No internet service,No internet service,No internet service,No internet service,0,20.1,620.55,0,18.804545454545455,1,0,0,1,1,0,0,0,1,0,0,0
2592-YKDIF,1,0,0,0,1,1,No,No internet service,No internet service,No internet service,No internet service,No internet service,No internet service,0,20.35,20.35,0,20.35,0,0,0,1,0,0,1,0,0,0,0,0
2272-JKMSI,1,0,1,1,62,1,Yes,No,Yes,Yes,Yes,Yes,Yes,1,110.8,6840.95,0,110.33790322580644,1,0,1,0,0,1,0,0,0,0,0,1
0471-LVHGK,0,0,1,0,41,1,Yes,No,No,Yes,No,Yes,Yes,1,73.0,3001.2,1,73.19999999999999,1,0,0,0,0,1,0,0,0,1,0,0
9518-RWHZL,1,0,0,0,64,1,Yes,No,No,Yes,No,Yes,Yes,1,100.05,6254.2,1,97.721875,1,0,1,0,1,0,0,0,0,0,0,1
8714-CTZJW,1,0,0,0,4,1,No,No,No,Yes,No,No,Yes,1,82.85,319.6,0,79.9,0,0,1,0,1,0,0,0,0,0,0,0
3569-EDBPQ,1,0,0,0,24,1,Yes,Yes,No,No,Yes,No,No,1,84.35,1938.05,0,80.75208333333333,0,0,1,0,0,1,0,1,0,0,0,0
3131-NWVFJ,1,0,1,1,14,1,No,No internet service,No internet service,No internet service,No internet service,No internet service,No internet service,0,19.55,294.5,0,21.035714285714285,1,0,0,1,0,0,1,1,0,0,0,0
7521-YXVZY,0,0,0,1,3,1,No,No internet service,No internet service,No internet service,No internet service,No internet service,No internet service,0,19.95,58.3,0,19.433333333333334,0,0,0,1,0,0,1,0,0,0,0,0
5419-CONWX,1,1,0,0,4,1,No,No,Yes,Yes,No,Yes,Yes,1,99.8,442.85,1,110.7125,0,0,1,0,1,0,0,0,0,0,0,0
6240-EURKS,1,0,0,1,18,0,No phone service,No,No,No,No,No,Yes,1,35.0,553.0,1,30.72222222222222,0,0,0,0,0,1,0,1,0,0,0,0
2373-NTKOD,0,0,0,0,8,1,No,No,No,No,No,Yes,Yes,1,66.25,546.45,0,68.30625,0,0,0,0,0,1,0,0,0,0,0,0
1970-KKFWL,1,0,0,0,35,1,Yes,No internet service,No internet service,No internet service,No internet service,No internet service,No internet service,0,23.3,797.1,0,22.774285714285714,0,1,0,1,0,0,0,0,1,0,0,0
6960-HVYXR,1,0,0,0,1,1,Yes,No,No,No,No,No,No,0,76.0,76.0,1,76.0,0,0,1,0,0,1,0,0,0,0,0,0
9337-SRRNI,0,0,0,1,66,1,Yes,No internet service,No internet service,No internet service,No internet service,No internet service,No internet service,1,25.3,1673.8,0,25.36060606060606,0,1,0,1,1,0,0,0,0,0,0,1
0895-UADGO,0,0,0,1,8,0,No phone service,Yes,No,No,Yes,No,Yes,1,44.55,343.45,0,42.93125,0,1,0,0,0,0,1,0,0,0,0,0
5678-VFNEQ,1,0,1,0,71,1,Yes,Yes,No,Yes,No,Yes,Yes,1,104.1,7412.25,0,104.39788732394366,1,0,1,0,1,0,0,0,0,0,0,1
5977-CKHON,1,0,1,1,43,1,Yes,No,No,Yes,No,No,Yes,1,92.55,4039.0,0,93.93023255813954,0,0,1,0,0,0,0,0,0,1,0,0
7024-OHCCK,1,1,0,0,2,1,Yes,No,No,No,No,Yes,Yes,1,93.85,170.85,1,85.425,0,0,1,0,0,1,0,0,0,0,0,0
2692-BUCFV,0,1,0,0,29,1,No,No,Yes,Yes,No,Yes,Yes,1,101.45,2948.6,0,101.67586206896551,0,0,1,0,0,0,0,0,1,0,0,0
7861-UVUFT,1,0,1,0,15,1,No,No,No,Yes,No,Yes,No,1,84.3,1308.4,1,87.22666666666667,0,0,1,0,0,1,0,1,0,0,0,0
1830-GGFNM,0,0,1,1,65,1,Yes,Yes,Yes,Yes,Yes,No,No,0,94.55,6078.75,0,93.51923076923077,0,1,1,0,1,0,0,0,0,0,0,1
5302-BDJNT,0,0,0,0,35,1,Yes,No,No,Yes,Yes,Yes,No,0,95.5,3418.2,0,97.66285714285713,0,0,1,0,0,1,0,0,1,0,0,0
5223-UZAVK,0,0,0,0,64,1,No,Yes,Yes,No,No,Yes,Yes,1,100.3,6603.8,0,103.184375,1,0,1,0,1,0,0,0,0,0,0,1
4859-ZSRDZ,1,0,1,1,58,0,No phone service,No,No,Yes,Yes,Yes,Yes,1,55.5,3166.9,0,54.601724137931036,0,1,0,0,1,0,0,0,0,0,1,0
5651-WYIPH,1,1,0,0,18,1,No,No,Yes,No,No,No,No,1,49.85,865.75,0,48.09722222222222,0,0,0,0,1,0,0,1,0,0,0,0
9350-VLHMB,0,0,1,1,67,1,Yes,No,Yes,No,No,No,Yes,1,89.55,6373.1,0,95.12089552238807,0,0,1,0,0,0,0,0,0,0,0,1
3498-LZGQZ,0,0,1,1,63,1,No,No internet service,No internet service,No internet service,No internet service,No internet service,No internet service,1,19.15,1177.05,0,18.683333333333334,0,1,0,1,0,0,1,0,0,0,0,1
8785-CJSHH,1,0,1,0,60,1,Yes,No,Yes,No,No,Yes,Yes,1,99.8,5985.75,0,99.7625,0,0,1,0,0,1,0,0,0,0,1,0
5357-TZHPP,0,1,0,0,9,1,Yes,No,No,No,No,No,Yes,1,84.4,732.5,1,81.38888888888889,0,0,1,0,1,0,0,0,0,0,0,0
3870-SPZSI,1,0,1,1,70,1,Yes,Yes,Yes,Yes,Yes,Yes,Yes,1,113.05,7869.05,0,112.415,0,1,1,0,1,0,0,0,0,0,0,1
0680-DFNNY,0,0,1,0,15,1,Yes,No,No,Yes,No,Yes,Yes,1,101.1,1504.05,1,100.27,0,0,1,0,0,1,0,1,0,0,0,0
7560-QRBXH,1,0,0,1,48,1,No,No internet service,No internet service,No internet service,No internet service,No internet service,No internet service,0,19.95,936.7,0,19.514583333333334,1,0,0,1,0,0,1,0,0,1,0,0
7077-XJMET,0,0,1,0,12,1,No,No,No,Yes,Yes,Yes,Yes,1,74.15,741.4,0,61.78333333333333,0,0,0,0,0,1,0,0,0,0,0,0
8752-GHJFU,0,1,1,0,71,1,Yes,Yes,Yes,Yes,Yes,No,No,1,92.0,6585.2,0,92.74929577464789,1,0,1,0,0,1,0,0,0,0,0,1
6896-SRVYQ,0,1,0,0,44,1,No,No,No,Yes,No,No,No,0,73.85,3122.4,0,70.96363636363637,0,0,1,0,0,1,0,0,0,1,0,0
7767-UXAGJ,0,0,0,0,1,1,Yes,No,No,No,No,No,No,1,50.45,50.45,1,50.45,0,0,0,0,0,1,0,0,0,0,0,0
4652-ODEVH,0,0,1,1,45,1,Yes,No internet service,No internet service,No internet service,No internet service,No internet service,No internet service,0,24.45,1088.25,0,24.183333333333334,0,1,0,1,0,0,1,0,0,1,0,0
6510-UPNKS,1,0,0,0,23,1,Yes,No internet service,No internet service,No internet service,No internet service,No internet service,No internet service,0,24.8,615.35,0,26.754347826086956,1,0,0,1,1,0,0,1,0,0,0,0
6718-BDGHG,1,0,1,0,43,1,Yes,No,No,No,Yes,Yes,No,1,64.85,2908.2,0,67.63255813953488,1,0,0,0,0,0,0,0,0,1,0,0
9046-DQMTP,0,0,0,0,35,1,No,No internet service,No internet service,No internet service,No internet service,No internet service,No internet service,0,20.75,739.9,0,21.14,0,0,0,1,0,0,0,0,1,0,0,0
6439-LAJXL,0,0,1,0,9,1,No,Yes,Yes,No,Yes,Yes,No,1,68.95,593.85,0,65.98333333333333,0,0,0,0,0,0,1,0,0,0,0,0
1571-SAVHK,0,0,0,0,12,1,Yes,No,No,No,Yes,Yes,Yes,1,99.95,1132.75,1,94.39583333333333,0,0,1,0,0,0,1,0,0,0,0,0
9052-VKDUW,1,1,1,0,65,1,Yes,Yes,Yes,Yes,No,Yes,Yes,1,109.4,7227.45,0,111.19153846153846,0,0,1,0,1,0,0,0,0,0,0,1
9546-CQJSU,1,0,0,0,2,1,Yes,No,No,Yes,No,Yes,No,1,91.4,193.6,1,96.8,0,0,1,0,0,1,0,0,0,0,0,0
1666-JZPZT,0,0,0,0,27,1,Yes,No,No,No,No,No,No,0,49.0,1291.35,0,47.827777777777776,0,0,0,0,0,0,1,0,1,0,0,0
5777-KJIRB,1,0,0,0,40,1,No,No,No,Yes,No,No,No,1,50.25,2023.55,0,50.58875,1,0,0,0,0,0,1,0,0,1,0,0
0506-LVNGN,1,1,0,0,5,1,No,No,No,Yes,No,No,No,1,75.55,349.65,1,69.92999999999999,0,0,1,0,1,0,0,0,0,0,0,0
7677-SJJJK,0,0,1,1,8,1,No,No internet service,No internet service,No internet service,No internet service,No internet service,No internet service,0,19.9,153.95,0,19.24375,1,0,0,1,1,0,0,0,0,0,0,0
2480-EJWYP,1,1,1,0,58,1,Yes,No,Yes,No,No,Yes,Yes,1,97.8,5458.8,0,94.11724137931034,1,0,1,0,0,0,0,0,0,0,1,0
3253-HKOKL,1,0,1,1,52,1,No,Yes,No,Yes,No,Yes,Yes,0,100.3,5244.45,0,100.85480769230769,1,0,1,0,0,1,0,0,0,0,1,0
7055-HNEOJ,0,0,1,0,3,1,No,No,No,Yes,Yes,No,No,1,55.8,154.55,0,51.51666666666667,0,0,0,0,0,0,1,0,0,0,0,0
5514-YQENT,0,0,0,1,41,1,No,Yes,Yes,Yes,Yes,Yes,Yes,1,111.15,4507.15,0,109.93048780487804,0,1,1,0,0,1,0,0,0,1,0,0
3211-AAPKX,0,0,0,0,20,1,Yes,No,No,No,Yes,Yes,Yes,1,98.55,2031.95,0,101.5975,0,0,1,0,0,0,1,1,0,0,0,0
8445-DNBAE,0,0,0,1,1,1,Yes,No,No,No,No,No,No,1,50.05,50.05,0,50.05,0,0,0,0,0,1,0,0,0,0,0,0
2951-QOQTK,0,0,0,1,4,1,Yes,No,No,No,Yes,No,No,0,80.8,332.45,1,83.1125,0,0,1,0,1,0,0,0,0,0,0,0
2958-NHPPS,0,0,0,0,23,1,No,No internet service,No internet service,No internet service,No internet service,No internet service,No internet service,0,20.85,473.9,0,20.604347826086954,0,0,0,1,0,1,0,1,0,0,0,0
6806-YDEUL,1,1,0,0,6,1,No,No internet service,No internet service,No internet service,No internet service,No internet service,No internet service,0,19.5,106.8,0,17.8,0,0,0,1,0,0,0,0,0,0,0,0
1735-XMJVH,0,0,1,1,8,1,No,No internet service,No internet service,No internet service,No internet service,No internet service,No internet service,1,19.35,152.6,0,19.075,0,0,0,1,0,0,1,0,0,0,0,0
6890-PFRQX,0,0,0,0,18,1,Yes,Yes,No,Yes,No,Yes,No,0,69.5,1199.4,0,66.63333333333334,0,0,0,0,0,0,1,1,0,0,0,0
0222-CNVPT,0,1,0,0,52,0,No phone service,Yes,No,No,No,Yes,Yes,1,48.8,2555.05,0,49.135576923076925,0,0,0,0,1,0,0,0,0,0,1,0
5899-OUVKV,0,0,0,0,31,1,No,No,Yes,No,No,Yes,Yes,1,94.5,2979.2,0,96.1032258064516,0,0,1,0,0,1,0,0,1,0,0,0
8681-ICONS,0,0,1,1,29,1,No,No internet service,No internet service,No internet service,No internet service,No internet service,No internet service,1,20.65,654.85,0,22.58103448275862,0,0,0,1,0,0,1,0,1,0,0,0
1621-YNCJH,1,0,1,0,36,1,Yes,Yes,Yes,Yes,Yes,No,Yes,1,106.05,3834.4,0,106.51111111111112,0,1,1,0,1,0,0,0,1,0,0,0
3473-XIIIT,1,0,1,0,16,1,Yes,No,Yes,No,No,Yes,Yes,1,100.0,1534.75,1,95.921875,0,0,1,0,0,1,0,1,0,0,0,0
6362-QHAFM,0,0,1,0,42,1,Yes,No,No,Yes,Yes,Yes,Yes,1,108.3,4586.15,0,109.19404761904761,1,0,1,0,0,1,0,0,0,1,0,0
7893-IXHRQ,0,0,0,0,1,1,No,No internet service,No internet service,No internet service,No internet service,No internet service,No internet service,0,20.55,20.55,1,20.55,0,0,0,1,0,1,0,0,0,0,0,0
3070-BDOQC,1,0,0,0,60,1,No,No,Yes,Yes,No,Yes,Yes,1,99.65,5941.05,0,99.0175,0,1,1,0,0,1,0,0,0,0,1,0
2952-QAYZF,0,0,0,0,5,1,Yes,No,Yes,Yes,No,No,No,1,85.3,424.15,1,84.83,0,0,1,0,0,1,0,0,0,0,0,0
6234-PFPXL,0,0,1,0,22,1,Yes,Yes,No,No,Yes,Yes,No,0,95.9,2234.95,0,101.58863636363635,0,0,1,0,1,0,0,1,0,0,0,0
9824-QCJPK,0,0,1,0,36,1,No,No internet service,No internet service,No internet service,No internet service,No internet service,No internet service,0,20.0,666.75,0,18.520833333333332,1,0,0,1,0,0,1,0,1,0,0,0
4763-PGDPO,1,0,0,0,4,1,No,No,No,No,No,No,No,0,70.4,281.0,1,70.25,0,0,1,0,0,1,0,0,0,0,0,0
4283-IVYCI,0,0,0,0,9,1,No,Yes,No,No,Yes,No,Yes,0,64.95,547.8,0,60.86666666666666,0,0,0,0,0,0,1,0,0,0,0,0
1866-OBPNR,0,0,1,1,1,1,No,No,Yes,No,No,No,No,0,74.6,74.6,0,74.6,0,0,1,0,1,0,0,0,0,0,0,0
8205-MQUGY,0,0,1,1,12,1,No,Yes,No,No,No,No,No,1,49.2,571.15,0,47.59583333333333,0,0,0,0,0,1,0,0,0,0,0,0
8970-ANWXO,1,0,0,0,23,1,Yes,No,No,No,Yes,Yes,Yes,1,73.75,1756.6,0,76.37391304347825,1,0,0,0,0,0,1,1,0,0,0,0
9480-BQJEI,0,0,0,0,62,1,Yes,Yes,Yes,No,No,No,Yes,1,92.3,5731.45,0,92.44274193548387,1,0,1,0,0,0,0,0,0,0,0,1
5394-SVGJV,0,0,0,0,37,1,Yes,No,No,No,Yes,Yes,Yes,0,98.8,3475.55,1,93.9337837837838,0,0,1,0,0,0,0,0,0,1,0,0
6979-TNDEU,1,0,0,0,8,1,No,No internet service,No internet service,No internet service,No internet service,No internet service,No internet service,0,19.2,156.85,0,19.60625,0,0,0,1,0,0,1,0,0,0,0,0
9777-WJJPR,0,0,1,0,31,1,Yes,No,No,Yes,No,Yes,No,0,88.65,2683.2,0,86.55483870967741,0,0,1,0,1,0,0,0,1,0,0,0
9283-LZQOH,0,0,1,1,13,1,Yes,No,No,No,No,No,No,1,74.4,896.75,1,68.98076923076923,0,0,1,0,1,0,0,1,0,0,0,0
7079-QRCBC,1,0,0,0,24,1,Yes,No,No,Yes,No,Yes,Yes,1,98.75,2407.3,1,100.30416666666667,0,0,1,0,0,1,0,1,0,0,0,0
9495-SKLKD,0,0,1,1,45,1,Yes,No,Yes,Yes,No,No,Yes,1,95.95,4456.65,0,99.03666666666666,0,0,1,0,0,0,0,0,0,1,0,0
6048-UWKAL,1,1,1,0,69,1,Yes,No,Yes,No,Yes,Yes,Yes,0,105.4,6998.95,0,101.4340579710145,0,1,1,0,1,0,0,0,0,0,0,1
5067-DGXLL,0,0,0,0,2,1,No,No internet service,No internet service,No internet service,No internet service,No internet service,No internet service,0,20.25,36.8,0,18.4,0,0,0,1,0,0,1,0,0,0,0,0
5469-CTCWN,0,0,1,1,61,1,Yes,Yes,Yes,No,No,Yes,Yes,1,106.0,6547.7,1,107.33934426229509,1,0,1,0,0,1,0,0,0,0,0,1
9851-QXEEQ,0,0,0,0,41,1,Yes,No,Yes,Yes,No,Yes,Yes,1,104.7,4346.4,1,106.00975609756097,0,0,1,0,0,1,0,0,0,1,0,0
6281-FKEWS,1,0,0,0,44,0,No phone service,No,No,Yes,No,Yes,Yes,1,49.05,2265.0,0,51.47727272727273,1,0,0,0,0,1,0,0,0,1,0,0
8898-KASCD,0,0,0,0,39,0,No phone service,No,No,Yes,Yes,No,No,0,35.55,1309.15,0,33.56794871794872,1,0,0,0,0,0,1,0,0,1,0,0
9242-TKFSV,0,0,1,1,72,0,No phone service,Yes,Yes,Yes,Yes,Yes,Yes,1,65.1,4754.3,0,66.03194444444445,0,1,0,0,1,0,0,0,0,0,0,1
9290-SHCMB,1,1,0,0,13,1,No,No,No,Yes,No,Yes,Yes,1,96.85,1235.55,0,95.04230769230769,0,0,1,0,0,1,0,1,0,0,0,0
0743-HNPFG,1,0,1,1,51,1,No,Yes,Yes,No,Yes,No,Yes,1,69.75,3562.5,0,69.8529411764706,1,0,0,0,1,0,0,0,0,0,1,0
2277-BKJKN,1,1,1,0,71,1,No,No,Yes,Yes,No,Yes,Yes,1,99.2,7213.75,0,101.60211267605634,0,1,1,0,0,1,0,0,0,0,0,1
9809-IMGCQ,0,1,0,0,22,1,Yes,No,No,No,No,Yes,Yes,1,96.7,2082.95,1,94.67954545454545,0,0,1,0,0,1,0,1,0,0,0,0
5208-HFSBT,1,0,0,0,2,1,No,No,Yes,No,Yes,No,No,1,55.05,102.75,1,51.375,0,0,0,0,1,0,0,0,0,0,0,0
5035-PGZXH,1,0,0,0,56,1,Yes,No,Yes,Yes,No,Yes,Yes,1,106.8,5914.4,0,105.61428571428571,1,0,1,0,0,1,0,0,0,0,1,0
8695-WDYEA,0,0,0,0,1,1,No,Yes,No,No,No,No,No,0,51.25,51.25,0,51.25,0,0,0,0,0,0,1,0,0,0,0,0
6543-JXSOO,1,0,1,1,23,1,No,Yes,Yes,No,Yes,No,No,1,57.75,1282.85,0,55.77608695652174,1,0,0,0,0,0,1,1,0,0,0,0
8016-ZMGMO,1,1,1,0,66,1,Yes,No,Yes,Yes,No,Yes,No,1,70.85,4738.85,0,71.80075757575759,1,0,0,0,0,0,0,0,0,0,0,1
8605-ITULD,1,0,0,0,1,1,No,No internet service,No internet service,No internet service,No internet service,No internet service,No internet service,0,19.55,19.55,0,19.55,0,0,0,1,0,0,1,0,0,0,0,0
3254-YRILK,0,1,0,0,19,1,Yes,No,Yes,No,No,Yes,No,1,88.2,1775.8,1,93.46315789473684,0,0,1,0,0,1,0,1,0,0,0,0
6416-YJTTB,0,0,0,0,11,1,No,Yes,No,Yes,No,No,No,1,79.5,795.65,0,72.33181818181818,0,0,1,0,0,0,0,0,0,0,0,0
2667-WYLWJ,1,0,1,1,8,1,No,No internet service,No internet service,No internet service,No internet service,No internet service,No internet service,1,19.75,145.0,1,18.125,1,0,0,1,0,0,1,0,0,0,0,0
4472-VESGY,1,0,1,1,52,1,Yes,Yes,Yes,Yes,No,No,Yes,0,98.15,4993.4,0,96.02692307692307,0,0,1,0,0,0,0,0,0,0,1,0
3195-TQDZX,0,0,0,0,3,1,No,No internet service,No internet service,No internet service,No internet service,No internet service,No internet service,1,20.25,61.45,0,20.483333333333334,0,0,0,1,0,1,0,0,0,0,0,0
3128-YOVTD,1,0,1,1,51,1,No,Yes,Yes,No,No,No,No,1,79.15,4018.55,0,78.79509803921569,0,0,1,0,0,0,0,0,0,0,1,0
0529-ONKER,0,1,0,0,15,1,Yes,No,No,No,No,No,No,0,75.65,1146.65,1,76.44333333333334,0,0,1,0,0,1,0,1,0,0,0,0
1728-CXQBE,0,1,1,0,64,1,Yes,No,Yes,Yes,No,No,Yes,1,94.25,6081.4,0,95.021875,0,0,1,0,0,1,0,0,0,0,0,1
7041-TXQJH,1,0,0,0,37,0,No phone service,No,No,Yes,No,No,Yes,1,40.2,1478.85,0,39.96891891891892,0,0,0,0,1,0,0,0,0,1,0,0
5014-GSOUQ,0,0,0,0,13,1,No,No internet service,No internet service,No internet service,No internet service,No internet service,No internet service,0,19.95,243.65,0,18.742307692307694,0,1,0,1,0,0,1,1,0,0,0,0
5724-BIDBU,0,0,1,0,49,1,Yes,Yes,No,No,No,No,No,1,55.35,2633.95,0,53.754081632653055,1,0,0,0,0,1,0,0,0,0,1,0
0481-SUMCB,1,1,0,0,45,1,Yes,No,No,Yes,No,Yes,Yes,1,102.15,4735.35,0,105.23,1,0,1,0,0,0,0,0,0,1,0,0
1769-GRUIK,1,0,0,0,18,1,No,No,No,No,No,No,No,1,71.1,1247.75,0,69.31944444444444,0,0,1,0,0,1,0,1,0,0,0,0
5240-IJOQT,0,1,0,0,1,1,Yes,No,No,No,No,No,No,1,74.7,74.7,1,74.7,0,0,1,0,0,1,0,0,0,0,0,0
8819-WFGGJ,0,0,1,0,68,0,No phone service,Yes,No,Yes,No,Yes,Yes,1,54.1,3794.5,0,55.8014705882353,0,1,0,0,0,0,0,0,0,0,0,1
7427-AUFPY,0,0,0,0,54,1,No,No internet service,No internet service,No internet service,No internet service,No internet service,No internet service,0,19.65,1008.7,0,18.67962962962963,0,1,0,1,1,0,0,0,0,0,1,0
2811-POVEX,1,1,1,1,23,1,No,No,Yes,Yes,No,No,Yes,1,88.45,2130.55,0,92.63260869565218,0,0,1,0,0,0,0,1,0,0,0,0
1092-GANHU,0,0,0,0,17,1,No,No,No,Yes,No,No,No,1,76.65,1313.55,1,77.26764705882353,0,0,1,0,0,1,0,1,0,0,0,0
7898-PDWQE,0,0,1,0,71,1,Yes,Yes,Yes,Yes,Yes,No,Yes,0,80.4,5727.15,0,80.66408450704225,0,1,0,0,1,0,0,0,0,0,0,1
9972-EWRJS,1,0,1,1,67,1,No,No internet service,No internet service,No internet service,No internet service,No internet service,No internet service,1,19.25,1372.9,0,20.491044776119406,0,1,0,1,0,0,0,0,0,0,0,1
9314-IJWSQ,1,0,1,1,14,1,Yes,No,No,No,No,Yes,No,1,84.8,1203.9,0,85.99285714285715,0,0,1,0,0,1,0,1,0,0,0,0
0661-XEYAN,1,1,0,0,1,0,No phone service,No,No,No,No,No,No,1,25.8,25.8,1,25.8,0,0,0,0,0,0,1,0,0,0,0,0
5799-JRCZO,1,0,0,1,63,1,No,No internet service,No internet service,No internet service,No internet service,No internet service,No internet service,0,19.5,1215.1,0,19.287301587301585,0,1,0,1,1,0,0,0,0,0,0,1
1921-KYSAY,1,0,0,0,41,1,Yes,No,No,Yes,Yes,No,Yes,1,68.6,2877.05,0,70.1719512195122,1,0,0,0,0,1,0,0,0,1,0,0
6198-RTPMF,1,0,1,0,17,1,Yes,No,No,No,No,Yes,Yes,0,92.6,1579.7,0,92.9235294117647,0,0,1,0,0,1,0,1,0,0,0,0
2924-KHUVI,0,0,1,0,56,1,Yes,Yes,No,No,No,Yes,Yes,1,100.55,5514.95,0,98.48125,1,0,1,0,0,1,0,0,0,0,1,0
1925-GMVBW,1,0,0,0,5,1,No,No internet service,No internet service,No internet service,No internet service,No internet service,No internet service,0,20.55,96.1,0,19.22,0,0,0,1,1,0,0,0,0,0,0,0
7881-EVUAD,1,0,0,0,2,0,No phone service,Yes,Yes,No,No,No,Yes,1,42.6,72.4,1,36.2,0,0,0,0,0,1,0,0,0,0,0,0
6184-DYUOB,1,0,1,0,3,1,No,No internet service,No internet service,No internet service,No internet service,No internet service,No internet service,1,19.6,55.25,0,18.416666666666668,0,0,0,1,0,0,1,0,0,0,0,0
9207-ZPANB,0,0,0,0,37,1,Yes,Yes,Yes,Yes,Yes,No,No,0,67.45,2443.3,0,66.03513513513514,1,0,0,0,0,1,0,0,0,1,0,0
5766-XQXMQ,1,0,0,0,29,1,No,Yes,Yes,Yes,No,No,Yes,1,68.85,1970.5,1,67.94827586206897,0,0,0,0,0,0,0,0,1,0,0,0
9327-QSDED,0,0,0,0,8,1,No,No,No,No,No,No,No,0,43.55,335.4,0,41.925,0,0,0,0,0,0,1,0,0,0,0,0
1656-DRSMG,1,0,0,0,63,1,Yes,No,Yes,Yes,Yes,Yes,Yes,1,109.85,7002.95,0,111.15793650793651,0,0,1,0,1,0,0,0,0,0,0,1
3012-VFFMN,1,0,1,1,7,1,No,No internet service,No internet service,No internet service,No internet service,No internet service,No internet service,0,20.65,158.95,0,22.707142857142856,0,0,0,1,0,0,1,0,0,0,0,0
2984-AFWNC,1,0,0,0,3,1,No,No,Yes,No,No,Yes,Yes,0,95.4,293.15,0,97.71666666666665,0,0,1,0,0,1,0,0,0,0,0,0
0640-YJTPY,0,0,1,1,72,1,No,No internet service,No internet service,No internet service,No internet service,No internet service,No internet service,0,21.0,1493.75,0,20.74652777777778,0,1,0,1,0,0,0,0,0,0,0,1
8096-LOIST,1,0,0,0,19,1,No,No,No,No,No,No,Yes,1,56.2,1093.4,0,57.54736842105264,0,0,0,0,0,1,0,1,0,0,0,0
9764-REAFF,1,0,1,0,59,1,No,No internet service,No internet service,No internet service,No internet service,No internet service,No internet service,0,18.4,1057.85,0,17.92966101694915,0,1,0,1,0,0,0,0,0,0,1,0
3703-VAVCL,0,0,1,1,2,1,No,No,No,Yes,Yes,No,Yes,0,90.0,190.05,1,95.025,0,0,1,0,1,0,0,0,0,0,0,0
7107-UBYKY,1,0,1,1,35,1,Yes,No internet service,No internet service,No internet service,No internet service,No internet service,No internet service,1,25.75,882.55,0,25.215714285714284,0,0,0,1,0,1,0,0,1,0,0,0
4881-GQJTW,0,0,0,0,14,1,No,No internet service,No internet service,No internet service,No internet service,No internet service,No internet service,0,19.6,300.4,0,21.457142857142856,0,0,0,1,1,0,0,1,0,0,0,0
8519-QJGJD,1,0,0,0,14,1,No,No,No,Yes,No,No,No,0,75.35,1025.95,1,73.28214285714286,0,0,1,0,0,1,0,1,0,0,0,0
7876-DNYAP,1,0,1,1,69,1,No,No internet service,No internet service,No internet service,No internet service,No internet service,No internet service,0,19.8,1436.95,0,20.82536231884058,0,1,0,1,1,0,0,0,0,0,0,1
7905-NJMXS,0,1,1,0,7,1,Yes,Yes,Yes,No,Yes,No,No,0,64.2,475.0,0,67.85714285714286,0,0,0,0,0,1,0,0,0,0,0,0
2882-WDTBA,0,0,1,1,69,1,No,Yes,Yes,Yes,Yes,Yes,No,1,75.75,5388.15,0,78.0891304347826,0,1,0,0,0,0,0,0,0,0,0,1
2091-GPPIQ,1,0,1,1,72,1,Yes,No,Yes,No,Yes,Yes,Yes,1,78.95,5730.15,0,79.58541666666666,0,1,0,0,0,1,0,0,0,0,0,1
6326-MTTXK,0,0,0,0,8,1,Yes,No,Yes,No,No,Yes,Yes,0,100.85,819.55,1,102.44375,0,0,1,0,0,1,0,0,0,0,0,0
5071-FBJFS,1,0,1,1,4,1,No,Yes,No,No,No,No,No,0,50.3,217.1,0,54.275,0,0,0,0,0,1,0,0,0,0,0,0
2796-UUZZO,0,0,1,1,63,1,No,No,Yes,Yes,No,No,No,1,80.3,4896.35,0,77.71984126984128,0,0,1,0,1,0,0,0,0,0,0,1
2429-AYKKO,0,0,0,0,72,1,No,No internet service,No internet service,No internet service,No internet service,No internet service,No internet service,0,19.85,1434.1,0,19.918055555555554,0,1,0,1,0,0,0,0,0,0,0,1
9798-OPFEM,1,0,0,0,46,1,No,No internet service,No internet service,No internet service,No internet service,No internet service,No internet service,1,21.1,937.1,0,20.371739130434783,0,1,0,1,0,1,0,0,0,1,0,0
0330-IVZHA,1,0,1,0,5,1,No,No,No,No,No,No,No,0,69.95,330.15,1,66.03,0,0,1,0,0,1,0,0,0,0,0,0
3794-NFNCH,0,0,1,0,30,1,No,No,No,Yes,No,No,No,1,50.0,1474.9,0,49.163333333333334,0,0,0,0,0,0,1,0,1,0,0,0
5193-QLVZB,0,0,0,0,63,1,Yes,No,Yes,Yes,No,Yes,Yes,1,104.75,6536.5,0,103.75396825396825,0,1,1,0,0,0,0,0,0,0,0,1
7114-AEOZE,1,0,0,0,60,1,No,No internet service,No internet service,No internet service,No internet service,No internet service,No internet service,0,19.85,1128.1,0,18.801666666666666,0,1,0,1,0,0,0,0,0,0,1,0
2886-KEFUM,1,0,1,0,63,1,Yes,No,Yes,Yes,No,Yes,Yes,1,107.5,6873.75,1,109.10714285714286,1,0,1,0,0,1,0,0,0,0,0,1
5522-NYKPB,0,0,1,1,25,1,No,No,No,No,Yes,Yes,No,0,85.9,2199.05,0,87.962,0,0,1,0,0,1,0,0,1,0,0,0
4237-RLAQD,0,0,0,0,1,1,No,No,No,No,No,No,No,1,45.85,45.85,1,45.85,0,0,0,0,0,0,1,0,0,0,0,0
9957-YODKZ,0,1,1,0,6,1,Yes,No,No,Yes,No,No,No,1,80.8,457.1,0,76.18333333333334,0,0,1,0,0,1,0,0,0,0,0,0
6518-KZXCB,0,0,0,0,22,1,Yes,No internet service,No internet service,No internet service,No internet service,No internet service,No internet service,0,25.25,566.5,0,25.75,0,1,0,1,0,0,1,1,0,0,0,0
2245-ADZFJ,1,0,1,1,31,1,Yes,No,Yes,No,Yes,Yes,Yes,0,80.55,2471.6,0,79.7290322580645,0,1,0,0,0,0,0,0,1,0,0,0
7776-QGYJC,1,0,1,1,39,1,No,No,No,Yes,Yes,No,No,1,81.5,3107.3,0,79.67435897435898,0,0,1,0,0,0,0,0,0,1,0,0
9313-QOLTZ,0,0,0,0,26,1,No,No internet service,No internet service,No internet service,No internet service,No internet service,No internet service,0,20.9,518.3,0,19.934615384615384,0,0,0,1,0,0,1,0,1,0,0,0
9651-GTSAQ,1,0,1,0,53,1,No,Yes,Yes,Yes,No,Yes,Yes,1,106.1,5769.75,1,108.86320754716981,1,0,1,0,0,0,0,0,0,0,1,0
3186-BAXNB,1,0,0,0,1,1,No,No,Yes,No,Yes,Yes,No,0,91.7,91.7,1,91.7,0,0,1,0,0,1,0,0,0,0,0,0
4672-FOTSD,0,0,0,0,12,1,Yes,Yes,Yes,No,Yes,No,No,1,67.25,832.3,0,69.35833333333333,0,0,0,0,0,1,0,0,0,0,0,0
0637-YLETY,1,0,0,0,16,1,Yes,No,Yes,Yes,No,No,Yes,1,95.6,1555.65,1,97.228125,0,0,1,0,1,0,0,1,0,0,0,0
9818-XQCUV,1,0,0,0,2,1,No,No internet service,No internet service,No internet service,No internet service,No internet service,No internet service,0,20.35,45.3,0,22.65,0,0,0,1,0,0,1,0,0,0,0,0
7338-ERIVA,0,0,0,1,39,0,No phone service,Yes,No,No,Yes,Yes,No,0,45.05,1790.6,0,45.91282051282051,1,0,0,0,0,0,0,0,0,1,0,0
1157-BQCUW,0,0,0,0,1,1,Yes,No,No,No,No,No,No,1,74.95,74.95,1,74.95,0,0,1,0,0,1,0,0,0,0,0,0
8259-NFJTV,1,0,1,1,7,0,No phone service,Yes,No,No,Yes,No,No,0,34.65,246.6,0,35.22857142857143,0,0,0,0,0,0,1,0,0,0,0,0
3223-DWFIO,0,1,0,0,4,1,No,No,No,No,No,No,No,0,69.35,261.65,0,65.4125,0,0,1,0,0,1,0,0,0,0,0,0
2660-EMUBI,0,1,0,0,10,1,Yes,No,No,No,No,Yes,Yes,1,95.35,898.35,1,89.83500000000001,0,0,1,0,0,1,0,0,0,0,0,0
6968-GMKPR,1,0,0,0,55,1,No,No,Yes,Yes,No,No,No,1,81.55,4509.5,0,81.99090909090908,0,0,1,0,0,1,0,0,0,0,1,0
4751-ERMAN,0,0,1,1,72,1,No,No,Yes,Yes,No,Yes,Yes,1,75.4,5480.25,0,76.11458333333333,0,1,0,0,0,0,0,0,0,0,0,1
1436-ZMJAN,1,0,1,0,10,1,No,No,No,Yes,No,Yes,Yes,1,67.8,653.15,0,65.315,0,0,0,0,1,0,0,0,0,0,0,0
3292-PBZEJ,0,1,0,0,11,1,Yes,No,Yes,Yes,Yes,Yes,Yes,1,111.4,1183.05,0,107.55,0,0,1,0,0,1,0,0,0,0,0,0
0799-DDIHE,1,0,1,1,15,1,No,No,No,No,No,No,No,0,46.3,639.45,0,42.63,0,0,0,0,0,1,0,1,0,0,0,0
3070-FNFZQ,1,0,1,1,23,1,No,No internet service,No internet service,No internet service,No internet service,No internet service,No internet service,0,20.4,478.75,0,20.815217391304348,0,1,0,1,0,0,0,1,0,0,0,0
2812-SFXMJ,0,0,0,1,1,1,No,No internet service,No internet service,No internet service,No internet service,No internet service,No internet service,0,20.05,20.05,0,20.05,0,0,0,1,0,0,1,0,0,0,0,0
7675-OZCZG,1,1,0,0,3,1,No,No,No,No,No,No,No,0,45.0,127.1,1,42.36666666666667,0,0,0,0,0,1,0,0,0,0,0,0
5014-WUQMG,0,0,1,1,47,1,No,Yes,Yes,Yes,No,No,Yes,1,96.1,4391.45,0,93.43510638297872,1,0,1,0,0,1,0,0,0,1,0,0
5312-TSZVC,1,0,0,1,15,1,No,No internet service,No internet service,No internet service,No internet service,No internet service,No internet service,0,19.65,270.6,0,18.040000000000003,1,0,0,1,0,0,1,1,0,0,0,0
2003-CKLOR,0,0,0,0,66,1,No,No,Yes,Yes,No,Yes,Yes,0,99.5,6710.5,1,101.67424242424242,0,0,1,0,0,1,0,0,0,0,0,1
0993-OSGPT,1,1,1,0,68,1,No,No,Yes,Yes,Yes,No,No,1,60.65,3975.9,0,58.46911764705882,1,0,0,0,0,0,0,0,0,0,0,1
9254-RBFON,1,0,1,1,17,1,No,No,No,Yes,Yes,Yes,Yes,0,98.6,1704.95,1,100.29117647058824,1,0,1,0,0,0,0,1,0,0,0,0
1205-WNWPJ,1,0,0,0,7,1,No,No,No,No,Yes,Yes,No,1,59.5,415.95,1,59.42142857142857,0,0,0,0,0,0,1,0,0,0,0,0
9391-EOYLI,0,1,1,0,12,1,No,No,No,No,No,No,Yes,1,80.45,950.2,1,79.18333333333334,0,0,1,0,0,1,0,0,0,0,0,0
7108-DGVUU,1,1,1,0,21,1,Yes,No,Yes,Yes,No,No,Yes,0,71.7,1497.05,0,71.28809523809524,1,0,0,0,0,0,0,1,0,0,0,0
2782-JEEBU,0,0,0,0,21,0,No phone service,No,Yes,No,Yes,No,No,1,36.0,780.15,0,37.15,0,0,0,0,0,0,1,1,0,0,0,0
5127-BZENZ,1,0,1,1,56,1,Yes,Yes,No,No,No,Yes,No,0,65.2,3512.15,0,62.71696428571429,1,0,0,0,0,0,0,0,0,0,1,0
2720-FVBQP,1,0,1,1,6,1,Yes,No,No,No,No,No,No,1,48.95,273.25,0,45.541666666666664,0,0,0,0,1,0,0,0,0,0,0,0
9906-NHHVC,1,1,0,0,65,0,No phone service,No,Yes,Yes,No,Yes,Yes,1,53.5,3517.9,0,54.121538461538464,0,1,0,0,0,0,0,0,0,0,0,1
4522-XRWWI,0,0,1,0,42,1,Yes,Yes,No,No,Yes,Yes,Yes,0,80.45,3375.9,0,80.37857142857143,1,0,0,0,1,0,0,0,0,1,0,0
3766-EJLFL,1,0,1,1,68,1,Yes,Yes,No,Yes,Yes,Yes,Yes,1,109.05,7508.55,0,110.41985294117647,0,1,1,0,0,0,0,0,0,0,0,1
5939-SXWHM,0,0,1,1,48,1,Yes,No internet service,No internet service,No internet service,No internet service,No internet service,No internet service,0,26.3,1245.05,0,25.938541666666666,0,1,0,1,0,0,0,0,0,1,0,0
8152-UOBNY,1,1,0,0,50,1,Yes,No,Yes,No,Yes,Yes,Yes,1,106.8,5347.95,0,106.959,1,0,1,0,0,1,0,0,0,0,1,0
7351-KYHQH,1,1,0,0,7,1,No,No,Yes,Yes,No,Yes,No,1,64.95,493.65,0,70.52142857142857,0,0,0,0,0,1,0,0,0,0,0,0
7643-RCHXS,1,0,1,1,63,1,No,No internet service,No internet service,No internet service,No internet service,No internet service,No internet service,0,19.35,1263.85,0,20.06111111111111,0,1,0,1,0,1,0,0,0,0,0,1
8246-SHFGA,0,0,0,0,17,1,No,No internet service,No internet service,No internet service,No internet service,No internet service,No internet service,0,21.1,385.55,0,22.679411764705883,0,0,0,1,1,0,0,1,0,0,0,0
8387-MOJJT,1,0,1,1,42,1,No,No,No,No,No,Yes,No,1,77.95,3384.0,1,80.57142857142857,0,0,1,0,1,0,0,0,0,1,0,0
0620-XEFWH,0,0,1,1,4,1,No,No internet service,No internet service,No internet service,No internet service,No internet service,No internet service,0,18.85,84.2,0,21.05,0,0,0,1,0,0,1,0,0,0,0,0
6485-QXWWE,1,0,0,1,62,1,Yes,No internet service,No internet service,No internet service,No internet service,No internet service,No internet service,0,26.0,1638.7,0,26.43064516129032,0,1,0,1,0,0,0,0,0,0,0,1
2761-OCIAX,0,1,0,0,2,1,No,No,Yes,No,No,No,No,1,74.7,165.4,1,82.7,0,0,1,0,0,1,0,0,0,0,0,0
7321-VGNKU,1,0,1,0,2,1,No,No,No,No,No,No,No,1,70.35,120.25,0,60.125,0,0,1,0,0,1,0,0,0,0,0,0
5327-CNLUQ,0,0,1,0,48,1,Yes,Yes,Yes,Yes,No,Yes,No,1,96.9,4473.45,0,93.19687499999999,0,1,1,0,0,0,0,0,0,1,0,0
7552-KEYGT,0,0,1,0,27,1,No,No internet service,No internet service,No internet service,No internet service,No internet service,No internet service,0,19.55,520.55,0,19.27962962962963,0,1,0,1,0,0,0,0,1,0,0,0
5816-JMLGY,1,0,1,1,70,1,No,No,Yes,Yes,Yes,Yes,Yes,1,80.4,5717.85,0,81.68357142857144,0,1,0,0,0,0,0,0,0,0,0,1
3068-OMWZA,0,1,0,0,1,1,Yes,No,No,Yes,No,Yes,No,1,88.8,88.8,1,88.8,0,0,1,0,0,1,0,0,0,0,0,0
2927-QRRQV,0,0,1,0,46,1,Yes,No,Yes,Yes,No,Yes,No,1,94.65,4312.5,0,93.75,1,0,1,0,0,1,0,0,0,1,0,0
6032-KRXXO,0,0,0,0,30,1,No,No,No,No,No,Yes,Yes,1,90.25,2755.35,1,91.845,0,0,1,0,0,1,0,0,1,0,0,0
7459-RRWQZ,1,0,0,0,15,1,Yes,Yes,No,No,No,No,Yes,1,64.65,994.55,1,66.30333333333333,0,0,0,0,0,0,0,1,0,0,0,0
6265-SXWBU,0,0,1,1,69,1,Yes,No,Yes,Yes,No,Yes,No,0,95.75,6511.25,0,94.3659420289855,1,0,1,0,1,0,0,0,0,0,0,1
7941-RCJOW,0,0,0,0,65,1,No,No internet service,No internet service,No internet service,No internet service,No internet service,No internet service,1,19.55,1218.65,0,18.74846153846154,0,1,0,1,1,0,0,0,0,0,0,1
6374-NTQLP,0,1,1,1,72,1,No,Yes,No,Yes,Yes,Yes,Yes,1,104.1,7447.7,0,103.44027777777778,0,1,1,0,1,0,0,0,0,0,0,1
4154-AQUGT,0,1,1,0,13,1,No,No,Yes,No,Yes,No,Yes,1,89.05,1169.35,1,89.94999999999999,0,0,1,0,0,0,0,1,0,0,0,0
2387-KDZQY,0,0,0,0,17,1,No,No internet service,No internet service,No internet service,No internet service,No internet service,No internet service,1,20.1,279.5,0,16.441176470588236,1,0,0,1,0,0,1,1,0,0,0,0
3584-WKTTW,0,0,1,0,51,1,Yes,Yes,No,Yes,Yes,Yes,Yes,1,111.55,5720.35,0,112.16372549019609,1,0,1,0,0,1,0,0,0,0,1,0
3399-BMLVW,0,0,1,1,51,1,No,Yes,Yes,No,Yes,No,No,0,60.5,3121.45,0,61.20490196078431,0,1,0,0,1,0,0,0,0,0,1,0
1971-DTCZB,1,0,1,0,72,1,Yes,Yes,Yes,Yes,Yes,Yes,Yes,1,90.95,6468.6,0,89.84166666666667,0,1,0,0,0,0,0,0,0,0,0,1
3092-IGHWF,0,0,1,1,67,1,Yes,No,Yes,Yes,No,No,No,0,87.4,5918.8,1,88.34029850746269,1,0,1,0,0,1,0,0,0,0,0,1
3374-PZLXD,0,0,0,0,34,1,No,No internet service,No internet service,No internet service,No internet service,No internet service,No internet service,0,19.7,675.6,0,19.870588235294118,0,0,0,1,0,0,1,0,1,0,0,0
3813-DHBBB,0,0,1,0,67,0,No phone service,Yes,Yes,No,Yes,No,Yes,1,50.95,3521.7,0,52.56268656716418,0,1,0,0,0,0,0,0,0,0,0,1
2812-REYAT,1,0,1,0,49,1,No,No internet service,No internet service,No internet service,No internet service,No internet service,No internet service,1,20.05,923.1,0,18.838775510204083,1,0,0,1,0,0,0,0,0,0,1,0
6518-PPLMZ,0,0,1,1,53,1,No,No internet service,No internet service,No internet service,No internet service,No internet service,No internet service,1,19.4,1110.35,0,20.95,0,1,0,1,0,0,1,0,0,0,1,0
4939-KYYPY,0,0,0,0,27,1,Yes,No,No,Yes,Yes,No,No,0,59.45,1611.65,0,59.69074074074074,0,0,0,0,0,1,0,0,1,0,0,0
8017-LXHFA,1,1,0,0,23,1,No,No,Yes,No,No,Yes,Yes,1,94.75,2293.6,1,99.72173913043478,0,0,1,0,0,1,0,1,0,0,0,0
5930-GBIWP,0,0,0,0,69,1,Yes,Yes,Yes,Yes,Yes,No,Yes,1,81.5,5553.25,0,80.48188405797102,0,1,0,0,1,0,0,0,0,0,0,1
6022-KOUQO,1,0,1,1,2,0,No phone service,No,No,No,Yes,No,No,0,29.05,44.75,0,22.375,0,0,0,0,0,0,0,0,0,0,0,0
6352-TWCAU,1,0,0,0,35,1,Yes,No,No,No,No,Yes,No,1,86.45,3029.1,1,86.54571428571428,0,0,1,0,0,1,0,0,1,0,0,0
2361-UPSND,1,0,1,0,46,1,No,Yes,Yes,No,Yes,No,Yes,0,70.6,3231.05,0,70.24021739130436,1,0,0,0,0,0,1,0,0,1,0,0
6035-RIIOM,1,0,0,0,54,1,Yes,No,Yes,No,No,Yes,Yes,1,97.2,5129.45,0,94.9898148148148,0,1,1,0,0,0,0,0,0,0,1,0
2929-QNSRW,1,0,1,0,56,1,Yes,No,Yes,No,No,Yes,Yes,1,98.25,5508.35,1,98.36339285714287,1,0,1,0,0,1,0,0,0,0,1,0
1262-OPMFY,1,0,1,0,9,1,No,No,No,Yes,No,No,No,1,75.75,655.9,1,72.87777777777778,0,0,1,0,0,0,0,0,0,0,0,0
9504-DSHWM,0,0,0,0,20,1,Yes,Yes,No,No,Yes,No,No,0,59.2,1191.2,0,59.56,0,0,0,0,0,0,0,1,0,0,0,0
5035-BVCXS,0,0,0,0,11,1,No,No,Yes,No,No,No,No,1,75.9,866.4,0,78.76363636363637,0,0,1,0,0,0,1,0,0,0,0,0
6267-DCFFZ,1,1,1,0,30,1,Yes,No,Yes,No,No,Yes,No,1,90.05,2627.2,0,87.57333333333332,0,0,1,0,0,1,0,0,1,0,0,0
3533-UVMOM,0,0,1,0,68,1,No,Yes,Yes,Yes,No,No,Yes,0,70.95,4741.45,0,69.72720588235293,0,1,0,0,0,0,0,0,0,0,0,1
2439-LYPMQ,0,1,1,0,38,1,Yes,No,Yes,Yes,No,Yes,Yes,1,102.6,4009.2,0,105.50526315789473,0,0,1,0,0,1,0,0,0,1,0,0
4248-QPAVC,1,1,1,0,17,1,Yes,Yes,No,Yes,No,No,No,1,85.35,1463.45,1,86.08529411764707,0,0,1,0,0,0,0,1,0,0,0,0
1899-VXWXM,0,0,0,0,48,1,Yes,No,Yes,Yes,No,Yes,Yes,1,106.1,5082.8,1,105.89166666666667,1,0,1,0,1,0,0,0,0,1,0,0
1478-VPOAD,1,0,0,0,1,1,No,No,No,No,No,No,No,0,43.8,43.8,0,43.8,0,0,0,0,0,1,0,0,0,0,0,0
9995-HOTOH,0,0,1,1,63,0,No phone service,Yes,Yes,Yes,No,Yes,Yes,0,59.0,3707.6,0,58.85079365079365,0,1,0,0,0,1,0,0,0,0,0,1
2988-PLAHS,1,0,0,0,3,1,No,No,No,Yes,No,Yes,Yes,1,69.95,220.45,0,73.48333333333333,1,0,0,0,0,1,0,0,0,0,0,0
1371-OJCEK,1,0,0,0,48,1,Yes,No internet service,No internet service,No internet service,No internet service,No internet service,No internet service,0,24.35,1133.7,0,23.618750000000002,1,0,0,1,0,0,0,0,0,1,0,0
4999-IEZLT,0,0,0,0,66,0,No phone service,No,No,No,Yes,No,No,0,29.45,1983.15,0,30.047727272727276,1,0,0,0,1,0,0,0,0,0,0,1
8883-ANODQ,1,0,1,1,68,1,Yes,No,Yes,Yes,No,No,No,1,84.4,5746.75,0,84.51102941176471,0,1,1,0,1,0,0,0,0,0,0,1
4690-LLKUA,0,1,0,0,17,1,No,No,No,No,No,No,No,1,45.05,770.6,1,45.32941176470588,0,0,0,0,0,1,0,1,0,0,0,0
2351-RRBUE,1,0,1,1,7,1,No,No internet service,No internet service,No internet service,No internet service,No internet service,No internet service,0,20.65,134.05,0,19.150000000000002,1,0,0,1,0,0,1,0,0,0,0,0
5980-BDHPY,0,0,1,0,72,1,Yes,Yes,Yes,Yes,Yes,Yes,Yes,1,87.1,6230.1,0,86.52916666666667,0,1,0,0,0,0,0,0,0,0,0,1
1498-DQNRX,1,0,1,0,29,1,No,No internet service,No internet service,No internet service,No internet service,No internet service,No internet service,0,19.85,573.05,0,19.760344827586206,0,0,0,1,0,0,1,0,1,0,0,0
9469-WEJBT,0,0,1,0,37,1,No,No,No,Yes,Yes,No,Yes,1,90.35,3419.3,0,92.41351351351352,0,0,1,0,0,1,0,0,0,1,0,0
3331-HQDTW,1,0,0,0,34,1,Yes,Yes,Yes,Yes,No,Yes,Yes,1,109.8,3587.25,1,105.50735294117646,0,0,1,0,0,0,1,0,1,0,0,0
9490-DFPMD,1,1,0,0,42,1,Yes,No,No,No,No,Yes,No,1,84.65,3541.35,1,84.31785714285714,0,0,1,0,0,1,0,0,0,1,0,0
2581-VKIRT,1,0,1,1,59,1,Yes,Yes,Yes,No,Yes,No,No,0,65.5,3801.3,0,64.42881355932204,1,0,0,0,0,0,1,0,0,0,1,0
5442-XSDCW,0,0,1,1,11,1,No,No,No,No,No,Yes,No,1,79.5,868.5,1,78.95454545454545,0,0,1,0,0,0,0,0,0,0,0,0
7426-WEIJX,0,1,1,1,60,1,Yes,Yes,No,No,No,No,No,1,80.95,4859.1,0,80.985,0,0,1,0,0,1,0,0,0,0,1,0
2851-MMUTZ,1,0,0,0,27,1,No,No,Yes,No,Yes,No,No,1,56.15,1439.35,0,53.30925925925926,0,0,0,0,0,0,1,0,1,0,0,0
3049-NDXFL,1,0,0,0,1,1,Yes,No,No,No,No,No,Yes,0,85.8,85.8,1,85.8,0,0,1,0,0,0,1,0,0,0,0,0
8580-AECUZ,0,1,0,0,1,1,No,No,No,No,No,Yes,No,1,79.1,79.1,1,79.1,0,0,1,0,0,1,0,0,0,0,0,0
3307-TLCUD,0,0,1,0,17,0,No phone service,Yes,No,Yes,No,No,No,0,34.4,592.75,0,34.86764705882353,0,0,0,0,0,0,1,1,0,0,0,0
6625-FLENO,0,0,1,0,58,1,No,No internet service,No internet service,No internet service,No internet service,No internet service,No internet service,0,20.75,1185.95,0,20.44741379310345,0,1,0,1,0,0,1,0,0,0,1,0
2967-MXRAV,0,0,1,1,1,1,No,No internet service,No internet service,No internet service,No internet service,No internet service,No internet service,0,18.8,18.8,0,18.8,1,0,0,1,0,0,1,0,0,0,0,0
7963-GQRMY,1,0,1,1,3,1,No,No,No,No,No,No,No,0,44.3,134.5,1,44.833333333333336,0,0,0,0,0,0,1,0,0,0,0,0
8189-HBVRW,1,0,0,0,53,1,Yes,Yes,Yes,Yes,No,No,No,0,90.8,4921.2,0,92.85283018867923,0,0,1,0,0,1,0,0,0,0,1,0
4163-KIUHY,0,0,0,0,35,1,Yes,No internet service,No internet service,No internet service,No internet service,No internet service,No internet service,1,25.6,901.25,0,25.75,0,0,0,1,0,1,0,0,1,0,0,0
1228-FZFRV,0,0,1,1,50,1,Yes,Yes,No,Yes,No,Yes,Yes,0,105.95,5341.8,1,106.836,0,0,1,0,1,0,0,0,0,0,1,0
3500-NSDOA,0,0,1,1,68,1,Yes,No,Yes,No,Yes,No,Yes,0,70.8,4859.95,0,71.46985294117647,0,1,0,0,1,0,0,0,0,0,0,1
1171-TYKUR,0,0,1,0,47,1,Yes,No internet service,No internet service,No internet service,No internet service,No internet service,No internet service,0,25.4,1139.2,0,24.238297872340425,0,0,0,1,0,1,0,0,0,1,0,0
3761-FLYZI,1,1,1,0,65,1,Yes,No,Yes,Yes,No,Yes,Yes,1,108.8,7082.45,0,108.96076923076923,0,0,1,0,0,0,0,0,0,0,0,1
2058-DCJBE,0,0,0,0,5,1,No,No,No,No,No,No,No,1,69.75,324.6,1,64.92,0,0,1,0,0,1,0,0,0,0,0,0
5364-XYIRR,0,0,1,0,51,1,Yes,No,No,No,No,Yes,Yes,1,94.65,4812.75,1,94.36764705882354,0,0,1,0,0,1,0,0,0,0,1,0
4829-AUOAX,1,0,0,0,46,1,Yes,No,No,No,No,Yes,Yes,0,96.05,4399.5,1,95.6413043478261,0,0,1,0,0,0,0,0,0,1,0,0
1219-NNDDO,1,0,0,0,9,1,Yes,No,No,No,No,No,No,1,76.85,663.55,0,73.72777777777777,0,0,1,0,0,1,0,0,0,0,0,0
8388-DMKAE,1,0,0,0,8,1,No,No internet service,No internet service,No internet service,No internet service,No internet service,No internet service,0,20.25,174.65,0,21.83125,0,1,0,1,0,0,1,0,0,0,0,0
4403-BWPAY,0,0,0,0,14,1,Yes,No internet service,No internet service,No internet service,No internet service,No internet service,No internet service,1,24.8,321.7,0,22.978571428571428,1,0,0,1,1,0,0,1,0,0,0,0
9659-QEQSY,1,0,0,0,45,1,Yes,Yes,Yes,Yes,Yes,Yes,Yes,1,115.65,5125.5,0,113.9,0,0,1,0,0,1,0,0,0,1,0,0
5405-ZMYXQ,1,0,0,0,8,1,Yes,No,No,No,No,No,No,1,74.6,548.9,0,68.6125,0,0,1,0,1,0,0,0,0,0,0,0
5047-LHVLY,0,1,0,1,1,1,No,No,No,Yes,No,No,No,1,50.15,50.15,1,50.15,0,0,0,0,0,0,1,0,0,0,0,0
1442-OKRJE,0,0,1,1,66,1,No,Yes,Yes,Yes,No,Yes,Yes,1,103.15,7031.3,0,106.53484848484848,1,0,1,0,0,0,0,0,0,0,0,1
4737-AQCPU,0,0,1,1,72,1,Yes,Yes,Yes,Yes,Yes,No,No,0,72.1,5016.65,0,69.67569444444445,0,1,0,0,1,0,0,0,0,0,0,1
9158-VCTQB,1,0,1,0,41,1,Yes,Yes,Yes,Yes,Yes,Yes,Yes,1,113.6,4594.95,1,112.07195121951219,0,0,1,0,0,0,0,0,0,1,0,0
2808-CHTDM,1,0,1,1,23,1,Yes,No internet service,No internet service,No internet service,No internet service,No internet service,No internet service,0,25.1,611.45,0,26.584782608695654,0,1,0,1,0,0,1,1,0,0,0,0
6311-UEUME,1,0,0,0,29,1,No,No,No,No,No,Yes,No,1,78.9,2384.15,1,82.21206896551725,0,0,1,0,0,1,0,0,1,0,0,0
0793-TWELN,1,0,0,0,4,1,Yes,Yes,No,No,No,No,No,1,80.15,319.85,0,79.9625,0,0,1,0,0,1,0,0,0,0,0,0
3283-WCWXT,0,0,1,1,6,1,Yes,No internet service,No internet service,No internet service,No internet service,No internet service,No internet service,0,25.4,153.3,0,25.55,0,1,0,1,0,0,1,0,0,0,0,0
1060-ENTOF,1,1,1,0,67,1,Yes,Yes,Yes,Yes,Yes,No,Yes,1,105.4,7035.6,0,105.0089552238806,1,0,1,0,1,0,0,0,0,0,0,1
0999-QXNSA,0,1,0,1,7,1,No,No,No,No,No,No,No,1,45.75,344.2,0,49.17142857142857,0,0,0,0,0,0,1,0,0,0,0,0
5451-MHQOF,0,0,1,1,56,1,Yes,No internet service,No internet service,No internet service,No internet service,No internet service,No internet service,1,24.45,1431.65,0,25.56517857142857,1,0,0,1,0,0,1,0,0,0,1,0
4836-WNFNO,1,0,1,0,72,1,Yes,No internet service,No internet service,No internet service,No internet service,No internet service,No internet service,0,25.0,1849.2,0,25.683333333333334,0,1,0,1,1,0,0,0,0,0,0,1
9225-BZLNZ,0,0,1,0,72,1,Yes,Yes,Yes,Yes,No,Yes,Yes,1,85.25,6083.1,0,84.48750000000001,0,1,0,0,0,1,0,0,0,0,0,1
0354-VXMJC,0,0,1,1,23,1,No,No internet service,No internet service,No internet service,No internet service,No internet service,No internet service,0,19.6,426.65,0,18.55,0,1,0,1,1,0,0,1,0,0,0,0
4422-QVIJA,1,0,0,1,35,1,Yes,No,No,No,No,No,No,0,50.15,1655.35,0,47.29571428571428,0,0,0,0,0,0,1,0,1,0,0,0
9365-SRSZE,0,1,1,0,27,1,No,No,No,No,No,No,No,1,70.55,1943.9,0,71.9962962962963,0,0,1,0,0,1,0,0,1,0,0,0
6839-ITVZJ,1,0,1,1,26,1,Yes,No,Yes,No,Yes,No,No,1,60.05,1616.15,1,62.159615384615385,0,0,0,0,0,1,0,0,1,0,0,0
8332-OSJDW,0,0,1,1,12,1,Yes,No internet service,No internet service,No internet service,No internet service,No internet service,No internet service,0,26.4,314.95,0,26.245833333333334,1,0,0,1,0,0,1,0,0,0,0,0
4735-BJKOU,1,0,0,0,40,1,No,No internet service,No internet service,No internet service,No internet service,No internet service,No internet service,0,20.15,804.85,0,20.12125,0,1,0,1,0,0,1,0,0,1,0,0
0274-JKUJR,0,0,1,1,7,0,No phone service,Yes,Yes,Yes,No,Yes,Yes,0,58.85,465.7,0,66.52857142857142,0,0,0,0,0,0,1,0,0,0,0,0
5740-YHGTW,0,0,1,1,70,1,Yes,Yes,Yes,No,No,Yes,No,1,97.55,6669.05,0,95.27214285714285,0,0,1,0,1,0,0,0,0,0,0,1
8917-SZTTJ,0,0,1,1,60,1,No,No internet service,No internet service,No internet service,No internet service,No internet service,No internet service,0,19.65,1161.75,0,19.3625,0,1,0,1,1,0,0,0,0,0,1,0
1696-MZVAU,0,0,1,1,39,0,No phone service,No,No,No,No,No,No,1,25.25,947.75,0,24.30128205128205,1,0,0,0,1,0,0,0,0,1,0,0
7359-WWYJV,0,0,1,0,72,1,Yes,Yes,Yes,Yes,Yes,Yes,Yes,0,114.45,8375.05,0,116.32013888888888,0,1,1,0,1,0,0,0,0,0,0,1
0375-HVGXO,1,0,0,0,1,0,No phone service,No,No,No,No,Yes,No,1,34.7,34.7,1,34.7,0,0,0,0,0,1,0,0,0,0,0,0
4906-ZHGPK,0,0,1,1,54,1,Yes,No,Yes,No,Yes,Yes,No,1,70.7,3770.0,0,69.81481481481481,1,0,0,0,0,1,0,0,0,0,1,0
8593-WHYHV,0,0,0,0,3,1,Yes,No,No,No,No,No,Yes,1,85.3,264.8,1,88.26666666666667,0,0,1,0,0,1,0,0,0,0,0,0
3795-GWTRD,1,0,1,1,63,1,No,Yes,Yes,Yes,Yes,Yes,No,0,75.55,4707.85,0,74.72777777777779,0,1,0,0,1,0,0,0,0,0,0,1
1298-PHBTI,0,0,1,1,71,1,Yes,No,Yes,No,Yes,No,No,1,84.8,6152.4,0,86.65352112676055,0,1,1,0,0,1,0,0,0,0,0,1
6223-DHJGV,1,0,0,0,42,1,No,No internet service,No internet service,No internet service,No internet service,No internet service,No internet service,1,20.65,958.1,0,22.811904761904763,1,0,0,1,0,0,1,0,0,1,0,0
6961-MJKBO,0,0,0,0,47,1,No,No internet service,No internet service,No internet service,No internet service,No internet service,No internet service,0,20.45,943.0,0,20.06382978723404,0,1,0,1,0,0,0,0,0,1,0,0
6097-EQISJ,1,0,1,1,66,1,Yes,No,Yes,Yes,No,Yes,Yes,1,102.45,6615.15,1,100.22954545454544,1,0,1,0,1,0,0,0,0,0,0,1
4423-YLHDV,1,0,1,0,21,1,Yes,Yes,No,Yes,No,Yes,Yes,1,104.4,2200.25,1,104.77380952380952,0,0,1,0,0,0,0,1,0,0,0,0
8158-WPEZG,0,0,0,0,11,0,No phone service,No,Yes,No,Yes,No,No,1,35.65,425.1,0,38.64545454545455,0,0,0,0,0,1,0,0,0,0,0,0
0107-YHINA,0,0,0,1,1,1,Yes,No,No,Yes,No,Yes,Yes,1,99.75,99.75,1,99.75,0,0,1,0,0,1,0,0,0,0,0,0
4918-FYJNT,1,1,1,0,55,1,Yes,No,Yes,Yes,Yes,No,No,0,90.45,5044.8,0,91.72363636363637,0,0,1,0,0,1,0,0,0,0,1,0
0727-BNRLG,0,0,0,0,69,1,Yes,No,Yes,Yes,Yes,Yes,No,1,97.65,6743.55,0,97.73260869565217,0,1,1,0,1,0,0,0,0,0,0,1
4854-CIDCF,1,1,0,0,3,1,No,No,No,Yes,No,No,No,0,73.85,196.4,0,65.46666666666667,0,0,1,0,0,1,0,0,0,0,0,0
8640-SDGKB,0,0,0,0,4,1,No,No,No,Yes,Yes,Yes,Yes,1,74.4,299.7,1,74.925,0,0,0,0,0,1,0,0,0,0,0,0
3280-MRDOF,0,1,0,0,30,1,Yes,No,No,Yes,Yes,Yes,No,1,69.1,2093.9,0,69.79666666666667,0,1,0,0,1,0,0,0,1,0,0,0
6435-SRWBJ,1,0,0,0,5,1,Yes,No,No,Yes,Yes,No,No,1,82.75,417.75,0,83.55,0,0,1,0,0,1,0,0,0,0,0,0
9964-WBQDJ,1,0,1,0,71,1,Yes,No internet service,No internet service,No internet service,No internet service,No internet service,No internet service,1,24.4,1725.4,0,24.301408450704226,0,1,0,1,1,0,0,0,0,0,0,1
6303-KFWSL,1,0,0,0,29,1,Yes,No,Yes,No,No,No,No,1,55.25,1620.2,0,55.86896551724138,1,0,0,0,0,1,0,0,1,0,0,0
1702-CCFNJ,0,0,1,0,52,1,Yes,No,Yes,No,Yes,No,No,0,61.35,3169.55,0,60.95288461538462,0,0,0,0,0,0,0,0,0,0,1,0
8932-CZHRQ,0,0,0,0,68,1,Yes,Yes,Yes,Yes,No,No,Yes,0,76.75,5233.25,0,76.9595588235294,1,0,0,0,1,0,0,0,0,0,0,1
0386-CWRGM,1,0,1,1,46,1,No,No internet service,No internet service,No internet service,No internet service,No internet service,No internet service,0,19.4,967.85,0,21.04021739130435,0,1,0,1,0,0,1,0,0,1,0,0
5515-RUGKN,0,0,0,0,8,1,No,No,No,No,No,No,Yes,1,54.75,438.05,0,54.75625,0,0,0,0,1,0,0,0,0,0,0,0
0404-AHASP,0,0,1,0,72,1,No,No internet service,No internet service,No internet service,No internet service,No internet service,No internet service,0,19.7,1421.9,0,19.748611111111114,0,1,0,1,1,0,0,0,0,0,0,1
7279-NMVJC,1,0,0,0,17,1,No,No internet service,No internet service,No internet service,No internet service,No internet service,No internet service,0,19.9,323.15,0,19.008823529411764,1,0,0,1,0,0,0,1,0,0,0,0
2081-VEYEH,0,0,0,0,3,1,No,No,Yes,Yes,Yes,Yes,Yes,1,107.95,318.6,0,106.2,0,0,1,0,0,1,0,0,0,0,0,0
6407-UTSLV,1,1,0,0,2,1,No,No,Yes,No,No,Yes,No,1,83.8,163.7,0,81.85,0,0,1,0,0,0,0,0,0,0,0,0
4116-TZAQJ,1,0,0,0,9,1,No,Yes,No,No,No,No,No,1,74.25,639.65,1,71.07222222222222,0,0,1,0,1,0,0,0,0,0,0,0
9060-HJJRW,1,0,0,0,51,0,No phone service,No,Yes,Yes,No,Yes,Yes,1,56.4,2928.5,0,57.42156862745098,1,0,0,0,1,0,0,0,0,0,1,0
2587-YNLES,1,0,1,1,6,1,No,No internet service,No internet service,No internet service,No internet service,No internet service,No internet service,0,20.1,100.35,0,16.724999999999998,0,1,0,1,0,0,1,0,0,0,0,0
7398-SKNQZ,1,0,1,0,3,1,Yes,No,No,No,No,Yes,Yes,0,94.9,273.2,0,91.06666666666666,0,0,1,0,0,1,0,0,0,0,0,0
5935-FCCNB,1,1,0,0,17,1,Yes,No,No,No,No,Yes,Yes,1,94.2,1608.15,0,94.59705882352942,0,0,1,0,0,1,0,1,0,0,0,0
1958-RNRKS,0,0,1,0,30,1,Yes,No,No,No,No,No,No,0,49.9,1441.95,0,48.065000000000005,0,0,0,0,0,1,0,0,1,0,0,0
5136-RGMZO,0,0,0,0,31,1,Yes,No,Yes,No,Yes,Yes,No,1,71.05,2168.15,0,69.94032258064516,0,0,0,0,0,1,0,0,1,0,0,0
8345-MVDYC,1,0,0,0,45,1,No,Yes,No,Yes,Yes,Yes,Yes,0,81.65,3618.7,0,80.41555555555556,0,1,0,0,0,0,0,0,0,1,0,0
8226-BXGES,0,0,1,0,64,1,Yes,Yes,Yes,Yes,No,No,No,0,89.45,5692.65,0,88.94765625,1,0,1,0,0,0,0,0,0,0,0,1
3877-JRJIP,0,0,0,0,1,1,Yes,No,No,No,No,Yes,No,1,59.85,59.85,1,59.85,0,0,0,0,0,1,0,0,0,0,0,0
8375-DKEBR,1,1,0,0,1,1,No,No,No,No,No,No,No,1,69.6,69.6,1,69.6,0,0,1,0,0,1,0,0,0,0,0,0
9705-IOVQQ,0,1,1,1,61,1,Yes,No,Yes,No,No,Yes,Yes,0,99.0,5969.3,0,97.85737704918033,1,0,1,0,0,1,0,0,0,0,0,1
1015-OWJKI,0,0,0,0,1,1,No,No internet service,No internet service,No internet service,No internet service,No internet service,No internet service,0,19.05,19.05,0,19.05,0,0,0,1,0,0,1,0,0,0,0,0
7511-YMXVQ,0,0,0,0,9,0,No phone service,No,No,No,No,Yes,Yes,1,45.4,418.8,1,46.53333333333333,0,0,0,0,0,1,0,0,0,0,0,0
2040-XBAVJ,0,0,1,1,72,1,Yes,Yes,Yes,Yes,Yes,Yes,Yes,0,114.45,8100.55,0,112.50763888888889,0,1,1,0,0,0,0,0,0,0,0,1
7551-JOHTI,1,0,0,0,1,1,No,No internet service,No internet service,No internet service,No internet service,No internet service,No internet service,0,19.5,19.5,1,19.5,0,0,0,1,0,0,1,0,0,0,0,0
8887-IPQNC,1,0,1,0,7,1,No,No,No,No,No,No,No,1,44.25,313.45,0,44.778571428571425,0,0,0,0,0,0,1,0,0,0,0,0
8646-JCOMS,1,0,1,0,66,1,Yes,No,Yes,Yes,Yes,No,No,1,90.55,6130.95,0,92.89318181818182,1,0,1,0,0,0,0,0,0,0,0,1
9804-ICWBG,0,0,0,0,1,1,No,No,No,No,No,No,No,1,69.9,69.9,1,69.9,0,0,1,0,0,1,0,0,0,0,0,0
1222-KJNZD,0,0,1,1,40,1,No,No internet service,No internet service,No internet service,No internet service,No internet service,No internet service,1,20.4,745.3,0,18.6325,0,0,0,1,0,0,0,0,0,1,0,0
0106-GHRQR,0,0,0,0,16,1,Yes,No,Yes,Yes,No,No,Yes,1,71.4,1212.1,0,75.75625,0,0,0,0,0,0,0,1,0,0,0,0
5318-IXUZF,1,0,0,0,2,1,No,No,Yes,No,No,Yes,No,1,87.15,183.75,1,91.875,0,0,1,0,0,0,0,0,0,0,0,0
3768-VHXQO,0,0,1,0,67,1,Yes,No internet service,No internet service,No internet service,No internet service,No internet service,No internet service,0,24.85,1583.5,0,23.634328358208954,0,1,0,1,1,0,0,0,0,0,0,1
8952-WCVCD,1,0,1,0,41,1,No,Yes,Yes,Yes,No,Yes,Yes,1,104.45,4162.05,0,101.51341463414634,1,0,1,0,0,0,0,0,0,1,0,0
2418-TPEUN,1,0,1,1,56,1,No,No internet service,No internet service,No internet service,No internet service,No internet service,No internet service,1,19.8,1119.9,0,19.998214285714287,0,1,0,1,1,0,0,0,0,0,1,0
3963-RYFNS,1,0,0,0,72,1,Yes,Yes,Yes,Yes,Yes,Yes,Yes,1,116.45,8013.55,0,111.29930555555556,0,1,1,0,0,0,0,0,0,0,0,1
3198-VELRD,1,0,1,1,3,1,Yes,No,No,No,No,No,Yes,1,84.75,264.85,1,88.28333333333335,0,0,1,0,0,0,0,0,0,0,0,0
8540-ZQGEA,1,0,1,0,54,1,No,No internet service,No internet service,No internet service,No internet service,No internet service,No internet service,0,20.05,1102.4,0,20.414814814814818,0,1,0,1,1,0,0,0,0,0,1,0
1320-REHCS,0,1,0,0,52,1,Yes,No,Yes,Yes,Yes,Yes,Yes,1,110.75,5832.0,0,112.15384615384616,0,0,1,0,0,1,0,0,0,0,1,0
4137-JOPHL,1,0,0,0,50,1,No,No,No,Yes,Yes,No,Yes,1,89.7,4304.5,0,86.09,0,1,1,0,0,0,0,0,0,0,1,0
9436-ZBZCT,0,0,0,0,14,1,Yes,No,No,No,Yes,Yes,No,1,89.95,1178.4,1,84.17142857142858,0,0,1,0,0,1,0,1,0,0,0,0
7801-CEDNV,0,0,1,0,27,1,No,Yes,No,No,No,No,No,0,48.7,1421.75,0,52.657407407407405,1,0,0,0,1,0,0,0,1,0,0,0
2057-BOYKM,1,1,1,0,72,1,Yes,Yes,Yes,Yes,Yes,No,No,1,96.6,6827.5,0,94.82638888888889,0,1,1,0,0,0,0,0,0,0,0,1
3658-QQJYD,0,0,0,0,62,1,No,Yes,Yes,No,No,Yes,Yes,1,74.3,4698.05,0,75.775,1,0,0,0,1,0,0,0,0,0,0,1
1803-BGNBD,1,0,0,0,12,1,No,No,Yes,No,Yes,No,No,1,54.3,654.5,0,54.541666666666664,0,0,0,0,0,1,0,0,0,0,0,0
0134-XWXCE,1,1,0,0,44,1,No,No,No,Yes,Yes,Yes,Yes,0,74.85,3268.05,0,74.27386363636364,1,0,0,0,0,0,0,0,0,1,0,0
6950-TWMYB,0,0,1,1,54,1,No,No,Yes,No,Yes,No,No,1,79.95,4362.05,0,80.77870370370371,0,1,1,0,0,0,0,0,0,0,1,0
5848-FHRFC,1,0,0,0,68,1,No,No internet service,No internet service,No internet service,No internet service,No internet service,No internet service,0,20.05,1386.9,0,20.39558823529412,0,1,0,1,0,0,0,0,0,0,0,1
2243-FNMMI,0,0,0,0,20,1,No,No internet service,No internet service,No internet service,No internet service,No internet service,No internet service,0,19.4,415.4,0,20.77,0,0,0,1,0,0,1,1,0,0,0,0
2511-MORQY,0,0,1,1,50,1,Yes,No,No,Yes,No,No,No,0,54.9,2614.1,0,52.282,1,0,0,0,0,0,0,0,0,0,1,0
5356-KZCKT,0,0,0,0,58,1,Yes,No internet service,No internet service,No internet service,No internet service,No internet service,No internet service,1,24.45,1513.6,0,26.096551724137928,0,1,0,1,1,0,0,0,0,0,1,0
9470-XCCEM,0,0,1,1,35,1,Yes,No,Yes,No,No,Yes,No,1,89.65,3161.6,0,90.33142857142857,0,0,1,0,0,0,0,0,1,0,0,0
6519-CFDBX,1,0,0,0,2,1,No,No,No,No,No,No,No,1,45.4,80.95,0,40.475,0,0,0,0,0,1,0,0,0,0,0,0
3902-MIVLE,0,0,1,1,63,1,Yes,Yes,No,Yes,Yes,No,Yes,0,75.7,4676.7,0,74.23333333333333,0,1,0,0,0,0,1,0,0,0,0,1
0409-WTMPL,1,0,1,0,58,1,Yes,Yes,Yes,Yes,No,Yes,Yes,1,110.65,6526.65,0,112.52844827586206,1,0,1,0,1,0,0,0,0,0,1,0
8763-KIAFH,1,0,1,1,27,1,No,No internet service,No internet service,No internet service,No internet service,No internet service,No internet service,1,20.55,583.3,0,21.6037037037037,1,0,0,1,0,0,1,0,1,0,0,0
3669-WHAFY,1,0,1,0,71,1,Yes,Yes,Yes,Yes,Yes,Yes,Yes,1,115.15,8078.1,0,113.77605633802817,0,1,1,0,1,0,0,0,0,0,0,1
3055-VTCGS,1,0,0,0,63,1,No,No,No,Yes,No,No,Yes,0,58.55,3503.5,0,55.611111111111114,1,0,0,0,1,0,0,0,0,0,0,1
3144-KMTWZ,0,0,1,0,71,1,Yes,No,Yes,Yes,No,No,Yes,1,93.25,6669.45,0,93.93591549295775,0,0,1,0,0,0,0,0,0,0,0,1
7279-BUYWN,1,1,0,0,41,1,Yes,Yes,Yes,Yes,No,Yes,Yes,1,113.2,4689.5,1,114.3780487804878,0,0,1,0,0,1,0,0,0,1,0,0
7156-MHUGY,0,1,0,0,13,1,No,No,No,No,No,Yes,Yes,1,90.5,1201.15,1,92.39615384615385,0,0,1,0,0,1,0,1,0,0,0,0
7198-GLXTC,0,0,0,0,2,1,No,No,No,No,No,Yes,No,0,79.0,143.65,1,71.825,0,0,1,0,0,1,0,0,0,0,0,0
2007-QVGAW,1,0,1,1,68,1,No,No internet service,No internet service,No internet service,No internet service,No internet service,No internet service,1,19.35,1292.65,0,19.009558823529414,0,1,0,1,0,0,0,0,0,0,0,1
5207-PLSTK,0,0,1,1,1,1,No,Yes,No,No,No,No,No,1,48.75,48.75,0,48.75,0,0,0,0,0,0,1,0,0,0,0,0
2307-FYNNL,0,1,0,0,65,1,Yes,Yes,No,Yes,Yes,Yes,Yes,1,109.05,7108.2,0,109.35692307692307,0,1,1,0,0,1,0,0,0,0,0,1
5605-XNWEN,0,1,1,0,72,1,Yes,No internet service,No internet service,No internet service,No internet service,No internet service,No internet service,1,25.0,1802.55,0,25.035416666666666,0,1,0,1,0,0,0,0,0,0,0,1
2155-AMQRX,1,0,0,0,28,1,Yes,No,No,No,Yes,No,No,1,54.9,1505.15,0,53.75535714285714,0,0,0,0,1,0,0,0,1,0,0,0
6181-AXXYF,0,0,1,1,72,1,Yes,No internet service,No internet service,No internet service,No internet service,No internet service,No internet service,0,24.75,1859.1,0,25.820833333333333,0,1,0,1,1,0,0,0,0,0,0,1
5091-HFAZW,1,0,0,0,2,1,No,Yes,Yes,No,No,Yes,No,1,91.15,168.5,0,84.25,0,0,1,0,0,1,0,0,0,0,0,0
0516-VRYBW,1,0,0,1,18,1,No,No internet service,No internet service,No internet service,No internet service,No internet service,No internet service,0,20.15,390.85,1,21.71388888888889,1,0,0,1,0,0,0,1,0,0,0,0
2519-LBNQL,0,1,1,0,60,1,Yes,No,Yes,Yes,No,Yes,Yes,1,104.35,6339.45,0,105.6575,1,0,1,0,0,1,0,0,0,0,1,0
8623-ULFNQ,1,1,0,0,26,1,Yes,No,No,No,Yes,No,Yes,1,66.05,1652.4,0,63.55384615384616,0,0,0,0,0,1,0,0,1,0,0,0
8380-PEFPE,0,0,0,1,1,1,No,No,No,No,No,No,No,1,71.65,71.65,1,71.65,0,0,1,0,0,1,0,0,0,0,0,0
5687-DKDTV,1,0,0,0,4,1,No,No internet service,No internet service,No internet service,No internet service,No internet service,No internet service,0,20.35,77.5,1,19.375,0,0,0,1,0,0,1,0,0,0,0,0
1568-LJSZU,0,0,1,1,68,1,Yes,Yes,Yes,Yes,Yes,Yes,Yes,1,92.2,6392.85,0,94.0125,0,1,0,0,1,0,0,0,0,0,0,1
7530-HDYDS,1,0,0,0,38,1,No,No,Yes,Yes,Yes,No,No,1,84.25,3264.5,1,85.90789473684211,0,0,1,0,1,0,0,0,0,1,0,0
7789-HKSBS,1,1,1,0,42,1,Yes,Yes,No,Yes,No,Yes,Yes,1,105.2,4599.15,0,109.50357142857142,1,0,1,0,0,0,0,0,0,1,0,0
7416-CKTEP,1,0,1,0,57,1,No,No internet service,No internet service,No internet service,No internet service,No internet service,No internet service,1,19.6,1134.25,0,19.899122807017545,0,1,0,1,0,0,0,0,0,0,1,0
2586-CWXVV,0,0,1,0,54,0,No phone service,No,Yes,No,No,No,No,0,30.4,1621.35,0,30.025,0,0,0,0,0,1,0,0,0,0,1,0
3096-IZETN,1,0,0,0,12,1,No,No,No,No,No,No,Yes,0,78.1,947.3,1,78.94166666666666,0,0,1,0,0,0,0,0,0,0,0,0
2348-KCJLT,1,0,1,0,44,1,No,Yes,Yes,Yes,No,No,No,1,61.5,2722.2,0,61.86818181818182,1,0,0,0,0,0,1,0,0,1,0,0
8401-EMUWF,0,0,1,1,42,1,Yes,Yes,Yes,No,No,Yes,No,1,69.4,3058.3,0,72.81666666666668,0,0,0,0,0,0,0,0,0,1,0,0
4193-IBKSW,0,0,1,1,72,1,Yes,No internet service,No internet service,No internet service,No internet service,No internet service,No internet service,0,24.75,1769.6,0,24.577777777777776,0,1,0,1,0,0,0,0,0,0,0,1
5377-NDTOU,1,0,1,1,71,1,Yes,Yes,Yes,Yes,Yes,Yes,Yes,0,91.05,6293.75,0,88.6443661971831,0,1,0,0,0,0,1,0,0,0,0,1
5922-ABDVO,1,0,1,0,19,1,Yes,No,No,Yes,No,No,Yes,0,89.65,1761.05,1,92.68684210526315,0,0,1,0,0,0,1,1,0,0,0,0
2474-LCNUE,1,0,1,0,23,1,Yes,No,No,No,Yes,Yes,Yes,1,73.65,1642.75,0,71.42391304347827,0,0,0,0,1,0,0,1,0,0,0,0
0839-QNXME,1,0,0,0,30,1,No,No internet service,No internet service,No internet service,No internet service,No internet service,No internet service,0,19.4,578.5,0,19.283333333333335,0,1,0,1,1,0,0,0,1,0,0,0
3506-OVLKD,0,0,0,0,35,1,Yes,No internet service,No internet service,No internet service,No internet service,No internet service,No internet service,0,26.2,954.9,0,27.282857142857143,1,0,0,1,0,0,0,0,1,0,0,0
9172-ANCRX,1,0,0,0,10,1,Yes,Yes,No,No,No,Yes,Yes,1,98.7,973.25,1,97.325,0,0,1,0,0,1,0,0,0,0,0,0
6650-VJONK,0,0,0,0,1,1,No,No,No,No,No,No,No,1,43.85,43.85,0,43.85,0,0,0,0,0,0,0,0,0,0,0,0
2178-PMGCJ,0,0,0,0,22,1,No,No,No,No,No,No,No,1,69.7,1490.4,0,67.74545454545455,0,0,1,0,0,0,1,1,0,0,0,0
7492-TAFJD,0,0,1,1,7,0,No phone service,Yes,Yes,Yes,No,No,No,0,38.55,280.0,0,40.0,0,1,0,0,0,0,1,0,0,0,0,0
2773-MADBQ,1,0,0,0,36,0,No phone service,Yes,Yes,Yes,Yes,No,Yes,1,53.1,1901.25,0,52.8125,0,1,0,0,0,0,1,0,1,0,0,0
6016-LVTJQ,1,0,1,1,34,1,No,No internet service,No internet service,No internet service,No internet service,No internet service,No internet service,0,20.65,716.4,0,21.070588235294117,0,0,0,1,0,0,1,0,1,0,0,0
7860-KSUGX,0,0,1,1,72,1,Yes,Yes,Yes,Yes,No,No,No,0,64.45,4720.0,0,65.55555555555556,0,1,0,0,1,0,0,0,0,0,0,1
8966-KZXXA,0,0,1,1,36,1,Yes,No internet service,No internet service,No internet service,No internet service,No internet service,No internet service,0,25.1,930.95,0,25.859722222222224,0,1,0,1,1,0,0,0,1,0,0,0
6910-HADCM,1,0,0,0,1,1,No,No,No,Yes,No,No,No,0,76.35,76.35,1,76.35,0,0,1,0,0,1,0,0,0,0,0,0
4816-LXZYW,1,0,0,0,23,1,Yes,No,Yes,No,No,No,No,1,79.15,1676.95,1,72.9108695652174,0,0,1,0,0,1,0,1,0,0,0,0
9606-PBKBQ,0,1,1,0,32,1,Yes,No,No,No,No,No,Yes,1,85.0,2642.05,1,82.5640625,0,0,1,0,0,1,0,0,1,0,0,0
5149-QYTTU,1,0,1,1,71,1,Yes,Yes,Yes,Yes,Yes,No,No,1,95.15,6770.85,0,95.36408450704226,1,0,1,0,1,0,0,0,0,0,0,1
2070-XYMFH,1,1,0,0,23,1,Yes,No,No,Yes,No,No,No,1,79.35,1835.3,0,79.79565217391304,0,0,1,0,0,0,1,1,0,0,0,0
2085-BOJKI,0,0,1,0,17,1,No,No,No,Yes,No,Yes,Yes,1,96.65,1588.25,0,93.42647058823529,1,0,1,0,0,0,0,1,0,0,0,0
0817-HSUSE,0,0,0,0,1,1,No,No,No,Yes,Yes,Yes,Yes,1,75.5,75.5,0,75.5,0,0,0,0,0,1,0,0,0,0,0,0
5442-PPTJY,0,0,1,1,12,1,No,No internet service,No internet service,No internet service,No internet service,No internet service,No internet service,0,19.7,258.35,0,21.52916666666667,0,1,0,1,0,0,1,0,0,0,0,0
1927-QEWMY,1,0,1,0,72,1,No,No internet service,No internet service,No internet service,No internet service,No internet service,No internet service,0,20.5,1502.25,0,20.864583333333332,0,1,0,1,1,0,0,0,0,0,0,1
1663-MHLHE,0,0,0,0,1,1,No,No internet service,No internet service,No internet service,No internet service,No internet service,No internet service,0,19.2,19.2,0,19.2,0,0,0,1,0,0,1,0,0,0,0,0
5663-QBGIS,0,1,1,0,72,1,Yes,No,Yes,No,No,Yes,Yes,0,98.35,6929.4,0,96.24166666666666,0,1,1,0,0,0,0,0,0,0,0,1
4450-MDZFX,0,0,1,1,60,1,Yes,No,No,No,No,No,No,0,74.35,4453.3,0,74.22166666666666,0,0,1,0,0,0,0,0,0,0,1,0
6701-DHKWQ,1,0,1,1,61,0,No phone service,No,Yes,Yes,Yes,Yes,No,0,51.35,3244.4,0,53.18688524590164,0,1,0,0,1,0,0,0,0,0,0,1
7554-AKDQF,1,0,1,0,6,1,No,No,No,No,No,No,No,0,45.65,323.45,0,53.90833333333333,0,0,0,0,0,0,1,0,0,0,0,0
3536-IQCTX,0,1,1,0,32,1,Yes,No,No,No,No,No,Yes,0,85.3,2661.1,1,83.159375,0,0,1,0,0,1,0,0,1,0,0,0
4911-BANWH,1,0,0,1,31,1,Yes,No,No,No,No,Yes,No,1,86.55,2697.4,1,87.01290322580645,0,0,1,0,1,0,0,0,1,0,0,0
8496-EJAUI,0,0,0,0,19,1,No,No,Yes,No,No,No,No,1,73.85,1424.5,1,74.97368421052632,0,0,1,0,1,0,0,1,0,0,0,0
0794-YVSGE,0,0,1,1,72,1,No,No internet service,No internet service,No internet service,No internet service,No internet service,No internet service,0,20.3,1401.15,0,19.460416666666667,0,1,0,1,0,0,0,0,0,0,0,1
5423-BHIXO,1,0,0,0,32,1,Yes,No,Yes,No,No,No,No,1,54.2,1739.6,0,54.3625,0,0,0,0,0,1,0,0,1,0,0,0
6908-VVYHM,0,0,1,0,65,1,Yes,No,Yes,No,No,No,Yes,1,90.65,5931.0,0,91.24615384615385,0,0,1,0,0,1,0,0,0,0,0,1
2959-EEXWB,1,0,1,1,45,0,No phone service,Yes,No,No,No,Yes,Yes,1,50.9,2333.85,0,51.86333333333333,0,0,0,0,0,0,0,0,0,1,0,0
1839-UMACK,0,0,0,0,42,1,Yes,No internet service,No internet service,No internet service,No internet service,No internet service,No internet service,0,25.05,949.85,0,22.61547619047619,1,0,0,1,0,1,0,0,0,1,0,0
3030-YDNRM,0,0,0,0,8,1,Yes,No,No,No,No,No,No,1,74.85,572.45,0,71.55625,0,0,1,0,0,1,0,0,0,0,0,0
7321-KKSDU,0,0,0,1,32,1,No,No internet service,No internet service,No internet service,No internet service,No internet service,No internet service,0,20.5,696.8,0,21.775,0,1,0,1,0,0,1,0,1,0,0,0
3402-XRIUO,1,1,1,0,22,1,Yes,Yes,Yes,No,Yes,No,No,1,63.55,1381.8,0,62.809090909090905,0,0,0,0,0,0,1,1,0,0,0,0
3132-TVFDZ,0,1,1,0,57,0,No phone service,No,No,No,No,Yes,Yes,1,44.85,2572.95,1,45.13947368421052,0,0,0,0,0,1,0,0,0,0,1,0
8286-AFUYI,0,0,0,0,1,1,No,Yes,No,No,No,No,No,0,47.95,47.95,0,47.95,0,0,0,0,0,1,0,0,0,0,0,0
8080-DDEMJ,0,1,0,0,1,1,No,No,No,No,No,No,No,0,45.1,45.1,1,45.1,0,0,0,0,0,1,0,0,0,0,0,0
8356-WUAOJ,1,0,1,0,1,1,No,No,No,No,No,No,No,1,45.0,45.0,0,45.0,0,0,0,0,0,1,0,0,0,0,0,0
6365-MTGZX,0,0,0,0,24,1,No,No,No,No,Yes,Yes,Yes,1,96.0,2122.45,1,88.43541666666665,0,0,1,0,0,1,0,1,0,0,0,0
1349-WXNGG,0,0,0,0,1,1,No,No internet service,No internet service,No internet service,No internet service,No internet service,No internet service,0,20.05,20.05,1,20.05,0,0,0,1,0,0,0,0,0,0,0,0
8058-DMYRU,0,1,0,0,54,1,Yes,No,Yes,No,No,No,Yes,1,90.05,4931.8,0,91.32962962962964,0,0,1,0,0,1,0,0,0,0,1,0
9350-ZXYJC,1,0,0,0,4,1,Yes,No internet service,No internet service,No internet service,No internet service,No internet service,No internet service,1,25.3,116.95,0,29.2375,0,1,0,1,1,0,0,0,0,0,0,0
6990-YNRIO,0,0,1,1,65,1,Yes,Yes,No,Yes,Yes,Yes,Yes,0,108.65,6937.95,1,106.7376923076923,0,1,1,0,0,0,0,0,0,0,0,1
8958-JPTRR,1,0,1,0,56,1,Yes,No internet service,No internet service,No internet service,No internet service,No internet service,No internet service,0,24.3,1261.7,0,22.530357142857145,1,0,0,1,0,1,0,0,0,0,1,0
6959-GQEGV,0,0,0,0,45,1,No,Yes,No,Yes,No,Yes,Yes,1,75.95,3273.8,0,72.75111111111111,0,0,0,0,0,1,0,0,0,1,0,0
3173-WSSUE,1,0,1,1,71,1,No,No internet service,No internet service,No internet service,No internet service,No internet service,No internet service,0,19.7,1415.85,0,19.941549295774646,0,1,0,1,1,0,0,0,0,0,0,1
1265-HVPZB,0,0,1,0,59,1,No,Yes,Yes,Yes,No,Yes,No,0,66.4,3958.2,0,67.08813559322033,1,0,0,0,1,0,0,0,0,0,1,0
4115-UMJFQ,0,0,0,0,69,0,No phone service,No,Yes,Yes,No,No,No,1,35.75,2492.25,0,36.119565217391305,1,0,0,0,0,0,0,0,0,0,0,1
7369-TRPFD,0,0,0,0,19,1,No,No internet service,No internet service,No internet service,No internet service,No internet service,No internet service,0,18.8,279.2,0,14.694736842105263,1,0,0,1,0,0,1,1,0,0,0,0
1098-KFQEC,1,0,1,1,55,1,No,No internet service,No internet service,No internet service,No internet service,No internet service,No internet service,0,19.4,1083.0,0,19.69090909090909,0,1,0,1,1,0,0,0,0,0,1,0
7190-XHTWJ,1,0,0,0,38,1,No,No internet service,No internet service,No internet service,No internet service,No internet service,No internet service,0,19.3,755.5,0,19.88157894736842,1,0,0,1,0,0,1,0,0,1,0,0
0621-TWIEM,0,0,0,0,10,1,No,No,No,No,No,No,No,1,45.55,402.6,1,40.260000000000005,0,0,0,0,0,1,0,0,0,0,0,0
3537-RYBHH,1,1,1,0,47,1,Yes,Yes,Yes,Yes,No,No,No,1,67.45,3252.0,0,69.19148936170212,0,0,0,0,1,0,0,0,0,1,0,0
2485-ITVKB,1,0,1,0,2,0,No phone service,No,No,No,No,No,Yes,1,35.1,68.75,1,34.375,0,0,0,0,0,1,0,0,0,0,0,0
3669-OYSJI,0,0,0,0,1,1,No,No,No,No,No,No,No,0,46.2,46.2,1,46.2,0,0,0,0,1,0,0,0,0,0,0,0
1612-EOHDH,1,0,0,0,1,1,No,No,No,No,No,No,No,0,45.15,45.15,1,45.15,0,0,0,0,0,1,0,0,0,0,0,0
6702-OHFWR,0,1,0,0,1,0,No phone service,No,Yes,Yes,No,No,Yes,1,43.3,43.3,1,43.3,0,0,0,0,0,1,0,0,0,0,0,0
5296-BFCYD,0,0,1,1,46,1,No,No internet service,No internet service,No internet service,No internet service,No internet service,No internet service,1,20.1,936.85,0,20.366304347826087,0,1,0,1,0,0,1,0,0,1,0,0
4510-PYUSH,1,1,0,0,38,1,No,Yes,Yes,No,No,No,No,1,57.15,2250.65,1,59.227631578947374,0,0,0,0,1,0,0,0,0,1,0,0
9359-JANWS,1,0,1,0,65,1,No,Yes,No,Yes,Yes,No,No,0,58.9,3857.1,0,59.339999999999996,0,1,0,0,1,0,0,0,0,0,0,1
7517-SAWMO,1,0,1,0,19,1,No,Yes,No,No,No,No,No,1,73.2,1441.1,1,75.84736842105262,0,0,1,0,0,1,0,1,0,0,0,0
4143-HHPMK,0,0,0,0,52,1,No,No,Yes,No,No,No,Yes,1,85.35,4338.6,1,83.4346153846154,0,0,1,0,0,1,0,0,0,0,1,0
3279-DYZQM,0,0,1,1,71,1,No,No internet service,No internet service,No internet service,No internet service,No internet service,No internet service,0,19.45,1378.45,0,19.414788732394367,0,1,0,1,0,0,1,0,0,0,0,1
7054-LGEQW,1,0,0,0,1,1,No,No,No,No,No,No,No,0,45.95,45.95,1,45.95,0,0,0,0,0,0,1,0,0,0,0,0
0523-VNGTF,1,1,0,0,52,0,No phone service,No,Yes,Yes,Yes,Yes,No,1,50.5,2566.3,0,49.35192307692308,0,0,0,0,0,1,0,0,0,0,1,0
9575-IWCAZ,0,0,1,0,6,1,Yes,No internet service,No internet service,No internet service,No internet service,No internet service,No internet service,0,25.1,171.0,0,28.5,1,0,0,1,0,0,1,0,0,0,0,0
7105-MXJLL,1,1,1,0,26,1,No,No,No,Yes,No,No,Yes,0,60.7,1597.4,0,61.43846153846154,1,0,0,0,0,0,1,0,1,0,0,0
7064-FRRSW,0,1,0,0,48,1,Yes,No,Yes,No,No,Yes,Yes,1,99.0,4744.35,0,98.840625,1,0,1,0,0,1,0,0,0,1,0,0
7940-UQQUG,1,0,1,1,64,1,Yes,Yes,No,No,Yes,Yes,Yes,1,104.4,6721.6,0,105.025,1,0,1,0,0,0,0,0,0,0,0,1
0923-PNFUB,1,0,0,0,3,1,No,No,Yes,No,No,Yes,No,0,83.75,247.25,1,82.41666666666667,0,0,1,0,0,1,0,0,0,0,0,0
3961-SXAXY,0,0,0,0,1,1,No,No,No,No,No,No,No,1,44.05,44.05,0,44.05,0,0,0,0,0,0,0,0,0,0,0,0
7010-BRBUU,0,0,1,1,72,1,Yes,No internet service,No internet service,No internet service,No internet service,No internet service,No internet service,0,24.1,1734.65,0,24.092361111111114,0,1,0,1,1,0,0,0,0,0,0,1
3566-HJGPK,0,0,0,0,1,1,No,No,No,No,No,No,No,1,45.55,45.55,0,45.55,0,0,0,0,0,0,1,0,0,0,0,0
3062-ICYZQ,1,0,1,1,51,1,Yes,Yes,Yes,No,No,No,Yes,1,93.8,4539.35,0,89.00686274509805,0,0,1,0,0,1,0,0,0,0,1,0
9938-PRCVK,1,0,1,1,41,1,No,No internet service,No internet service,No internet service,No internet service,No internet service,No internet service,0,19.7,804.25,0,19.615853658536587,0,1,0,1,0,0,0,0,0,1,0,0
0973-KYVNF,1,0,1,1,72,1,No,Yes,Yes,Yes,No,Yes,No,1,70.65,5011.15,0,69.59930555555555,0,1,0,0,1,0,0,0,0,0,0,1
5129-HHMZC,1,0,1,0,43,1,Yes,Yes,Yes,No,Yes,Yes,Yes,0,86.45,3574.5,0,83.12790697674419,0,1,0,0,1,0,0,0,0,1,0,0
9637-CDTKZ,0,0,1,0,72,1,Yes,Yes,Yes,Yes,Yes,Yes,Yes,1,114.1,8086.4,0,112.3111111111111,0,1,1,0,1,0,0,0,0,0,0,1
3946-JEWRQ,0,0,1,0,47,1,Yes,No,No,No,No,Yes,Yes,1,95.2,4563.0,0,97.08510638297872,1,0,1,0,1,0,0,0,0,1,0,0
7873-CVMAW,0,0,0,0,72,1,Yes,Yes,Yes,Yes,Yes,Yes,Yes,0,88.55,6362.35,0,88.36597222222223,0,1,0,0,1,0,0,0,0,0,0,1
0463-WZZKO,0,0,0,0,3,1,No,No internet service,No internet service,No internet service,No internet service,No internet service,No internet service,1,20.75,67.1,0,22.366666666666664,0,0,0,1,1,0,0,0,0,0,0,0
3494-JCHRQ,0,0,0,0,1,1,No,No,No,No,No,No,No,1,70.05,70.05,1,70.05,0,0,1,0,0,1,0,0,0,0,0,0
6474-FVJLC,0,0,0,0,2,1,Yes,No,No,No,No,No,Yes,1,86.0,165.45,1,82.725,0,0,1,0,0,1,0,0,0,0,0,0
4524-QCSSM,0,0,0,0,26,0,No phone service,Yes,Yes,No,No,No,Yes,1,44.65,1156.55,0,44.482692307692304,0,0,0,0,0,0,0,0,1,0,0,0
5832-EXGTT,0,0,1,1,29,1,No,Yes,No,No,No,No,Yes,1,60.2,1834.15,0,63.24655172413794,0,0,0,0,0,0,1,0,1,0,0,0
8840-DQLGN,1,1,1,0,35,1,Yes,Yes,Yes,No,Yes,Yes,No,1,100.5,3653.35,1,104.38142857142857,0,0,1,0,0,0,0,0,1,0,0,0
2039-JONDJ,0,0,0,0,27,1,No,Yes,Yes,No,No,No,No,0,55.45,1477.65,0,54.72777777777778,1,0,0,0,0,0,0,0,1,0,0,0
7217-JYHOQ,0,0,1,1,24,1,No,Yes,Yes,No,Yes,No,Yes,1,70.3,1706.45,0,71.10208333333334,0,0,0,0,1,0,0,1,0,0,0,0
6695-FRVEC,0,0,1,1,67,1,No,Yes,No,Yes,Yes,No,No,1,60.4,3953.7,0,59.01044776119403,0,1,0,0,0,0,0,0,0,0,0,1
4547-LYTDD,1,0,0,0,16,1,Yes,No,No,No,No,No,No,0,72.65,1194.3,1,74.64375,0,0,1,0,0,1,0,1,0,0,0,0
9894-QMIMJ,1,0,0,0,23,1,No,No,Yes,Yes,No,No,No,0,55.8,1327.85,0,57.73260869565217,1,0,0,0,0,0,0,1,0,0,0,0
8069-YQQAJ,0,0,0,0,14,0,No phone service,No,Yes,No,No,No,No,1,31.1,419.7,0,29.978571428571428,0,0,0,0,0,0,1,1,0,0,0,0
6770-XUAGN,1,0,1,1,1,1,No,No internet service,No internet service,No internet service,No internet service,No internet service,No internet service,1,21.0,21.0,1,21.0,0,0,0,1,0,1,0,0,0,0,0,0
4193-ORFCL,1,1,0,0,1,1,No,No,No,No,No,No,No,0,45.1,45.1,1,45.1,0,0,0,0,0,0,1,0,0,0,0,0
1636-NTNCO,0,1,0,0,4,0,No phone service,No,Yes,No,No,Yes,Yes,1,50.95,207.35,0,51.8375,0,0,0,0,1,0,0,0,0,0,0,0
3466-WAESX,0,0,0,1,16,1,Yes,Yes,Yes,No,No,No,Yes,1,69.1,1083.7,0,67.73125,0,0,0,0,0,1,0,1,0,0,0,0
9281-PKKZE,1,0,1,0,46,0,No phone service,No,No,No,No,Yes,Yes,1,43.95,2007.85,0,43.64891304347826,0,0,0,0,0,1,0,0,0,1,0,0
3638-VBZTA,0,0,0,1,68,1,Yes,Yes,Yes,No,Yes,Yes,Yes,1,86.5,5882.75,0,86.51102941176471,0,1,0,0,0,0,0,0,0,0,0,1
7459-IMVYU,0,0,0,0,38,1,Yes,Yes,Yes,Yes,Yes,No,No,0,69.95,2657.55,0,69.93552631578947,0,0,0,0,0,1,0,0,0,1,0,0
7776-QWNFX,0,1,1,0,30,1,No,No,Yes,No,No,No,No,1,50.4,1527.5,1,50.916666666666664,0,0,0,0,0,0,0,0,1,0,0,0
6689-TCZHQ,1,1,0,0,5,1,No,No,No,No,No,No,Yes,0,78.95,378.4,1,75.67999999999999,0,0,1,0,0,1,0,0,0,0,0,0
8563-OYMQY,0,0,0,0,17,1,No,No,Yes,Yes,No,No,Yes,1,90.95,1612.2,0,94.83529411764707,0,0,1,0,1,0,0,1,0,0,0,0
0754-EEBDC,0,0,1,1,4,1,No,No internet service,No internet service,No internet service,No internet service,No internet service,No internet service,0,19.9,76.65,0,19.1625,0,1,0,1,0,0,1,0,0,0,0,0
5777-ZPQNC,1,0,0,0,12,1,No,No internet service,No internet service,No internet service,No internet service,No internet service,No internet service,0,20.15,260.7,0,21.724999999999998,1,0,0,1,0,1,0,0,0,0,0,0
1951-IEYXM,0,0,1,1,72,1,Yes,Yes,Yes,Yes,Yes,Yes,Yes,1,90.6,6441.85,0,89.4701388888889,0,1,0,0,1,0,0,0,0,0,0,1
3318-NMQXL,0,0,0,0,3,1,No,No,No,No,No,Yes,Yes,1,92.0,266.8,0,88.93333333333334,0,0,1,0,0,1,0,0,0,0,0,0
3143-ILDAL,0,0,0,0,56,1,Yes,No,Yes,No,Yes,No,Yes,1,94.45,5124.6,1,91.51071428571429,0,0,1,0,0,1,0,0,0,0,1,0
1022-RKXDR,1,0,0,0,41,1,Yes,No internet service,No internet service,No internet service,No internet service,No internet service,No internet service,1,24.85,962.25,0,23.46951219512195,1,0,0,1,0,0,1,0,0,1,0,0
2361-FJWNO,0,0,0,0,40,0,No phone service,No,Yes,No,Yes,No,No,0,36.0,1382.9,0,34.572500000000005,1,0,0,0,1,0,0,0,0,1,0,0
2272-UOINI,1,0,0,0,7,1,No,Yes,Yes,No,Yes,Yes,Yes,1,78.5,571.05,0,81.57857142857142,0,0,0,0,0,1,0,0,0,0,0,0
8232-UTFOZ,0,0,0,0,69,1,No,No internet service,No internet service,No internet service,No internet service,No internet service,No internet service,0,19.95,1399.35,0,20.280434782608694,0,1,0,1,1,0,0,0,0,0,0,1
3750-YHRYO,0,0,1,1,7,1,No,No internet service,No internet service,No internet service,No internet service,No internet service,No internet service,0,20.65,150.0,0,21.428571428571427,1,0,0,1,0,0,1,0,0,0,0,0
6637-KYRCV,1,0,1,1,5,0,No phone service,No,Yes,No,No,No,No,1,30.5,167.2,0,33.44,0,0,0,0,0,1,0,0,0,0,0,0
5668-MEISB,1,0,1,1,72,1,Yes,Yes,Yes,Yes,Yes,Yes,No,0,106.1,7657.4,0,106.35277777777777,0,1,1,0,1,0,0,0,0,0,0,1
0129-QMPDR,0,0,1,1,44,1,No,No internet service,No internet service,No internet service,No internet service,No internet service,No internet service,1,20.5,865.05,0,19.660227272727273,1,0,0,1,0,0,0,0,0,1,0,0
7188-CBBBA,1,0,0,0,65,1,Yes,No,Yes,Yes,No,Yes,No,1,95.5,6153.85,0,94.6746153846154,1,0,1,0,0,1,0,0,0,0,0,1
5356-CSVSQ,1,0,0,0,3,1,Yes,No,No,No,Yes,Yes,No,0,64.6,174.2,0,58.06666666666666,0,0,0,0,0,1,0,0,0,0,0,0
3221-CJMSG,0,0,0,0,24,1,No,No,No,No,Yes,No,No,1,51.1,1269.6,0,52.9,0,0,0,0,1,0,0,1,0,0,0,0
4720-VSTSI,1,0,0,0,44,1,Yes,No,Yes,Yes,No,No,No,1,84.8,3862.55,1,87.78522727272728,0,0,1,0,0,0,0,0,0,1,0,0
3219-JQRSL,1,1,1,0,72,1,Yes,Yes,Yes,Yes,Yes,Yes,Yes,0,89.1,6352.4,0,88.22777777777777,0,1,0,0,1,0,0,0,0,0,0,1
2801-NISEI,0,0,0,0,24,1,No,Yes,No,No,Yes,No,No,0,54.95,1348.5,0,56.1875,0,0,0,0,0,1,0,1,0,0,0,0
3946-MHCZW,0,0,0,0,1,1,No,No,No,Yes,No,No,No,0,50.9,50.9,1,50.9,0,0,0,0,0,0,1,0,0,0,0,0
4623-ZKHLY,0,0,1,0,22,1,No,No internet service,No internet service,No internet service,No internet service,No internet service,No internet service,1,20.45,471.55,0,21.43409090909091,0,0,0,1,0,0,0,1,0,0,0,0
6732-VAILE,0,0,1,1,70,1,Yes,No,Yes,Yes,Yes,Yes,Yes,1,85.95,5931.75,0,84.73928571428571,0,1,0,0,1,0,0,0,0,0,0,1
8201-AAXCB,0,0,1,1,25,1,Yes,No,No,No,No,Yes,No,0,60.35,1404.65,0,56.18600000000001,0,0,0,0,0,1,0,0,1,0,0,0
7696-CFTAT,0,0,1,1,37,1,No,No internet service,No internet service,No internet service,No internet service,No internet service,No internet service,0,19.8,726.1,0,19.624324324324323,0,1,0,1,0,0,0,0,0,1,0,0
1845-CSBRZ,1,1,1,1,22,1,Yes,No,No,No,No,Yes,No,0,85.35,1961.6,0,89.16363636363636,0,0,1,0,0,0,0,1,0,0,0,0
2123-VSCOT,1,0,1,1,59,1,Yes,No,No,Yes,Yes,Yes,No,1,72.1,4194.85,0,71.09915254237289,0,1,0,0,0,0,0,0,0,0,1,0
6651-AZVTJ,0,0,1,1,49,1,Yes,No,No,Yes,No,Yes,Yes,1,99.8,4872.45,1,99.43775510204081,0,0,1,0,0,1,0,0,0,0,1,0
4566-GOLUK,0,0,1,1,47,1,Yes,No,No,Yes,Yes,Yes,Yes,1,107.35,5118.95,1,108.91382978723404,0,0,1,0,0,0,0,0,0,1,0,0
2484-DGXPZ,1,0,1,1,31,1,No,No internet service,No internet service,No internet service,No internet service,No internet service,No internet service,1,19.55,658.95,1,21.256451612903227,0,0,0,1,0,0,1,0,1,0,0,0
2018-QKYGT,0,0,1,1,1,1,No,No,No,No,No,No,Yes,1,81.05,81.05,0,81.05,0,0,1,0,0,1,0,0,0,0,0,0
2792-VPPET,0,0,0,0,3,1,No,No internet service,No internet service,No internet service,No internet service,No internet service,No internet service,1,20.5,76.95,0,25.650000000000002,0,0,0,1,0,1,0,0,0,0,0,0
7409-JURKQ,1,0,1,0,53,1,Yes,No,Yes,Yes,Yes,Yes,Yes,1,111.8,5809.75,0,109.61792452830188,1,0,1,0,0,0,0,0,0,0,1,0
3247-MHJKM,0,0,0,0,1,1,No,No internet service,No internet service,No internet service,No internet service,No internet service,No internet service,0,20.2,20.2,0,20.2,0,0,0,1,0,0,1,0,0,0,0,0
1964-SVLEA,0,0,0,0,20,1,No,No internet service,No internet service,No internet service,No internet service,No internet service,No internet service,1,19.7,415.9,0,20.794999999999998,1,0,0,1,0,0,1,1,0,0,0,0
4587-NUKOX,1,0,0,0,3,1,No,Yes,Yes,No,No,No,No,1,79.1,246.5,1,82.16666666666667,0,0,1,0,0,1,0,0,0,0,0,0
7297-DVYGA,1,0,0,0,51,1,No,No internet service,No internet service,No internet service,No internet service,No internet service,No internet service,1,19.85,996.95,0,19.548039215686277,1,0,0,1,0,0,0,0,0,0,1,0
2239-CGBUZ,1,0,1,0,51,1,No,Yes,Yes,No,Yes,No,No,1,60.5,3145.15,0,61.66960784313726,1,0,0,0,0,0,0,0,0,0,1,0
0854-UYHZD,1,0,1,1,13,1,No,No internet service,No internet service,No internet service,No internet service,No internet service,No internet service,0,19.55,265.3,0,20.407692307692308,0,1,0,1,0,0,1,1,0,0,0,0
7243-LCGGZ,1,0,0,0,1,1,No,No internet service,No internet service,No internet service,No internet service,No internet service,No internet service,0,20.9,20.9,0,20.9,0,0,0,1,0,0,1,0,0,0,0,0
8267-KFGYD,0,0,0,1,1,1,No,No internet service,No internet service,No internet service,No internet service,No internet service,No internet service,1,21.05,21.05,0,21.05,0,0,0,1,0,0,1,0,0,0,0,0
4890-VMUAV,0,0,0,0,63,1,Yes,Yes,Yes,Yes,Yes,No,No,0,71.5,4576.3,0,72.63968253968254,1,0,0,0,0,1,0,0,0,0,0,1
9261-WDCAF,0,0,0,0,3,1,No,No,No,No,No,No,Yes,0,54.65,189.1,0,63.03333333333333,0,0,0,0,0,0,1,0,0,0,0,0
3764-MNMOI,0,0,0,0,46,1,No,No internet service,No internet service,No internet service,No internet service,No internet service,No internet service,0,19.2,908.15,0,19.742391304347827,0,1,0,1,1,0,0,0,0,1,0,0
7442-YGZFK,0,0,0,0,1,1,Yes,No,No,No,No,No,No,1,49.8,49.8,0,49.8,0,0,0,0,1,0,0,0,0,0,0,0
0420-BWTPW,0,0,0,1,8,0,No phone service,No,No,No,No,No,No,0,25.5,215.2,1,26.9,0,0,0,0,0,0,1,0,0,0,0,0
8229-BUJHX,1,0,1,1,71,1,No,No internet service,No internet service,No internet service,No internet service,No internet service,No internet service,0,20.5,1500.95,0,21.140140845070423,0,1,0,1,0,0,0,0,0,0,0,1
7449-HVPIV,0,0,1,1,55,1,Yes,No,No,Yes,No,Yes,No,1,90.4,5099.15,0,92.71181818181817,0,0,1,0,1,0,0,0,0,0,1,0
5504-WSIUR,1,0,0,0,70,1,Yes,No,Yes,Yes,Yes,No,No,1,90.25,6385.95,0,91.22785714285715,1,0,1,0,0,0,0,0,0,0,0,1
8183-ONMXC,1,0,0,0,2,1,No,No,No,No,No,No,Yes,0,80.75,159.45,1,79.725,0,0,1,0,0,1,0,0,0,0,0,0
8466-PZBLH,0,0,1,1,67,1,Yes,Yes,No,No,Yes,Yes,Yes,0,104.6,6885.75,0,102.7723880597015,0,1,1,0,0,0,0,0,0,0,0,1
9614-RMGHA,0,0,1,0,65,1,Yes,No,Yes,No,No,Yes,No,1,91.85,5940.85,1,91.39769230769231,0,0,1,0,0,0,0,0,0,0,0,1
8735-IJJEG,0,0,1,0,14,1,No,No,No,Yes,No,No,No,0,50.2,668.85,0,47.775,0,0,0,0,1,0,0,1,0,0,0,0
0564-MUUQK,1,0,1,1,20,1,Yes,No,No,Yes,Yes,No,Yes,1,95.5,1916.2,0,95.81,0,0,1,0,0,0,0,1,0,0,0,0
5054-IEXZT,0,0,0,1,1,1,No,No,Yes,No,No,No,No,1,75.35,75.35,1,75.35,0,0,1,0,0,1,0,0,0,0,0,0
5834-ASPWA,0,0,0,0,1,1,Yes,No,No,No,No,No,No,1,75.45,75.45,1,75.45,0,0,1,0,0,1,0,0,0,0,0,0
0701-RFGFI,1,0,1,1,49,1,Yes,No,No,No,No,Yes,Yes,1,95.4,4613.95,0,94.16224489795918,0,0,1,0,0,0,0,0,0,0,1,0
0019-EFAEP,1,0,0,0,72,1,Yes,Yes,Yes,Yes,No,Yes,No,1,101.3,7261.25,0,100.85069444444444,0,1,1,0,0,0,0,0,0,0,0,1
5619-PTMIK,1,0,1,0,46,1,Yes,Yes,No,No,No,No,No,0,53.1,2459.8,0,53.47391304347826,0,0,0,0,0,1,0,0,0,1,0,0
3737-XBQDD,0,0,0,0,24,1,Yes,No,Yes,Yes,No,No,No,1,84.85,2048.8,0,85.36666666666667,0,0,1,0,0,0,0,1,0,0,0,0
5882-CMAZQ,1,0,1,1,5,0,No phone service,No,Yes,No,Yes,No,No,0,34.25,163.55,0,32.71,0,0,0,0,0,1,0,0,0,0,0,0
5846-QFDFI,1,0,1,1,33,1,Yes,No,Yes,Yes,Yes,No,No,0,88.6,2888.7,0,87.53636363636363,0,0,1,0,1,0,0,0,1,0,0,0
4445-KWOKW,1,0,0,0,42,1,Yes,Yes,Yes,No,No,No,No,1,60.15,2421.6,0,57.65714285714286,1,0,0,0,0,0,0,0,0,1,0,0
3511-APPBJ,0,0,0,0,23,1,No,Yes,No,Yes,No,Yes,Yes,1,99.95,2292.75,0,99.68478260869566,1,0,1,0,1,0,0,1,0,0,0,0
7967-HYCDE,0,0,0,0,8,1,No,No,No,No,No,No,No,0,70.7,553.4,0,69.175,0,0,1,0,0,0,0,0,0,0,0,0
2430-RRYUW,0,0,0,0,66,1,No,Yes,Yes,No,No,No,No,1,54.8,3465.7,0,52.51060606060606,1,0,0,0,0,0,1,0,0,0,0,1
3948-XHGNA,0,0,0,0,24,1,No,Yes,No,No,No,No,No,1,49.55,1210.4,1,50.43333333333334,0,0,0,0,0,0,0,1,0,0,0,0
3723-BFBGR,0,1,0,0,24,1,Yes,No,Yes,No,No,No,No,0,54.8,1291.3,0,53.80416666666667,0,0,0,0,1,0,0,1,0,0,0,0
0565-IYCGT,0,0,0,0,69,1,Yes,Yes,Yes,Yes,Yes,No,Yes,1,78.6,5356.45,1,77.62971014492753,1,0,0,0,1,0,0,0,0,0,0,1
5447-WZAFP,1,0,0,0,53,1,No,No,Yes,Yes,No,Yes,Yes,1,100.3,5200.8,0,98.12830188679246,1,0,1,0,0,0,1,0,0,0,1,0
5110-CHOPY,1,0,0,0,60,0,No phone service,Yes,No,Yes,No,Yes,Yes,0,53.6,3237.05,0,53.950833333333335,0,1,0,0,0,1,0,0,0,0,1,0
5445-UTODQ,1,0,1,0,7,1,No,No,No,No,No,Yes,No,1,81.1,576.65,1,82.37857142857142,0,0,1,0,0,1,0,0,0,0,0,0
4425-OWHWB,1,0,0,0,20,1,No,No internet service,No internet service,No internet service,No internet service,No internet service,No internet service,1,19.35,433.75,0,21.6875,1,0,0,1,1,0,0,1,0,0,0,0
7892-QVYKW,1,0,1,1,23,1,Yes,No,No,No,No,No,Yes,0,85.6,1868.4,0,81.23478260869565,0,0,1,0,0,1,0,1,0,0,0,0
9675-ICXCT,0,0,1,1,72,1,No,Yes,No,Yes,Yes,Yes,Yes,1,80.8,5728.55,0,79.56319444444445,0,1,0,0,0,1,0,0,0,0,0,1
1024-VRZHF,0,0,1,0,11,1,Yes,No,No,No,No,No,No,1,74.95,825.7,1,75.06363636363636,0,0,1,0,0,1,0,0,0,0,0,0
4703-MQYKT,0,0,0,0,21,1,No,No internet service,No internet service,No internet service,No internet service,No internet service,No internet service,0,19.6,390.4,0,18.59047619047619,0,1,0,1,0,0,1,1,0,0,0,0
9497-QCMMS,0,1,0,0,1,1,Yes,No,No,No,No,Yes,Yes,1,93.55,93.55,1,93.55,0,0,1,0,0,1,0,0,0,0,0,0
5692-ICXLW,0,1,0,0,31,1,Yes,No,Yes,No,No,Yes,No,1,90.7,2845.15,0,91.77903225806452,0,0,1,0,0,1,0,0,1,0,0,0
0602-DDUML,1,0,0,0,57,1,No,No,Yes,Yes,Yes,Yes,No,0,69.75,3894.4,0,68.32280701754387,0,1,0,0,0,0,1,0,0,0,1,0
2208-MPXIO,1,0,1,1,45,1,No,No internet service,No internet service,No internet service,No internet service,No internet service,No internet service,1,20.0,886.4,0,19.697777777777777,0,1,0,1,0,0,0,0,0,1,0,0
1960-UYCNN,0,0,0,0,10,1,Yes,No,Yes,Yes,No,No,Yes,1,95.25,1021.55,0,102.155,0,0,1,0,0,1,0,0,0,0,0,0
0348-SDKOL,1,0,1,0,58,1,Yes,No,No,Yes,Yes,Yes,Yes,1,102.1,5885.4,1,101.47241379310344,0,0,1,0,1,0,0,0,0,0,1,0
3190-FZATL,0,0,0,1,14,1,No,No internet service,No internet service,No internet service,No internet service,No internet service,No internet service,0,19.95,268.4,0,19.17142857142857,0,0,0,1,0,0,1,1,0,0,0,0
7336-RLLRH,0,0,1,0,27,1,Yes,Yes,No,No,Yes,Yes,Yes,0,80.85,2204.35,0,81.64259259259259,1,0,0,0,0,0,1,0,1,0,0,0
4373-MAVJG,1,0,1,1,14,1,Yes,No,Yes,No,No,No,Yes,1,90.9,1259.0,1,89.92857142857143,0,0,1,0,0,0,0,1,0,0,0,0
8901-HJXTF,1,0,1,1,12,0,No phone service,No,Yes,No,No,No,No,0,29.2,309.1,1,25.758333333333336,0,0,0,0,0,0,1,0,0,0,0,0
7710-JSYOA,1,0,1,1,69,1,Yes,No,Yes,No,Yes,No,Yes,1,93.3,6398.05,0,92.72536231884058,0,1,1,0,0,0,0,0,0,0,0,1
5419-KLXBN,1,0,1,1,25,1,No,No,Yes,Yes,No,Yes,No,1,89.15,2257.75,1,90.31,0,0,1,0,0,0,0,0,1,0,0,0
3424-NMNBO,0,1,1,0,58,1,Yes,Yes,Yes,Yes,No,Yes,Yes,1,108.85,6287.25,1,108.40086206896552,1,0,1,0,0,1,0,0,0,0,1,0
9885-MFVSU,1,0,1,1,35,0,No phone service,Yes,No,No,Yes,Yes,No,1,46.35,1662.05,0,47.48714285714286,0,1,0,0,1,0,0,0,1,0,0,0
4514-GFCFI,1,1,0,0,16,1,Yes,No,No,No,No,Yes,No,1,84.75,1350.15,1,84.384375,0,0,1,0,0,1,0,1,0,0,0,0
0607-MVMGC,0,0,1,1,45,1,Yes,No,Yes,Yes,No,Yes,Yes,0,78.75,3600.65,0,80.01444444444445,1,0,0,0,1,0,0,0,0,1,0,0
3365-SAIGS,1,0,0,0,17,1,No,No,Yes,No,No,Yes,No,1,83.55,1329.15,0,78.18529411764706,0,0,1,0,0,1,0,1,0,0,0,0
9828-AOQLM,1,0,1,1,1,1,No,No,No,No,No,No,No,1,45.7,45.7,1,45.7,0,0,0,0,0,1,0,0,0,0,0,0
8022-BECSI,0,0,0,0,22,1,No,No internet service,No internet service,No internet service,No internet service,No internet service,No internet service,0,19.6,422.5,0,19.204545454545453,1,0,0,1,0,0,1,1,0,0,0,0
8000-REIQB,1,1,0,0,1,1,No,No,No,No,No,No,No,1,69.95,69.95,1,69.95,0,0,1,0,0,1,0,0,0,0,0,0
9993-LHIEB,0,0,1,1,67,1,No,Yes,No,Yes,Yes,No,Yes,0,67.85,4627.65,0,69.06940298507462,0,1,0,0,0,0,1,0,0,0,0,1
0266-CLZKZ,1,0,1,1,67,1,Yes,No,No,Yes,Yes,Yes,Yes,1,105.65,6717.9,0,100.26716417910447,0,1,1,0,0,0,0,0,0,0,0,1
7615-ESMYF,1,0,1,0,2,0,No phone service,No,No,No,No,Yes,Yes,0,44.6,97.1,1,48.55,0,0,0,0,0,1,0,0,0,0,0,0
3858-VOBET,0,0,0,0,23,1,Yes,No,No,No,No,No,No,1,74.95,1710.45,1,74.36739130434783,0,0,1,0,0,1,0,1,0,0,0,0
7020-OZKXZ,1,1,0,0,9,1,No,No,No,Yes,No,No,No,0,75.5,637.4,0,70.82222222222222,0,0,1,0,1,0,0,0,0,0,0,0
3977-QCRSL,1,0,0,0,5,1,No,No internet service,No internet service,No internet service,No internet service,No internet service,No internet service,0,20.15,117.95,0,23.59,0,0,0,1,0,0,1,0,0,0,0,0
0017-DINOC,0,0,0,0,54,0,No phone service,Yes,No,No,Yes,Yes,No,0,45.2,2460.55,0,45.56574074074074,0,1,0,0,1,0,0,0,0,0,1,0
1447-PJGGA,1,0,0,0,57,1,No,No,No,Yes,No,Yes,Yes,1,95.25,5464.65,1,95.87105263157895,0,1,1,0,0,1,0,0,0,0,1,0
8565-CLBZW,0,0,0,0,24,1,Yes,No,No,Yes,No,Yes,No,1,89.85,2165.05,1,90.21041666666667,0,0,1,0,0,0,1,1,0,0,0,0
9139-WQQDY,1,0,1,1,49,1,Yes,No,Yes,No,No,Yes,Yes,0,100.45,4941.8,1,100.8530612244898,1,0,1,0,0,0,1,0,0,0,1,0
0224-HJAPT,0,0,0,0,5,1,Yes,No,No,No,No,No,No,0,47.15,223.15,1,44.63,0,0,0,0,0,1,0,0,0,0,0,0
8086-OVPWV,0,0,0,0,2,1,No,No,No,No,No,No,Yes,1,80.2,181.1,1,90.55,0,0,1,0,0,1,0,0,0,0,0,0
9430-FRQOC,1,0,0,1,4,1,Yes,No,No,Yes,Yes,No,No,1,87.1,341.45,1,85.3625,0,0,1,0,0,0,1,0,0,0,0,0
7639-OPLNG,0,0,1,1,70,1,Yes,Yes,Yes,Yes,Yes,Yes,No,1,79.25,5731.85,0,81.88357142857143,0,1,0,0,0,0,0,0,0,0,0,1
3074-GQWYX,0,0,0,0,5,1,Yes,No,No,No,No,No,No,1,75.9,357.75,1,71.55,0,0,1,0,0,0,0,0,0,0,0,0
1492-QGCLU,0,0,1,1,53,1,Yes,Yes,No,Yes,Yes,Yes,Yes,0,85.7,4616.1,0,87.09622641509435,0,0,0,0,0,1,0,0,0,0,1,0
6845-RGTYS,1,0,1,0,47,1,Yes,Yes,Yes,Yes,No,Yes,No,1,98.75,4533.7,1,96.46170212765956,0,0,1,0,0,1,0,0,0,1,0,0
7328-OWMOM,1,0,0,1,31,1,No,No internet service,No internet service,No internet service,No internet service,No internet service,No internet service,0,20.1,589.25,0,19.008064516129032,1,0,0,1,1,0,0,0,1,0,0,0
4418-LZMSV,0,0,1,1,13,1,No,No,Yes,Yes,Yes,No,No,0,61.8,750.1,0,57.7,0,0,0,0,0,0,0,1,0,0,0,0
5155-AZQPB,1,0,1,1,28,1,Yes,No,No,No,No,No,No,0,49.9,1410.25,0,50.36607142857143,0,0,0,0,0,0,1,0,1,0,0,0
8861-HGGKB,1,0,0,0,10,1,Yes,No,No,No,No,No,Yes,0,86.45,830.85,1,83.08500000000001,0,0,1,0,0,1,0,0,0,0,0,0
1087-GRUYI,0,0,1,0,38,1,No,No internet service,No internet service,No internet service,No internet service,No internet service,No internet service,0,20.4,743.5,0,19.56578947368421,0,1,0,1,0,0,0,0,0,1,0,0
7065-YUNRY,1,0,0,0,1,1,No,No,No,No,No,No,No,1,45.3,45.3,1,45.3,0,0,0,0,0,0,1,0,0,0,0,0
7694-VLBWQ,0,0,1,0,67,1,Yes,No,Yes,Yes,No,Yes,Yes,0,104.1,7040.85,1,105.08731343283583,1,0,1,0,0,1,0,0,0,0,0,1
2546-KZAAT,0,0,1,0,52,1,No,Yes,Yes,No,No,Yes,Yes,1,75.4,3865.45,0,74.33557692307691,1,0,0,0,0,0,1,0,0,0,1,0
0181-RITDD,0,0,1,1,62,1,No,Yes,Yes,Yes,Yes,Yes,Yes,0,108.15,6825.65,0,110.09112903225805,0,1,1,0,0,0,1,0,0,0,0,1
5989-PGKJB,1,0,0,0,16,1,No,No,Yes,No,No,No,Yes,1,86.25,1340.1,0,83.75625,0,0,1,0,0,1,0,1,0,0,0,0
4795-KTRTH,1,1,1,0,5,1,Yes,No,Yes,No,No,No,No,1,81.0,371.65,1,74.33,0,0,1,0,0,1,0,0,0,0,0,0
8272-ONJLV,0,0,0,0,12,1,No,No,No,Yes,No,Yes,Yes,0,95.7,1184.0,0,98.66666666666667,1,0,1,0,0,1,0,0,0,0,0,0
1488-PBLJN,1,0,1,1,72,1,Yes,Yes,Yes,Yes,Yes,Yes,Yes,1,116.85,8477.7,0,117.74583333333334,0,1,1,0,0,0,0,0,0,0,0,1
0308-GIQJT,0,1,0,0,71,1,Yes,No,Yes,No,Yes,Yes,Yes,0,105.75,7382.85,0,103.98380281690142,1,0,1,0,0,0,0,0,0,0,0,1
3778-FOAQW,1,0,1,0,24,1,No,No internet service,No internet service,No internet service,No internet service,No internet service,No internet service,0,20.15,456.85,0,19.035416666666666,1,0,0,1,0,0,1,1,0,0,0,0
4452-ROHMO,1,0,0,0,15,1,No,No internet service,No internet service,No internet service,No internet service,No internet service,No internet service,0,19.6,331.6,0,22.10666666666667,0,1,0,1,0,0,1,1,0,0,0,0
6481-OGDOO,0,0,1,0,67,1,No,Yes,Yes,No,No,No,Yes,1,90.6,6056.15,1,90.39029850746267,1,0,1,0,1,0,0,0,0,0,0,1
3090-LETTY,0,0,0,1,2,1,Yes,Yes,Yes,No,No,No,No,0,60.95,134.6,0,67.3,0,0,0,0,0,0,0,0,0,0,0,0
5349-AZPEW,1,0,1,1,5,0,No phone service,No,No,No,No,No,No,0,25.05,125.5,0,25.1,0,0,0,0,0,0,1,0,0,0,0,0
3753-TSEMP,1,0,1,0,15,1,No,No,No,No,No,Yes,Yes,0,88.15,1390.6,1,92.70666666666666,0,0,1,0,0,1,0,1,0,0,0,0
8305-VHZBZ,0,0,0,0,1,1,No,No internet service,No internet service,No internet service,No internet service,No internet service,No internet service,1,20.2,20.2,1,20.2,0,0,0,1,0,0,1,0,0,0,0,0
9720-JJJOR,0,0,1,1,41,1,No,Yes,Yes,Yes,No,No,No,1,60.3,2511.3,0,61.25121951219513,1,0,0,0,0,0,0,0,0,1,0,0
8100-HZZLJ,1,0,0,1,43,1,No,Yes,Yes,No,No,No,Yes,1,63.95,2737.05,0,63.65232558139535,0,0,0,0,0,1,0,0,0,1,0,0
8775-ERLNB,0,1,1,0,1,1,Yes,No,No,No,No,No,No,0,74.3,74.3,0,74.3,0,0,1,0,0,1,0,0,0,0,0,0
8309-IEYJD,1,1,0,0,1,1,No,No,No,No,No,No,No,1,70.6,70.6,0,70.6,0,0,1,0,0,0,1,0,0,0,0,0
9172-JITSM,1,0,1,1,26,1,No,No,No,No,No,Yes,Yes,1,90.8,2361.8,1,90.83846153846154,0,0,1,0,0,1,0,0,1,0,0,0
6298-QDFNH,0,0,0,0,22,1,Yes,No,Yes,No,No,No,No,1,79.35,1730.35,1,78.65227272727272,0,0,1,0,0,1,0,1,0,0,0,0
7398-HPYZQ,0,0,1,0,71,1,Yes,Yes,Yes,Yes,Yes,Yes,Yes,0,90.55,6404.0,0,90.19718309859155,0,1,0,0,0,0,0,0,0,0,0,1
3546-GHEAE,0,0,0,0,7,1,No,No internet service,No internet service,No internet service,No internet service,No internet service,No internet service,0,19.45,165.35,0,23.62142857142857,0,1,0,1,0,0,1,0,0,0,0,0
7361-YPXFS,1,1,0,0,28,1,Yes,No,Yes,Yes,Yes,No,No,0,64.45,1867.6,0,66.7,0,0,0,0,0,0,0,0,1,0,0,0
6557-BZXLQ,0,1,0,0,16,1,No,No,No,No,No,No,No,0,69.65,1043.3,0,65.20625,0,0,1,0,0,1,0,1,0,0,0,0
2550-QHZGP,0,0,0,0,7,1,No,No internet service,No internet service,No internet service,No internet service,No internet service,No internet service,0,19.5,128.6,0,18.37142857142857,1,0,0,1,0,0,1,0,0,0,0,0
7519-JTWQH,1,0,0,0,69,1,Yes,No,Yes,Yes,Yes,Yes,Yes,1,110.5,7455.45,0,108.05,0,1,1,0,0,0,0,0,0,0,0,1
2538-OIMXF,1,0,0,1,1,0,No phone service,No,No,No,No,No,No,0,24.7,24.7,0,24.7,0,0,0,0,0,0,1,0,0,0,0,0
8543-MSDMF,0,0,0,0,3,1,No,Yes,No,Yes,No,Yes,Yes,1,77.4,206.15,0,68.71666666666667,0,0,0,0,0,1,0,0,0,0,0,0
9961-JBNMK,0,1,0,0,21,1,No,No,No,Yes,No,Yes,Yes,1,96.8,2030.3,1,96.68095238095238,0,0,1,0,0,0,0,1,0,0,0,0
1170-SASML,1,0,1,0,69,1,Yes,No,Yes,Yes,No,No,No,1,85.4,5869.4,0,85.06376811594203,0,0,1,0,0,0,0,0,0,0,0,1
4872-JCVCA,1,0,1,0,71,0,No phone service,Yes,Yes,Yes,Yes,No,No,1,47.6,3377.8,0,47.57464788732395,0,1,0,0,0,0,0,0,0,0,0,1
5346-BZCHP,1,0,1,1,69,1,No,No internet service,No internet service,No internet service,No internet service,No internet service,No internet service,0,19.4,1346.2,0,19.51014492753623,0,1,0,1,0,0,1,0,0,0,0,1
2038-LLMLM,1,0,0,0,48,1,Yes,No,No,Yes,Yes,Yes,Yes,1,103.85,4946.05,0,103.04270833333334,0,0,1,0,0,1,0,0,0,1,0,0
6173-ITPWD,0,0,1,0,47,1,Yes,No,Yes,Yes,No,No,No,1,83.35,4065.0,1,86.48936170212765,0,0,1,0,0,0,0,0,0,1,0,0
9734-UYXQI,1,0,0,0,2,1,Yes,No,No,No,No,No,No,1,49.4,106.55,1,53.275,0,0,0,0,0,1,0,0,0,0,0,0
1216-BGTSP,0,0,0,0,45,1,Yes,Yes,No,Yes,Yes,Yes,Yes,1,108.45,4964.7,0,110.32666666666667,0,0,1,0,1,0,0,0,0,1,0,0
4138-NAXED,0,0,0,0,51,1,Yes,No,Yes,No,No,No,No,0,81.0,4085.75,0,80.11274509803921,0,0,1,0,0,0,0,0,0,0,1,0
2189-UXTKY,1,0,1,0,22,1,Yes,Yes,No,No,Yes,Yes,Yes,1,79.2,1742.75,1,79.2159090909091,0,0,0,0,0,1,0,1,0,0,0,0
0744-BIKKF,0,0,0,0,72,1,Yes,Yes,Yes,Yes,Yes,Yes,Yes,0,86.65,6224.8,0,86.45555555555556,0,1,0,0,0,0,0,0,0,0,0,1
7483-IQWIB,0,0,1,1,37,1,Yes,No,Yes,Yes,No,Yes,No,1,92.95,3415.25,0,92.30405405405405,0,0,1,0,0,1,0,0,0,1,0,0
5248-KWLAR,0,0,1,1,71,1,Yes,Yes,Yes,Yes,Yes,Yes,Yes,0,90.35,6325.25,0,89.08802816901408,0,1,0,0,0,1,0,0,0,0,0,1
4958-GZWIY,0,0,1,1,7,1,No,No,No,Yes,No,No,No,0,48.7,340.25,1,48.607142857142854,0,0,0,0,0,1,0,0,0,0,0,0
7996-MHXLW,1,0,0,0,66,1,Yes,No internet service,No internet service,No internet service,No internet service,No internet service,No internet service,1,25.15,1683.6,0,25.509090909090908,0,1,0,1,1,0,0,0,0,0,0,1
7833-PKIHD,0,0,1,1,51,1,No,Yes,No,No,Yes,Yes,Yes,1,76.4,3966.3,0,77.77058823529413,1,0,0,0,0,0,0,0,0,0,1,0
7061-OVMIM,1,0,1,1,30,1,No,No internet service,No internet service,No internet service,No internet service,No internet service,No internet service,0,19.55,608.5,0,20.283333333333335,1,0,0,1,0,0,0,0,1,0,0,0
5153-RTHKF,1,0,0,0,34,1,Yes,No,No,No,No,Yes,No,0,85.35,2896.6,0,85.19411764705882,0,0,1,0,0,1,0,0,1,0,0,0
1852-QSWCD,0,0,1,1,64,1,Yes,No internet service,No internet service,No internet service,No internet service,No internet service,No internet service,1,24.8,1514.85,0,23.66953125,0,1,0,1,0,0,1,0,0,0,0,1
4832-VRBMR,0,1,1,0,65,1,Yes,No,Yes,Yes,No,Yes,Yes,1,103.15,6792.45,0,104.49923076923076,1,0,1,0,0,0,0,0,0,0,0,1
9079-LWTFD,0,0,0,0,47,1,Yes,Yes,Yes,No,Yes,Yes,No,0,100.75,4669.2,0,99.34468085106383,0,0,1,0,0,0,1,0,0,1,0,0
6356-ELRKD,1,0,0,0,1,1,No,Yes,No,No,No,Yes,Yes,1,95.6,95.6,1,95.6,0,0,1,0,0,1,0,0,0,0,0,0
8624-GIOUT,1,0,0,0,49,1,Yes,Yes,Yes,No,No,No,No,1,59.75,2934.3,1,59.88367346938776,0,0,0,0,1,0,0,0,0,0,1,0
3392-EHMNK,1,0,1,1,67,1,Yes,No,Yes,No,Yes,Yes,No,0,94.1,6302.8,0,94.07164179104478,0,1,1,0,1,0,0,0,0,0,0,1
5986-WWXDV,0,0,0,1,39,1,No,No internet service,No internet service,No internet service,No internet service,No internet service,No internet service,0,19.35,779.2,0,19.97948717948718,1,0,0,1,0,0,0,0,0,1,0,0
3061-BCKYI,0,0,0,0,14,1,No,No internet service,No internet service,No internet service,No internet service,No internet service,No internet service,0,19.9,283.75,0,20.267857142857142,0,0,0,1,0,0,1,1,0,0,0,0
6179-GJPSO,1,1,0,0,43,1,No,Yes,Yes,No,Yes,Yes,Yes,1,108.15,4600.7,1,106.99302325581395,0,0,1,0,1,0,0,0,0,1,0,0
7901-TBKJX,0,1,0,0,56,1,Yes,No,No,Yes,No,Yes,Yes,1,101.05,5594.0,0,99.89285714285714,0,0,1,0,0,1,0,0,0,0,1,0
7228-PAQPD,1,0,0,0,14,1,No,No,No,No,Yes,No,Yes,0,59.1,772.85,0,55.20357142857143,1,0,0,0,1,0,0,1,0,0,0,0
3177-LASXD,1,0,0,0,1,1,No,No,No,No,No,No,No,0,71.35,71.35,1,71.35,0,0,1,0,0,1,0,0,0,0,0,0
7746-QYVCO,0,0,1,1,16,1,No,Yes,Yes,No,No,No,No,1,55.85,857.8,0,53.6125,1,0,0,0,0,0,1,1,0,0,0,0
5804-HYIEZ,0,0,1,1,70,1,Yes,Yes,Yes,No,No,Yes,Yes,1,106.05,7554.05,0,107.915,0,0,1,0,0,1,0,0,0,0,0,1
9919-FZDED,0,1,1,0,72,1,Yes,Yes,Yes,Yes,No,Yes,Yes,1,84.1,5981.65,0,83.07847222222222,0,1,0,0,1,0,0,0,0,0,0,1
5934-TSSAU,1,0,1,1,23,1,No,No,No,Yes,No,No,No,1,75.3,1702.9,0,74.0391304347826,0,0,1,0,1,0,0,1,0,0,0,0
3486-KHMLI,0,0,0,1,21,1,Yes,No internet service,No internet service,No internet service,No internet service,No internet service,No internet service,0,24.7,467.15,0,22.245238095238093,0,0,0,1,0,0,1,1,0,0,0,0
4897-QSUYC,1,0,0,0,1,1,No,No internet service,No internet service,No internet service,No internet service,No internet service,No internet service,1,20.15,20.15,1,20.15,0,0,0,1,0,0,1,0,0,0,0,0
1084-UQCHV,0,0,0,1,1,1,No,No,No,No,No,No,No,0,69.75,69.75,1,69.75,0,0,1,0,0,0,0,0,0,0,0,0
8290-YWKHZ,1,1,1,0,32,1,Yes,No,No,No,No,Yes,Yes,1,93.2,2931.0,1,91.59375,0,0,1,0,0,1,0,0,1,0,0,0
2955-BJZHG,0,0,1,1,17,1,No,No,No,No,No,Yes,No,0,80.85,1400.85,1,82.40294117647058,0,0,1,0,0,1,0,1,0,0,0,0
3806-DXQOM,1,0,0,0,4,0,No phone service,Yes,Yes,No,No,No,No,1,33.65,137.85,1,34.4625,0,0,0,0,0,1,0,0,0,0,0,0
6784-XYJAE,1,0,0,0,36,1,Yes,No,No,Yes,No,No,No,0,55.8,1941.5,0,53.93055555555556,1,0,0,0,0,1,0,0,1,0,0,0
3933-DQPWX,1,0,0,0,50,0,No phone service,No,Yes,Yes,Yes,No,No,0,39.7,1932.75,0,38.655,0,1,0,0,1,0,0,0,0,0,1,0
6661-EIPZC,1,0,1,1,48,0,No phone service,No,No,No,Yes,No,No,1,29.5,1423.05,0,29.646874999999998,0,0,0,0,1,0,0,0,0,1,0,0
8957-THMOA,1,0,0,1,50,1,No,No internet service,No internet service,No internet service,No internet service,No internet service,No internet service,0,20.15,970.85,0,19.417,0,1,0,1,1,0,0,0,0,0,1,0
2251-PYLPB,0,0,1,0,72,1,Yes,Yes,Yes,Yes,Yes,No,Yes,0,79.55,5810.9,0,80.70694444444445,0,1,0,0,1,0,0,0,0,0,0,1
5555-RNPGT,0,0,0,1,10,1,Yes,No internet service,No internet service,No internet service,No internet service,No internet service,No internet service,0,24.8,223.9,0,22.39,0,0,0,1,1,0,0,0,0,0,0,0
1057-FOGLZ,1,0,0,0,18,1,No,No internet service,No internet service,No internet service,No internet service,No internet service,No internet service,0,19.65,391.7,0,21.76111111111111,0,0,0,1,0,0,1,1,0,0,0,0
9300-RENDD,0,0,0,0,1,1,No,No,No,No,No,Yes,No,1,79.95,79.95,1,79.95,0,0,1,0,0,1,0,0,0,0,0,0
0761-AETCS,1,0,0,0,1,1,No,No internet service,No internet service,No internet service,No internet service,No internet service,No internet service,0,19.3,19.3,1,19.3,0,0,0,1,0,1,0,0,0,0,0,0
8087-LGYHQ,0,0,0,0,9,1,No,No,No,Yes,No,Yes,Yes,1,94.05,811.65,0,90.18333333333334,0,0,1,0,0,1,0,0,0,0,0,0
4137-BTIKL,0,0,0,0,2,1,Yes,Yes,No,No,No,No,Yes,0,90.75,174.75,0,87.375,0,0,1,0,0,0,1,0,0,0,0,0
2190-BCXEC,1,0,1,0,40,1,Yes,No,No,No,Yes,No,No,1,78.85,3126.85,0,78.17125,0,0,1,0,1,0,0,0,0,1,0,0
6227-FBDXH,0,0,1,0,69,1,Yes,No,No,Yes,No,Yes,Yes,0,99.5,6841.45,0,99.15144927536231,1,0,1,0,0,0,0,0,0,0,0,1
2153-MREFK,1,0,1,0,37,1,Yes,Yes,No,Yes,Yes,No,Yes,1,99.2,3754.6,1,101.47567567567567,1,0,1,0,0,1,0,0,0,1,0,0
2911-WDXMV,0,0,0,1,18,1,Yes,No,No,Yes,No,No,No,1,80.55,1406.65,0,78.14722222222223,0,0,1,0,1,0,0,1,0,0,0,0
7206-PQBBZ,0,1,1,0,11,1,No,No,No,No,No,No,No,1,70.2,834.7,0,75.88181818181819,0,0,1,0,0,1,0,0,0,0,0,0
3106-ULWFW,1,0,1,0,8,1,Yes,No,No,No,No,No,Yes,1,85.2,627.4,1,78.425,0,0,1,0,1,0,0,0,0,0,0,0
0925-VYDLG,1,0,0,0,3,1,Yes,No,No,No,No,No,No,0,75.25,242.0,1,80.66666666666667,0,0,1,0,0,1,0,0,0,0,0,0
4547-FZJWE,0,0,1,1,55,1,No,Yes,No,No,No,No,Yes,0,59.45,3157.0,0,57.4,1,0,0,0,1,0,0,0,0,0,1,0
7422-WNBTY,0,0,1,0,33,1,Yes,No,Yes,Yes,No,No,Yes,1,93.35,3092.0,0,93.6969696969697,0,0,1,0,0,1,0,0,1,0,0,0
0842-IWYCP,1,0,0,0,46,1,No,No,No,No,No,No,No,0,44.95,2168.9,0,47.15,0,0,0,0,0,0,0,0,0,1,0,0
3521-HTQTV,0,0,0,0,34,1,Yes,No internet service,No internet service,No internet service,No internet service,No internet service,No internet service,0,26.1,980.35,0,28.833823529411767,0,1,0,1,0,0,0,0,1,0,0,0
3744-ZBHON,1,0,0,0,3,1,No,No internet service,No internet service,No internet service,No internet service,No internet service,No internet service,0,20.2,65.95,0,21.983333333333334,0,0,0,1,0,1,0,0,0,0,0,0
3373-DIUUN,0,0,1,1,30,1,No,No internet service,No internet service,No internet service,No internet service,No internet service,No internet service,0,21.25,711.9,0,23.73,0,1,0,1,0,0,1,0,1,0,0,0
8383-SGHJU,1,0,0,0,33,1,Yes,Yes,No,No,Yes,No,No,0,59.4,1952.8,0,59.17575757575757,1,0,0,0,0,1,0,0,1,0,0,0
7607-QKKTJ,0,0,1,1,45,1,Yes,No,Yes,Yes,No,No,Yes,1,95.0,4368.85,0,97.08555555555556,1,0,1,0,1,0,0,0,0,1,0,0
7707-PYBBH,0,0,0,0,40,1,No,Yes,Yes,No,Yes,No,No,1,61.9,2647.1,0,66.1775,0,0,0,0,0,0,1,0,0,1,0,0
8984-HPEMB,1,0,0,0,71,1,Yes,Yes,Yes,Yes,Yes,Yes,Yes,1,118.65,8477.6,0,119.40281690140846,0,1,1,0,0,1,0,0,0,0,0,1
4349-GFQHK,0,0,0,0,1,1,Yes,No,No,Yes,No,No,No,0,54.35,54.35,1,54.35,0,0,0,0,0,1,0,0,0,0,0,0
4139-DETXS,1,0,1,1,72,0,No phone service,Yes,Yes,Yes,Yes,Yes,Yes,0,64.45,4528.0,0,62.888888888888886,0,1,0,0,0,0,0,0,0,0,0,1
9779-DPNEJ,1,0,1,1,22,1,No,No,No,No,No,No,Yes,1,80.15,1790.65,0,81.39318181818182,0,0,1,0,0,1,0,1,0,0,0,0
9805-FILKB,0,0,1,1,46,1,No,No internet service,No internet service,No internet service,No internet service,No internet service,No internet service,1,20.2,845.6,0,18.382608695652173,1,0,0,1,0,0,0,0,0,1,0,0
5793-YOLJN,1,0,1,1,55,1,No,No internet service,No internet service,No internet service,No internet service,No internet service,No internet service,0,21.0,1210.3,0,22.005454545454544,0,1,0,1,0,0,1,0,0,0,1,0
0673-IGUQO,0,0,0,0,1,1,No,No internet service,No internet service,No internet service,No internet service,No internet service,No internet service,0,20.45,20.45,0,20.45,0,0,0,1,0,0,1,0,0,0,0,0
4123-FCVCB,1,0,0,0,12,1,Yes,No,No,No,Yes,Yes,Yes,1,75.85,854.45,0,71.20416666666667,1,0,0,0,0,0,1,0,0,0,0,0
8819-IMISP,0,0,0,0,31,1,Yes,No,Yes,No,No,No,No,1,80.45,2429.1,0,78.35806451612903,0,0,1,0,0,1,0,0,1,0,0,0
7802-EFKNY,0,0,1,0,5,0,No phone service,No,No,No,No,No,No,1,24.95,100.4,1,20.080000000000002,0,0,0,0,0,1,0,0,0,0,0,0
8311-UEUAB,1,0,1,1,67,1,Yes,Yes,No,No,No,Yes,Yes,1,75.5,5229.45,0,78.05149253731344,0,1,0,0,0,1,0,0,0,0,0,1
5858-EAFCZ,0,0,0,0,1,1,No,No,No,No,No,No,No,0,44.45,44.45,0,44.45,0,0,0,0,0,0,1,0,0,0,0,0
8035-BUYVG,0,0,1,0,40,0,No phone service,Yes,Yes,Yes,No,No,No,1,42.35,1716.45,1,42.91125,1,0,0,0,0,1,0,0,0,1,0,0
1163-ONYEY,0,0,1,1,41,1,Yes,Yes,Yes,Yes,No,Yes,No,1,74.55,3023.55,0,73.74512195121952,0,0,0,0,1,0,0,0,0,1,0,0
9787-XVQIU,0,0,0,0,1,1,Yes,No,No,No,No,No,No,1,75.3,75.3,1,75.3,0,0,1,0,0,1,0,0,0,0,0,0
8945-MUQUF,0,0,0,0,51,1,Yes,Yes,Yes,No,No,Yes,No,1,94.8,4837.6,1,94.85490196078432,1,0,1,0,0,1,0,0,0,0,1,0
5656-MJEFC,0,0,1,1,42,0,No phone service,Yes,No,Yes,Yes,Yes,No,0,48.15,2032.3,0,48.38809523809524,0,1,0,0,1,0,0,0,0,1,0,0
6082-OQFBA,0,0,1,1,23,1,No,No internet service,No internet service,No internet service,No internet service,No internet service,No internet service,0,19.65,436.9,0,18.995652173913044,1,0,0,1,0,0,1,1,0,0,0,0
8051-HJRLT,1,1,0,0,1,1,No,No,No,No,No,No,No,1,70.55,70.55,1,70.55,0,0,1,0,0,1,0,0,0,0,0,0
8974-OVACP,1,0,0,0,1,1,No,No internet service,No internet service,No internet service,No internet service,No internet service,No internet service,0,20.15,20.15,0,20.15,0,0,0,1,0,0,1,0,0,0,0,0
4010-YLMVT,1,0,0,0,56,1,Yes,Yes,Yes,No,No,Yes,Yes,1,106.6,5893.95,0,105.24910714285714,0,0,1,0,1,0,0,0,0,0,1,0
1379-FRVEB,0,0,0,1,15,1,Yes,No,Yes,No,No,Yes,No,1,91.0,1430.05,0,95.33666666666666,0,0,1,0,0,1,0,1,0,0,0,0
8612-GXIDD,0,0,1,1,12,1,Yes,No internet service,No internet service,No internet service,No internet service,No internet service,No internet service,1,25.4,313.0,0,26.083333333333332,0,1,0,1,0,0,0,0,0,0,0,0
6288-CHQJB,1,0,1,1,54,1,No,Yes,No,Yes,Yes,No,Yes,0,69.95,3871.85,0,71.70092592592593,0,1,0,0,0,0,0,0,0,0,1,0
8160-HOWOX,1,0,0,0,7,1,No,No,No,No,No,Yes,Yes,1,66.85,458.1,0,65.44285714285715,0,0,0,0,0,1,0,0,0,0,0,0
3023-GFLBR,1,0,1,1,33,1,Yes,No,No,No,No,No,Yes,0,86.15,2745.7,1,83.2030303030303,0,0,1,0,1,0,0,0,1,0,0,0
6648-INWPS,0,0,1,1,16,1,No,No internet service,No internet service,No internet service,No internet service,No internet service,No internet service,0,20.15,341.35,0,21.334375,0,0,0,1,0,1,0,1,0,0,0,0
4223-BKEOR,1,0,0,1,21,1,No,Yes,No,Yes,No,No,Yes,0,64.85,1336.8,0,63.65714285714286,1,0,0,0,0,0,1,1,0,0,0,0
4079-VTGLK,0,1,1,0,30,1,Yes,No,No,Yes,No,Yes,Yes,0,74.85,2181.75,0,72.725,0,1,0,0,0,1,0,0,1,0,0,0
1763-WQFUK,0,0,0,0,3,1,No,No,No,No,Yes,No,No,1,50.5,147.75,0,49.25,0,0,0,0,0,0,1,0,0,0,0,0
1391-UBDAR,0,0,0,0,11,1,No,No,No,Yes,No,No,No,0,72.9,818.45,0,74.40454545454546,0,0,1,0,0,1,0,0,0,0,0,0
8894-JVDCV,1,0,0,0,62,1,Yes,Yes,Yes,Yes,Yes,Yes,Yes,1,115.05,7133.45,0,115.05564516129031,1,0,1,0,1,0,0,0,0,0,0,1
2023-VQFDL,0,0,0,0,18,1,No,No internet service,No internet service,No internet service,No internet service,No internet service,No internet service,0,19.0,348.8,0,19.37777777777778,0,0,0,1,0,1,0,1,0,0,0,0
1345-GKDZZ,0,0,0,1,6,1,No,No internet service,No internet service,No internet service,No internet service,No internet service,No internet service,0,19.55,128.6,0,21.433333333333334,0,0,0,1,0,0,1,0,0,0,0,0
2014-MKGMH,1,0,0,0,46,1,Yes,No,No,Yes,No,Yes,Yes,1,101.1,4674.4,0,101.61739130434782,1,0,1,0,0,1,0,0,0,1,0,0
5628-FCGYG,0,0,0,0,21,1,Yes,No,No,No,No,No,Yes,1,84.1,1737.45,0,82.7357142857143,0,0,1,0,0,1,0,1,0,0,0,0
2560-WBWXF,0,0,0,0,68,1,Yes,No internet service,No internet service,No internet service,No internet service,No internet service,No internet service,1,24.15,1498.85,0,22.04191176470588,0,1,0,1,0,0,0,0,0,0,0,1
0248-IPDFW,1,0,0,0,1,1,Yes,No,No,No,No,No,No,1,50.1,50.1,0,50.1,0,0,0,0,0,1,0,0,0,0,0,0
7978-DKUQH,1,0,1,0,25,1,No,No,No,Yes,No,No,No,1,74.6,1797.75,0,71.91,0,0,1,0,0,1,0,0,1,0,0,0
4335-UPJSI,1,0,0,1,24,1,No,No internet service,No internet service,No internet service,No internet service,No internet service,No internet service,0,19.75,498.1,0,20.754166666666666,0,1,0,1,0,0,1,1,0,0,0,0
0524-IAVZO,1,0,1,0,30,1,Yes,No,No,No,No,No,Yes,1,85.0,2624.25,1,87.475,0,0,1,0,0,1,0,0,1,0,0,0
2737-YNGYW,1,0,0,0,2,1,No,No,No,No,No,No,Yes,0,80.55,184.1,1,92.05,0,0,1,0,0,1,0,0,0,0,0,0
1784-EZDKJ,0,0,1,0,51,1,Yes,No,Yes,Yes,No,Yes,Yes,1,106.8,5498.8,0,107.81960784313726,1,0,1,0,0,0,0,0,0,0,1,0
9297-FVVDH,1,0,1,1,57,1,Yes,Yes,No,Yes,Yes,Yes,Yes,1,84.5,4845.4,0,85.00701754385965,0,1,0,0,0,1,0,0,0,0,1,0
8007-YYPWD,1,0,0,0,15,1,Yes,No internet service,No internet service,No internet service,No internet service,No internet service,No internet service,0,25.05,369.1,0,24.60666666666667,0,1,0,1,0,0,0,1,0,0,0,0
7101-HRBLJ,1,0,1,1,72,1,No,Yes,Yes,Yes,Yes,Yes,Yes,1,83.7,6096.9,0,84.67916666666666,0,1,0,0,0,0,0,0,0,0,0,1
5159-YFPKQ,1,0,0,0,2,1,No,No,No,Yes,No,No,No,1,75.8,160.75,1,80.375,0,0,1,0,0,1,0,0,0,0,0,0
6635-CPNUN,0,0,1,0,28,1,Yes,No,Yes,Yes,No,Yes,No,0,96.6,2684.35,0,95.86964285714285,0,0,1,0,1,0,0,0,1,0,0,0
4021-RQSNY,0,1,1,0,29,1,Yes,No,No,Yes,No,Yes,Yes,1,98.5,3004.15,1,103.59137931034483,0,0,1,0,0,1,0,0,1,0,0,0
5453-YBTWV,0,0,1,1,70,1,No,Yes,Yes,Yes,Yes,Yes,No,1,101.1,6994.8,0,99.92571428571429,0,1,1,0,1,0,0,0,0,0,0,1
5039-LZRQT,1,0,0,0,13,1,No,No internet service,No internet service,No internet service,No internet service,No internet service,No internet service,0,20.2,273.25,0,21.01923076923077,1,0,0,1,0,0,1,1,0,0,0,0
2931-VUVJN,1,1,1,0,59,1,Yes,Yes,Yes,Yes,Yes,No,No,1,94.05,5483.9,0,92.94745762711864,1,0,1,0,0,1,0,0,0,0,1,0
9061-TIHDA,0,1,1,0,13,1,Yes,No,No,No,No,Yes,Yes,1,95.25,1233.65,1,94.89615384615385,0,0,1,0,0,1,0,1,0,0,0,0
8699-ASUFO,0,1,1,0,7,1,Yes,No,No,No,No,No,No,1,74.4,527.9,1,75.41428571428571,0,0,1,0,0,0,1,0,0,0,0,0
6418-PIQSP,1,0,1,0,62,1,No,Yes,No,Yes,Yes,Yes,Yes,0,81.0,4985.9,0,80.41774193548386,0,1,0,0,0,0,1,0,0,0,0,1
8220-OCUFY,1,0,0,0,21,1,No,Yes,No,Yes,Yes,No,No,1,60.25,1258.35,0,59.921428571428564,1,0,0,0,0,1,0,1,0,0,0,0
3995-WFCSM,1,0,0,0,2,1,No,No,No,Yes,No,No,Yes,0,60.85,111.4,0,55.7,0,0,0,0,0,1,0,0,0,0,0,0
1895-QTKDO,1,0,0,0,1,1,No,No,No,No,No,No,No,0,43.95,43.95,0,43.95,0,0,0,0,1,0,0,0,0,0,0,0
2038-OEQZH,0,0,0,0,4,1,No,No,No,Yes,No,No,Yes,0,86.05,308.1,0,77.025,0,0,1,0,0,1,0,0,0,0,0,0
1178-PZGAB,1,0,0,0,19,1,No,No internet service,No internet service,No internet service,No internet service,No internet service,No internet service,0,20.25,383.65,0,20.192105263157895,1,0,0,1,1,0,0,1,0,0,0,0
7927-AUXBZ,1,0,0,0,30,1,No,No,No,No,Yes,Yes,No,0,85.15,2555.9,1,85.19666666666667,0,0,1,0,0,1,0,0,1,0,0,0
2626-VEEWG,0,0,1,1,67,1,No,No internet service,No internet service,No internet service,No internet service,No internet service,No internet service,1,19.4,1284.2,0,19.16716417910448,0,1,0,1,1,0,0,0,0,0,0,1
2878-RMWXY,0,1,1,0,72,1,Yes,Yes,Yes,Yes,No,No,Yes,1,102.65,7550.3,0,104.86527777777778,0,1,1,0,1,0,0,0,0,0,0,1
1657-DYMBM,0,0,1,0,53,1,No,No internet service,No internet service,No internet service,No internet service,No internet service,No internet service,0,19.9,1110.05,0,20.944339622641508,0,1,0,1,1,0,0,0,0,0,1,0
7311-MQJCH,1,0,0,0,5,1,No,No internet service,No internet service,No internet service,No internet service,No internet service,No internet service,0,19.55,99.6,0,19.919999999999998,1,0,0,1,0,1,0,0,0,0,0,0
7375-WMVMT,0,1,1,0,71,1,No,No,Yes,Yes,Yes,No,Yes,1,95.5,6707.15,0,94.4669014084507,0,1,1,0,1,0,0,0,0,0,0,1
1136-XGEQU,1,0,1,1,50,1,Yes,No,Yes,Yes,Yes,Yes,Yes,1,84.15,4164.4,0,83.288,1,0,0,0,1,0,0,0,0,0,1,0
2530-FMFXO,0,0,1,1,56,1,Yes,No,No,Yes,Yes,Yes,Yes,1,103.2,5873.75,0,104.88839285714286,0,1,1,0,0,1,0,0,0,0,1,0
6844-DZKRF,0,0,0,0,2,1,No,No,No,No,Yes,No,No,1,50.2,109.25,0,54.625,0,0,0,0,1,0,0,0,0,0,0,0
4695-WJZUE,1,1,0,0,2,1,Yes,No,No,Yes,No,No,Yes,1,88.55,179.25,1,89.625,0,0,1,0,0,1,0,0,0,0,0,0
7619-ODSGN,0,0,1,1,24,1,Yes,Yes,No,No,No,No,No,0,54.75,1338.15,1,55.75625,0,0,0,0,0,1,0,1,0,0,0,0
5970-GHJAW,0,0,1,1,46,1,No,No internet service,No internet service,No internet service,No internet service,No internet service,No internet service,0,19.95,862.4,0,18.747826086956522,0,1,0,1,1,0,0,0,0,1,0,0
8879-XUAHX,0,0,1,0,71,1,Yes,Yes,Yes,Yes,Yes,Yes,Yes,1,116.25,8564.75,0,120.63028169014085,0,1,1,0,0,1,0,0,0,0,0,1
3689-MOZGR,1,0,0,0,29,0,No phone service,No,No,No,Yes,No,No,1,31.2,926.2,0,31.93793103448276,0,0,0,0,0,1,0,0,1,0,0,0
4195-PNGZS,0,0,1,1,69,1,Yes,No internet service,No internet service,No internet service,No internet service,No internet service,No internet service,0,24.45,1718.2,0,24.90144927536232,0,1,0,1,0,0,0,0,0,0,0,1
5003-XZWWO,0,0,1,0,71,1,Yes,No,Yes,Yes,Yes,Yes,Yes,0,84.2,5956.85,0,83.8992957746479,0,1,0,0,1,0,0,0,0,0,0,1
3988-RQIXO,1,1,0,0,1,1,No,No,No,No,No,Yes,Yes,1,91.3,91.3,1,91.3,0,0,1,0,0,1,0,0,0,0,0,0
7622-FWGEW,0,1,1,0,56,1,No,Yes,Yes,Yes,Yes,Yes,Yes,1,85.65,4824.45,0,86.15089285714285,0,1,0,0,0,0,0,0,0,0,1,0
6922-NCEDI,0,0,0,1,56,1,No,No internet service,No internet service,No internet service,No internet service,No internet service,No internet service,1,21.2,1238.65,0,22.118750000000002,1,0,0,1,0,0,1,0,0,0,1,0
2514-GINMM,0,0,0,0,1,1,No,No,No,No,No,Yes,No,1,79.5,79.5,1,79.5,0,0,1,0,0,1,0,0,0,0,0,0
9891-NQDBD,1,0,1,0,28,1,Yes,No internet service,No internet service,No internet service,No internet service,No internet service,No internet service,0,25.55,672.2,0,24.00714285714286,1,0,0,1,0,0,1,0,1,0,0,0
6131-IUNXN,1,0,1,1,19,1,No,No internet service,No internet service,No internet service,No internet service,No internet service,No internet service,0,20.2,382.2,0,20.11578947368421,0,0,0,1,0,0,1,1,0,0,0,0
8548-AWOFC,0,0,1,0,66,1,Yes,No,No,No,Yes,No,Yes,0,63.85,4264.6,0,64.61515151515152,0,0,0,0,0,1,0,0,0,0,0,1
9798-DRYDS,1,0,1,1,17,1,Yes,No,No,Yes,Yes,No,No,1,61.95,1070.7,0,62.98235294117647,1,0,0,0,0,0,1,1,0,0,0,0
8532-UEFWH,0,0,1,1,52,1,Yes,No internet service,No internet service,No internet service,No internet service,No internet service,No internet service,0,25.75,1345.85,0,25.881730769230767,0,1,0,1,0,0,1,0,0,0,1,0
6296-DDOOR,1,0,0,0,19,1,No,No,Yes,No,No,Yes,No,0,58.2,1045.25,0,55.01315789473684,1,0,0,0,0,1,0,1,0,0,0,0
7951-VRDVK,1,0,0,0,36,1,No,Yes,Yes,Yes,Yes,Yes,Yes,0,85.85,3003.55,0,83.43194444444445,1,0,0,0,0,0,0,0,1,0,0,0
5931-FLJJF,0,1,1,0,7,1,No,No,No,No,No,No,No,1,70.1,467.55,1,66.79285714285714,0,0,1,0,0,0,1,0,0,0,0,0
4815-YOSUK,0,0,1,1,72,1,Yes,Yes,Yes,Yes,Yes,No,Yes,1,104.9,7537.5,0,104.6875,1,0,1,0,1,0,0,0,0,0,0,1
2659-VXMWZ,0,0,1,1,67,1,Yes,Yes,Yes,Yes,No,Yes,Yes,1,111.3,7482.1,1,111.67313432835822,1,0,1,0,0,1,0,0,0,0,0,1
0380-NEAVX,0,1,0,0,34,1,No,No,Yes,Yes,No,Yes,Yes,1,99.85,3343.15,0,98.32794117647059,1,0,1,0,0,1,0,0,1,0,0,0
3207-OYBWH,0,1,1,0,57,1,Yes,No,Yes,Yes,No,No,Yes,1,95.25,5427.05,1,95.21140350877194,0,0,1,0,0,0,0,0,0,0,1,0
4285-GYRQC,1,0,1,0,7,1,No,No,No,Yes,No,Yes,No,1,86.25,587.1,1,83.87142857142858,0,0,1,0,0,1,0,0,0,0,0,0
7216-EWTRS,1,1,1,0,1,1,Yes,No,No,Yes,No,Yes,Yes,1,100.8,100.8,1,100.8,0,0,1,0,0,1,0,0,0,0,0,0
4365-MSDYN,0,0,1,0,8,1,No,No internet service,No internet service,No internet service,No internet service,No internet service,No internet service,1,19.55,161.15,0,20.14375,0,0,0,1,0,0,0,0,0,0,0,0
7036-TYDEC,1,0,0,0,69,1,Yes,No,No,Yes,Yes,Yes,Yes,0,104.0,7028.5,0,101.8623188405797,0,1,1,0,0,1,0,0,0,0,0,1
5802-ADBRC,1,0,1,0,50,1,Yes,Yes,No,Yes,No,Yes,Yes,1,104.4,5232.9,0,104.65799999999999,1,0,1,0,0,0,1,0,0,0,1,0
8076-FEZKJ,0,0,0,0,10,1,No,No internet service,No internet service,No internet service,No internet service,No internet service,No internet service,0,19.5,225.85,0,22.585,1,0,0,1,0,0,1,0,0,0,0,0
5197-YPYBZ,1,0,1,1,12,1,Yes,No internet service,No internet service,No internet service,No internet service,No internet service,No internet service,0,25.25,274.7,0,22.891666666666666,0,1,0,1,1,0,0,0,0,0,0,0
8337-MSSXB,1,0,0,0,14,1,No,No,Yes,No,No,No,Yes,1,86.3,1180.95,1,84.35357142857143,0,0,1,0,0,1,0,1,0,0,0,0
4312-GVYNH,1,0,1,0,70,0,No phone service,Yes,No,Yes,Yes,No,Yes,1,49.85,3370.2,0,48.145714285714284,0,1,0,0,0,0,0,0,0,0,0,1
8495-LJDFO,1,1,0,0,64,1,Yes,Yes,No,Yes,Yes,Yes,Yes,1,108.95,7111.3,0,111.1140625,0,0,1,0,0,0,0,0,0,0,0,1
0839-JTCUD,1,0,1,1,66,1,Yes,Yes,Yes,Yes,Yes,Yes,Yes,0,89.9,5958.85,0,90.28560606060607,0,1,0,0,1,0,0,0,0,0,0,1
5494-WOZRZ,1,0,1,1,71,1,No,Yes,No,Yes,Yes,Yes,Yes,1,82.0,5999.85,0,84.5049295774648,0,1,0,0,1,0,0,0,0,0,0,1
1302-UHBDD,0,1,0,0,20,1,No,No,No,No,No,Yes,Yes,0,89.95,1648.45,0,82.4225,0,0,1,0,0,1,0,1,0,0,0,0
2234-EOFPT,0,0,1,0,72,1,No,Yes,Yes,No,Yes,Yes,Yes,1,79.35,5753.25,0,79.90625,0,1,0,0,0,0,0,0,0,0,0,1
8619-IJNDK,1,0,1,1,71,1,No,Yes,Yes,Yes,Yes,No,No,0,64.05,4492.9,0,63.28028169014084,0,1,0,0,1,0,0,0,0,0,0,1
8378-LKJAF,0,0,1,1,38,1,Yes,No,No,Yes,No,Yes,Yes,1,101.15,3956.7,0,104.1236842105263,0,0,1,0,1,0,0,0,0,1,0,0
8182-BJDSI,1,0,0,0,28,1,Yes,No,Yes,No,No,No,Yes,1,89.95,2625.55,1,93.76964285714287,0,0,1,0,0,1,0,0,1,0,0,0
2528-HFYZX,0,1,1,0,17,1,No,No,Yes,No,No,No,No,1,76.45,1233.4,1,72.5529411764706,0,0,1,0,0,1,0,1,0,0,0,0
1153-GNOLC,0,0,0,0,33,0,No phone service,No,Yes,No,No,Yes,No,1,39.1,1309.0,0,39.666666666666664,1,0,0,0,0,1,0,0,1,0,0,0
3298-QEICA,1,0,1,1,23,0,No phone service,Yes,No,No,Yes,No,No,0,34.6,813.45,0,35.36739130434783,0,1,0,0,0,0,1,1,0,0,0,0
0788-DXBFY,0,0,1,1,58,1,No,No internet service,No internet service,No internet service,No internet service,No internet service,No internet service,1,19.55,1108.8,0,19.117241379310343,1,0,0,1,0,1,0,0,0,0,1,0
3597-YASZG,1,1,1,0,70,1,Yes,No,Yes,No,Yes,Yes,Yes,1,104.45,7349.35,0,104.99071428571429,0,1,1,0,0,0,0,0,0,0,0,1
3496-LFSZU,0,0,1,0,4,1,No,No,No,No,No,No,No,0,70.5,294.2,0,73.55,0,0,1,0,0,1,0,0,0,0,0,0
5242-UOWHD,0,0,1,1,45,1,No,No internet service,No internet service,No internet service,No internet service,No internet service,No internet service,0,20.35,929.2,0,20.64888888888889,0,1,0,1,0,0,1,0,0,1,0,0
2482-CZGBB,0,0,0,0,10,1,No,No,No,No,No,No,No,1,70.0,740.0,1,74.0,0,0,1,0,0,1,0,0,0,0,0,0
6479-SZPLM,0,0,1,1,36,1,No,No internet service,No internet service,No internet service,No internet service,No internet service,No internet service,0,19.45,754.5,0,20.958333333333332,0,1,0,1,1,0,0,0,1,0,0,0
8097-VBQTZ,0,0,0,0,54,1,No,Yes,Yes,No,Yes,Yes,No,1,69.9,3883.3,0,71.91296296296296,0,0,0,0,0,0,1,0,0,0,1,0
4500-HKANN,0,0,1,1,23,1,Yes,No,Yes,No,Yes,No,No,0,59.7,1414.2,0,61.48695652173913,0,1,0,0,0,0,1,1,0,0,0,0
9917-KWRBE,1,0,1,1,41,1,Yes,Yes,Yes,Yes,No,Yes,No,1,78.35,3211.2,0,78.32195121951219,1,0,0,0,1,0,0,0,0,1,0,0
3420-ZDBMA,0,1,0,0,5,1,No,No,No,No,No,No,No,1,71.45,371.6,0,74.32000000000001,0,0,1,0,0,0,1,0,0,0,0,0
2212-LYASK,0,0,1,1,27,0,No phone service,No,Yes,Yes,No,No,Yes,1,45.85,1246.4,0,46.162962962962965,1,0,0,0,1,0,0,0,1,0,0,0
1393-IMKZG,1,0,0,0,1,1,No,No,No,No,Yes,Yes,Yes,1,95.85,95.85,0,95.85,0,0,1,0,0,1,0,0,0,0,0,0
8069-RHUXK,1,0,1,1,67,0,No phone service,Yes,No,No,Yes,No,No,0,35.7,2545.7,0,37.9955223880597,0,1,0,0,1,0,0,0,0,0,0,1
3398-GCPMU,1,1,1,1,72,1,Yes,Yes,Yes,Yes,Yes,Yes,Yes,1,89.55,6448.85,0,89.56736111111111,0,1,0,0,1,0,0,0,0,0,0,1
2908-WGAXL,1,0,1,1,56,1,Yes,No internet service,No internet service,No internet service,No internet service,No internet service,No internet service,1,24.95,1468.9,0,26.230357142857144,0,1,0,1,1,0,0,0,0,0,1,0
3378-AJRAO,0,0,1,1,44,1,Yes,No internet service,No internet service,No internet service,No internet service,No internet service,No internet service,0,24.85,1013.6,0,23.036363636363635,1,0,0,1,0,1,0,0,0,1,0,0
1013-QCWAM,1,1,1,0,66,1,Yes,No,Yes,No,No,Yes,Yes,1,100.8,6690.75,0,101.375,0,0,1,0,0,1,0,0,0,0,0,1
0866-QLSIR,1,0,0,0,34,1,Yes,Yes,Yes,No,Yes,No,No,1,64.4,2088.75,1,61.43382352941177,1,0,0,0,0,0,1,0,1,0,0,0
6050-FFXES,1,0,1,0,69,1,Yes,No,No,Yes,Yes,Yes,Yes,0,105.35,7240.65,0,104.93695652173912,0,1,1,0,0,0,0,0,0,0,0,1
7181-BQYBV,1,0,1,1,1,1,Yes,Yes,No,Yes,No,Yes,Yes,1,102.45,102.45,1,102.45,0,0,1,0,0,1,0,0,0,0,0,0
0362-RAOQO,1,0,0,0,40,1,No,No internet service,No internet service,No internet service,No internet service,No internet service,No internet service,0,19.65,830.25,0,20.75625,0,1,0,1,1,0,0,0,0,1,0,0
9554-DFKIC,0,0,1,1,30,1,Yes,Yes,No,No,No,No,No,1,54.45,1588.7,0,52.95666666666667,0,0,0,0,0,0,0,0,1,0,0,0
5527-ACHSO,1,0,0,0,11,1,No,No,No,No,Yes,Yes,Yes,0,70.5,829.3,0,75.39090909090909,0,0,0,0,0,0,1,0,0,0,0,0
0829-DDVLK,1,0,0,0,15,1,No,No internet service,No internet service,No internet service,No internet service,No internet service,No internet service,0,20.1,302.45,0,20.163333333333334,1,0,0,1,1,0,0,1,0,0,0,0
1399-UBQIU,0,0,0,0,11,1,No,No,No,Yes,No,Yes,Yes,1,69.35,712.25,0,64.75,0,0,0,0,0,1,0,0,0,0,0,0
1813-JLKWR,1,0,1,1,64,1,No,No internet service,No internet service,No internet service,No internet service,No internet service,No internet service,0,19.8,1336.65,0,20.88515625,1,0,0,1,0,0,0,0,0,0,0,1
0336-PIKEI,0,1,1,0,72,1,No,Yes,Yes,Yes,Yes,Yes,No,0,74.4,5360.75,0,74.45486111111111,0,1,0,0,0,0,0,0,0,0,0,1
7322-OCWHC,0,1,1,0,72,1,Yes,Yes,Yes,Yes,Yes,No,No,1,93.05,6735.05,0,93.54236111111112,0,1,1,0,0,0,0,0,0,0,0,1
9537-VHDTA,1,0,0,1,1,1,No,Yes,No,No,No,No,No,0,51.2,51.2,0,51.2,0,0,0,0,0,0,1,0,0,0,0,0
4957-TIALW,1,0,0,1,15,1,No,Yes,Yes,Yes,Yes,No,No,0,65.6,1010.0,0,67.33333333333333,1,0,0,0,1,0,0,1,0,0,0,0
2054-PJOCK,1,0,0,0,60,1,Yes,No,No,Yes,Yes,Yes,Yes,0,80.55,4847.05,0,80.78416666666666,1,0,0,0,1,0,0,0,0,0,1,0
9150-HEPMB,0,0,0,0,56,1,No,Yes,No,Yes,No,No,No,0,52.7,3019.7,0,53.92321428571428,1,0,0,0,0,0,1,0,0,0,1,0
9030-QGZNL,1,0,0,0,8,1,No,No internet service,No internet service,No internet service,No internet service,No internet service,No internet service,0,20.85,161.65,0,20.20625,0,1,0,1,0,0,1,0,0,0,0,0
6204-IEUXJ,1,0,0,0,3,1,No,No,No,Yes,Yes,No,No,0,80.1,217.55,1,72.51666666666667,0,0,1,0,1,0,0,0,0,0,0,0
3126-WQMGH,1,0,1,0,49,1,Yes,No,No,No,No,No,No,1,52.15,2583.75,0,52.72959183673469,0,0,0,0,1,0,0,0,0,0,1,0
4529-CKBCL,1,0,0,0,2,1,No,No,No,No,No,Yes,No,1,80.2,146.05,1,73.025,0,0,1,0,0,1,0,0,0,0,0,0
2506-CLAKW,1,0,0,0,6,1,No,Yes,Yes,Yes,Yes,No,Yes,1,98.15,567.45,1,94.575,0,0,1,0,0,0,0,0,0,0,0,0
7176-WRTNX,0,0,0,0,70,1,Yes,Yes,Yes,Yes,Yes,Yes,Yes,1,114.95,7711.25,0,110.16071428571429,0,1,1,0,0,0,0,0,0,0,0,1
1583-IHQZE,0,0,0,0,12,1,Yes,No,Yes,Yes,Yes,Yes,Yes,1,112.95,1384.75,1,115.39583333333333,0,0,1,0,0,0,1,0,0,0,0,0
5732-IKGQH,0,1,1,0,52,1,No,Yes,No,Yes,Yes,Yes,Yes,1,104.45,5481.25,0,105.40865384615384,1,0,1,0,0,0,0,0,0,0,1,0
9239-GZHZE,1,0,1,0,72,1,Yes,Yes,Yes,Yes,Yes,Yes,Yes,1,113.65,8124.2,0,112.83611111111111,0,1,1,0,1,0,0,0,0,0,0,1
7205-BAIAD,1,0,0,0,40,1,No,No internet service,No internet service,No internet service,No internet service,No internet service,No internet service,1,20.6,827.3,0,20.682499999999997,0,1,0,1,0,0,0,0,0,1,0,0
0151-ONTOV,1,0,0,0,1,1,No,No,No,No,No,No,No,0,70.9,70.9,1,70.9,0,0,1,0,0,0,1,0,0,0,0,0
4140-MUHUG,1,1,0,0,3,1,No,No,No,Yes,No,Yes,No,1,86.85,220.95,1,73.64999999999999,0,0,1,0,0,1,0,0,0,0,0,0
0093-EXYQL,1,1,0,0,40,1,No,No,No,No,No,Yes,Yes,1,91.55,3673.6,0,91.84,0,0,1,0,0,1,0,0,0,1,0,0
8064-RAVOH,0,0,0,1,1,1,No,No,No,Yes,No,No,No,1,49.85,49.85,0,49.85,0,0,0,0,0,1,0,0,0,0,0,0
0219-QAERP,0,0,1,0,30,1,No,No internet service,No internet service,No internet service,No internet service,No internet service,No internet service,0,19.8,576.65,0,19.221666666666668,1,0,0,1,1,0,0,0,1,0,0,0
0320-JDNQG,0,0,1,1,23,1,No,Yes,No,No,Yes,Yes,Yes,1,99.85,2331.3,1,101.3608695652174,0,0,1,0,0,1,0,1,0,0,0,0
7180-PISOG,0,0,1,1,1,1,Yes,No,No,No,No,No,No,1,74.5,74.5,1,74.5,0,0,1,0,0,1,0,0,0,0,0,0
9168-INPSZ,1,1,1,0,44,1,Yes,No,No,Yes,Yes,Yes,Yes,0,104.15,4495.65,0,102.17386363636363,0,0,1,0,0,1,0,0,0,1,0,0
3571-RFHAR,0,0,0,0,65,1,Yes,No,Yes,Yes,Yes,Yes,Yes,1,109.15,6941.2,1,106.78769230769231,0,0,1,0,0,1,0,0,0,0,0,1
0015-UOCOJ,1,1,0,0,7,1,No,Yes,No,No,No,No,No,1,48.2,340.35,0,48.621428571428574,0,0,0,0,0,1,0,0,0,0,0,0
5334-AFQJB,0,1,0,0,72,1,Yes,No internet service,No internet service,No internet service,No internet service,No internet service,No internet service,1,25.1,1789.9,0,24.859722222222224,0,1,0,1,1,0,0,0,0,0,0,1
2754-SDJRD,1,1,0,0,8,1,Yes,No,No,No,Yes,Yes,Yes,1,100.15,908.55,0,113.56875,0,0,1,0,1,0,0,0,0,0,0,0
9578-VRMNM,1,0,0,0,16,1,Yes,No,No,Yes,No,No,Yes,1,65.2,1043.35,1,65.209375,0,0,0,0,1,0,0,1,0,0,0,0
1587-FKLZB,0,1,1,1,66,1,Yes,No,No,Yes,No,Yes,Yes,1,99.5,6822.15,1,103.36590909090908,0,0,1,0,1,0,0,0,0,0,0,1
6140-QNRQQ,0,0,0,0,1,1,No,No,No,No,No,No,No,1,71.55,71.55,1,71.55,0,0,1,0,0,0,1,0,0,0,0,0
8963-JLGJT,0,0,0,1,3,1,No,Yes,No,Yes,No,No,No,0,55.9,157.55,0,52.51666666666667,0,0,0,0,0,0,1,0,0,0,0,0
4307-KTUMW,0,0,1,0,53,1,Yes,Yes,No,Yes,No,No,Yes,0,93.9,5029.2,1,94.89056603773585,0,0,1,0,0,1,0,0,0,0,1,0
1465-LNTLJ,0,1,1,0,8,1,No,No,No,Yes,Yes,No,Yes,1,64.4,581.7,0,72.7125,0,0,0,0,1,0,0,0,0,0,0,0
5440-FLBQG,0,1,1,0,69,1,Yes,No,Yes,Yes,Yes,Yes,Yes,1,108.4,7318.2,1,106.06086956521739,0,1,1,0,0,0,0,0,0,0,0,1
2135-DQWAQ,1,0,0,0,5,1,No,No,Yes,No,No,Yes,No,1,85.3,420.45,0,84.09,0,0,1,0,0,0,1,0,0,0,0,0
4056-QHXHZ,1,0,1,1,72,1,Yes,Yes,No,Yes,Yes,Yes,Yes,0,107.45,7576.7,0,105.23194444444444,0,1,1,0,0,0,1,0,0,0,0,1
7470-MCQTK,1,0,1,0,13,0,No phone service,No,No,Yes,No,Yes,Yes,1,48.75,633.4,1,48.723076923076924,0,0,0,0,0,0,0,1,0,0,0,0
7488-MXJIV,1,0,0,0,4,1,Yes,No,No,No,No,Yes,No,1,85.65,321.65,1,80.4125,0,0,1,0,0,1,0,0,0,0,0,0
7401-JIXNM,1,0,1,1,54,1,Yes,Yes,Yes,Yes,Yes,Yes,Yes,0,91.3,4965.0,0,91.94444444444444,0,1,0,0,1,0,0,0,0,0,1,0
9339-FIIJL,0,0,1,0,72,1,Yes,No,Yes,Yes,Yes,Yes,Yes,0,85.95,6151.9,0,85.44305555555555,0,1,0,0,0,0,0,0,0,0,0,1
2027-FECZV,0,0,0,0,12,1,Yes,No,Yes,Yes,No,Yes,Yes,1,106.7,1253.9,1,104.49166666666667,0,0,1,0,0,1,0,0,0,0,0,0
2672-DZUOY,0,0,0,0,1,0,No phone service,No,No,No,No,No,No,1,25.15,25.15,1,25.15,0,0,0,0,0,1,0,0,0,0,0,0
4706-DGAHW,0,1,0,0,1,1,No,No,No,No,No,No,No,0,45.2,45.2,0,45.2,0,0,0,0,0,1,0,0,0,0,0,0
3870-MQAMG,1,0,1,0,54,1,Yes,No,Yes,Yes,Yes,Yes,Yes,0,110.35,5893.15,1,109.1324074074074,1,0,1,0,0,1,0,0,0,0,1,0
6670-MFRPK,0,0,1,1,69,1,Yes,No,No,Yes,No,No,No,1,79.2,5420.65,0,78.56014492753623,0,1,1,0,1,0,0,0,0,0,0,1
6177-PEVRA,1,0,0,0,48,1,No,Yes,Yes,No,No,No,No,0,55.5,2627.35,0,54.73645833333333,0,1,0,0,1,0,0,0,0,1,0,0
4800-CZMPC,1,0,1,1,48,1,Yes,Yes,Yes,No,No,Yes,Yes,1,103.25,5037.55,1,104.94895833333334,1,0,1,0,1,0,0,0,0,1,0,0
4813-HQMGZ,1,0,1,0,8,1,Yes,No,No,No,Yes,No,Yes,1,90.25,743.75,0,92.96875,0,0,1,0,0,1,0,0,0,0,0,0
7579-KKLOE,0,0,1,1,71,1,Yes,Yes,Yes,Yes,Yes,Yes,Yes,1,91.25,6589.6,0,92.8112676056338,0,1,0,0,0,0,1,0,0,0,0,1
7377-DMMRI,0,0,0,0,2,1,No,Yes,No,No,No,No,No,1,47.8,92.45,1,46.225,0,0,0,0,0,1,0,0,0,0,0,0
8402-EIVQS,0,0,1,0,67,1,No,Yes,Yes,No,No,Yes,Yes,1,100.9,6733.15,0,100.49477611940299,1,0,1,0,1,0,0,0,0,0,0,1
4947-DSMXK,0,0,1,1,34,1,Yes,No,Yes,No,No,Yes,Yes,1,97.7,3410.0,0,100.29411764705883,0,0,1,0,0,0,0,0,1,0,0,0
7245-NIIWQ,1,0,0,0,3,1,No,No,No,No,No,No,No,1,69.85,199.85,0,66.61666666666666,0,0,1,0,0,1,0,0,0,0,0,0
0002-ORFBO,1,0,1,1,9,1,No,No,Yes,No,Yes,Yes,No,1,65.6,593.3,0,65.92222222222222,1,0,0,0,0,0,1,0,0,0,0,0
3324-OIRTO,0,0,1,1,71,1,No,Yes,Yes,Yes,No,Yes,Yes,1,104.65,7288.4,0,102.65352112676055,1,0,1,0,0,0,0,0,0,0,0,1
5414-OFQCB,0,0,0,0,57,1,Yes,No,No,No,Yes,Yes,No,1,90.45,5229.8,0,91.75087719298246,0,1,1,0,1,0,0,0,0,0,1,0
4967-WPNCF,0,0,0,0,72,0,No phone service,Yes,Yes,Yes,Yes,Yes,Yes,1,63.7,4464.8,0,62.01111111111111,0,1,0,0,0,0,0,0,0,0,0,1
8552-OBVRU,1,1,1,1,48,1,No,Yes,No,Yes,Yes,Yes,Yes,1,104.5,5068.05,0,105.58437500000001,0,0,1,0,0,1,0,0,0,1,0,0
8499-BRXTD,0,0,0,0,18,1,No,No internet service,No internet service,No internet service,No internet service,No internet service,No internet service,0,20.1,401.85,0,22.325000000000003,1,0,0,1,0,0,1,1,0,0,0,0
9154-QDGTH,0,0,1,1,43,1,Yes,No,No,Yes,Yes,Yes,Yes,1,104.3,4451.85,0,103.53139534883722,1,0,1,0,1,0,0,0,0,1,0,0
8197-BFWVU,1,0,1,1,72,1,Yes,Yes,Yes,Yes,Yes,Yes,Yes,1,93.25,6688.95,0,92.90208333333334,0,1,0,0,0,0,0,0,0,0,0,1
2577-GVSIL,0,0,1,1,35,1,Yes,No,No,No,Yes,Yes,Yes,1,73.45,2661.1,0,76.03142857142856,1,0,0,0,0,0,0,0,1,0,0,0
9367-OIUXP,0,0,0,0,4,1,No,No internet service,No internet service,No internet service,No internet service,No internet service,No internet service,0,20.7,73.05,0,18.2625,0,0,0,1,0,0,1,0,0,0,0,0
6770-UAYGJ,1,0,1,1,49,1,Yes,No internet service,No internet service,No internet service,No internet service,No internet service,No internet service,0,25.25,1211.65,0,24.727551020408164,0,1,0,1,0,0,1,0,0,0,1,0
6463-HHXJR,1,0,1,1,71,1,Yes,Yes,Yes,Yes,No,Yes,No,0,100.5,7030.65,0,99.02323943661972,0,1,1,0,0,0,0,0,0,0,0,1
7928-VJYAB,0,0,1,1,11,1,No,No,No,No,No,Yes,Yes,0,90.6,1020.2,0,92.74545454545455,0,0,1,0,0,1,0,0,0,0,0,0
1187-WILMM,0,0,1,1,63,1,Yes,Yes,Yes,Yes,Yes,Yes,Yes,1,89.4,5597.65,0,88.8515873015873,0,1,0,0,1,0,0,0,0,0,0,1
9776-OJUZI,1,1,0,0,65,1,Yes,No,Yes,Yes,No,Yes,No,1,95.45,6223.3,0,95.74307692307693,0,0,1,0,0,0,0,0,0,0,0,1
1306-RPWXZ,1,0,0,1,49,1,No,No internet service,No internet service,No internet service,No internet service,No internet service,No internet service,0,20.45,1024.65,0,20.91122448979592,0,1,0,1,1,0,0,0,0,0,1,0
8949-JTMAY,1,0,0,0,29,1,Yes,No,No,Yes,No,Yes,Yes,1,98.6,2933.2,1,101.14482758620689,0,0,1,0,1,0,0,0,1,0,0,0
2774-LVQUS,1,1,1,0,15,1,Yes,No,No,Yes,Yes,No,No,1,83.05,1258.3,1,83.88666666666667,0,0,1,0,0,1,0,1,0,0,0,0
3097-PYWXL,1,0,1,1,4,1,No,No internet service,No internet service,No internet service,No internet service,No internet service,No internet service,1,19.95,82.9,0,20.725,0,0,0,1,0,1,0,0,0,0,0,0
2266-SJNAT,1,0,1,0,72,1,Yes,No,Yes,Yes,Yes,Yes,Yes,0,109.15,7789.6,0,108.1888888888889,1,0,1,0,1,0,0,0,0,0,0,1
0869-PAPRP,1,1,1,0,26,1,No,No,No,Yes,No,Yes,No,1,85.7,2067.0,0,79.5,0,0,1,0,1,0,0,0,1,0,0,0
4238-JSSWH,1,1,1,0,35,1,Yes,No,No,Yes,No,Yes,Yes,0,102.05,3452.55,0,98.64428571428572,0,0,1,0,0,0,0,0,1,0,0,0
2972-YDYUW,1,0,0,0,57,1,Yes,No,Yes,No,Yes,No,Yes,0,94.7,5468.95,0,95.94649122807017,1,0,1,0,0,1,0,0,0,0,1,0
1104-FEJAM,0,0,1,1,28,1,Yes,No,Yes,No,No,No,Yes,0,64.4,1802.15,0,64.3625,0,0,0,0,0,1,0,0,1,0,0,0
2809-ILCYT,1,0,1,0,25,1,Yes,No internet service,No internet service,No internet service,No internet service,No internet service,No internet service,1,26.8,733.55,0,29.342,1,0,0,1,0,0,1,0,1,0,0,0
5499-ECUTN,1,0,1,0,47,1,No,Yes,No,Yes,No,Yes,No,1,66.05,3021.45,0,64.28617021276595,1,0,0,0,1,0,0,0,0,1,0,0
4981-FLTMF,1,0,1,1,57,1,Yes,Yes,Yes,No,Yes,No,No,0,65.2,3687.85,0,64.69912280701755,0,0,0,0,0,0,0,0,0,0,1,0
9121-PHQSR,0,1,1,0,16,1,Yes,No,No,No,No,Yes,No,1,85.05,1391.15,0,86.946875,0,0,1,0,1,0,0,1,0,0,0,0
3113-IWHLC,0,0,0,0,5,1,No,Yes,No,Yes,No,No,No,1,55.8,274.35,0,54.870000000000005,0,0,0,0,0,0,1,0,0,0,0,0
3211-ILJTT,0,0,1,0,17,1,No,No,No,No,No,No,No,1,70.4,1214.05,1,71.41470588235293,0,0,1,0,0,0,0,1,0,0,0,0
4612-THJBS,1,1,0,0,56,1,Yes,No,Yes,Yes,No,Yes,Yes,1,104.75,5510.65,1,98.40446428571428,1,0,1,0,0,0,0,0,0,0,1,0
4277-BWBML,0,0,1,1,72,1,No,No internet service,No internet service,No internet service,No internet service,No internet service,No internet service,0,19.95,1322.85,0,18.372916666666665,0,1,0,1,0,0,0,0,0,0,0,1
4094-NSEDU,1,1,0,0,21,1,Yes,No,No,No,No,Yes,Yes,1,94.25,1973.75,1,93.98809523809524,0,0,1,0,0,1,0,1,0,0,0,0
0234-TEVTT,1,0,1,1,48,0,No phone service,Yes,No,Yes,No,No,Yes,0,45.0,2196.3,0,45.75625,1,0,0,0,1,0,0,0,0,1,0,0
4304-TSPVK,1,0,1,0,68,1,Yes,Yes,Yes,Yes,Yes,Yes,Yes,0,114.9,7843.55,0,115.34632352941176,0,1,1,0,0,0,0,0,0,0,0,1
1552-AAGRX,1,0,0,0,30,1,Yes,Yes,No,No,Yes,Yes,Yes,0,106.4,3211.9,0,107.06333333333333,0,0,1,0,0,0,0,0,1,0,0,0
2637-FKFSY,1,0,1,0,3,1,No,No,No,No,No,No,No,1,46.1,130.15,0,43.38333333333333,0,0,0,0,0,0,1,0,0,0,0,0
9796-MVYXX,1,1,0,0,14,0,No phone service,Yes,No,Yes,Yes,No,No,0,39.7,692.35,0,49.45357142857143,0,1,0,0,0,0,1,1,0,0,0,0
7874-ECPQJ,1,0,0,1,4,1,No,No internet service,No internet service,No internet service,No internet service,No internet service,No internet service,1,20.05,85.5,0,21.375,0,0,0,1,0,0,0,0,0,0,0,0
0020-INWCK,1,0,1,1,71,1,Yes,No,Yes,Yes,No,No,Yes,1,95.75,6849.4,0,96.47042253521126,0,1,1,0,1,0,0,0,0,0,0,1
7089-RKVSZ,0,0,1,1,8,1,Yes,No internet service,No internet service,No internet service,No internet service,No internet service,No internet service,0,24.4,203.95,0,25.49375,1,0,0,1,0,0,1,0,0,0,0,0
2683-JXWQQ,0,0,1,1,61,0,No phone service,Yes,No,Yes,No,No,No,0,33.6,2117.2,0,34.708196721311474,0,0,0,0,0,0,0,0,0,0,0,1
9548-ZMVTX,0,0,1,1,72,1,Yes,No,Yes,Yes,Yes,No,No,0,90.45,6565.85,0,91.19236111111111,0,1,1,0,0,0,0,0,0,0,0,1
8739-XNIKG,1,0,0,0,5,1,Yes,No,No,No,No,Yes,No,1,84.0,424.75,0,84.95,0,0,1,0,0,1,0,0,0,0,0,0
9755-JHNMN,1,0,0,0,49,1,No,Yes,Yes,Yes,Yes,No,No,0,67.4,3306.85,0,67.48673469387755,0,1,0,0,0,0,0,0,0,0,1,0
3981-QSVQI,0,0,0,0,8,1,No,No internet service,No internet service,No internet service,No internet service,No internet service,No internet service,1,19.7,168.9,0,21.1125,0,0,0,1,0,0,0,0,0,0,0,0
2789-HQBOU,0,0,0,0,3,1,No,No,No,No,No,No,Yes,1,80.35,253.8,0,84.60000000000001,0,0,1,0,0,1,0,0,0,0,0,0
9424-CMPOG,0,0,1,1,9,1,No,No internet service,No internet service,No internet service,No internet service,No internet service,No internet service,0,19.6,197.4,0,21.933333333333334,0,1,0,1,0,0,1,0,0,0,0,0
5067-WJEUN,0,0,1,1,67,1,No,Yes,Yes,No,No,No,No,1,54.2,3838.2,0,57.286567164179104,0,1,0,0,0,0,0,0,0,0,0,1
3450-WXOAT,0,0,0,0,46,1,No,No,No,No,No,No,No,1,45.2,2065.15,0,44.8945652173913,0,0,0,0,1,0,0,0,0,1,0,0
9251-WNSOD,1,0,1,0,67,1,Yes,Yes,Yes,Yes,No,No,Yes,0,75.1,5064.45,0,75.58880597014925,1,0,0,0,0,0,1,0,0,0,0,1
6974-DAFLI,1,0,1,0,55,1,No,No internet service,No internet service,No internet service,No internet service,No internet service,No internet service,0,19.7,1140.05,0,20.728181818181817,1,0,0,1,0,1,0,0,0,0,1,0
2616-UUTFK,0,0,1,0,33,1,Yes,Yes,Yes,Yes,No,Yes,No,1,72.75,2447.45,0,74.1651515151515,0,0,0,0,0,0,0,0,1,0,0,0
7064-JHXCE,0,0,1,1,62,1,No,No internet service,No internet service,No internet service,No internet service,No internet service,No internet service,0,20.05,1263.9,0,20.385483870967743,0,1,0,1,1,0,0,0,0,0,0,1
5103-MHMHY,1,0,0,1,1,1,No,No,No,No,No,No,No,0,45.95,45.95,1,45.95,0,0,0,0,0,0,1,0,0,0,0,0
7989-AWGEH,0,0,1,1,49,0,No phone service,Yes,No,No,No,No,Yes,1,39.2,1838.15,0,37.51326530612245,0,0,0,0,0,1,0,0,0,0,1,0
4373-VVHQL,0,0,0,0,1,1,No,No,No,No,No,No,No,1,44.75,44.75,0,44.75,0,0,0,0,0,1,0,0,0,0,0,0
4559-UWIHT,0,0,1,0,14,1,Yes,No,Yes,Yes,No,No,No,1,82.65,1185.0,0,84.64285714285714,0,0,1,0,0,1,0,1,0,0,0,0
7268-IGMFD,0,1,0,0,18,1,Yes,No,No,Yes,Yes,Yes,No,0,93.9,1743.9,0,96.88333333333334,0,0,1,0,0,0,0,1,0,0,0,0
1846-XWOQN,1,1,0,0,1,1,No,No,No,No,No,No,No,1,70.15,70.15,1,70.15,0,0,1,0,0,1,0,0,0,0,0,0
0235-KGSLC,1,0,0,0,1,1,No,No,No,Yes,No,Yes,No,1,85.55,85.55,1,85.55,0,0,1,0,1,0,0,0,0,0,0,0
6650-BWFRT,1,0,1,0,72,1,Yes,Yes,Yes,Yes,Yes,Yes,Yes,1,117.15,8529.5,0,118.46527777777777,0,1,1,0,1,0,0,0,0,0,0,1
9570-KYEUA,0,0,0,0,64,1,Yes,Yes,No,Yes,Yes,No,Yes,0,99.25,6549.45,0,102.33515625,0,1,1,0,1,0,0,0,0,0,0,1
6993-YGFJV,0,0,1,0,69,1,Yes,Yes,Yes,Yes,Yes,Yes,Yes,1,112.55,7806.5,0,113.1376811594203,0,1,1,0,0,0,0,0,0,0,0,1
2712-SYWAY,1,0,0,0,1,1,Yes,No internet service,No internet service,No internet service,No internet service,No internet service,No internet service,1,25.7,25.7,0,25.7,0,0,0,1,0,1,0,0,0,0,0,0
0730-BGQGF,0,0,1,1,71,1,Yes,Yes,Yes,Yes,Yes,Yes,Yes,0,90.3,6287.3,0,88.55352112676057,0,1,0,0,1,0,0,0,0,0,0,1
5498-IBWPI,1,0,1,1,66,1,No,No,No,No,Yes,No,No,1,49.4,3251.85,0,49.27045454545454,1,0,0,0,1,0,0,0,0,0,0,1
9101-NTIXF,0,0,0,0,2,1,No,No internet service,No internet service,No internet service,No internet service,No internet service,No internet service,0,19.4,50.6,0,25.3,0,0,0,1,0,0,1,0,0,0,0,0
0013-SMEOE,1,1,1,0,71,1,No,Yes,Yes,Yes,Yes,Yes,Yes,1,109.7,7904.25,0,111.3274647887324,0,1,1,0,0,0,0,0,0,0,0,1
9314-QDMDW,0,0,0,0,11,1,No,No,Yes,No,No,Yes,No,1,61.25,729.95,0,66.35909090909091,1,0,0,0,0,1,0,0,0,0,0,0
9308-ANMVE,0,0,0,1,47,1,No,Yes,Yes,No,No,No,No,1,55.3,2654.05,0,56.469148936170214,0,0,0,0,0,1,0,0,0,1,0,0
2884-GBPFB,1,0,1,0,35,1,No,No,No,No,No,No,No,1,70.3,2416.55,1,69.04428571428572,0,0,1,0,0,1,0,0,1,0,0,0
3757-NJYBX,0,1,1,0,32,1,Yes,No,Yes,Yes,No,Yes,Yes,0,106.35,3520.75,1,110.0234375,0,0,1,0,0,0,0,0,1,0,0,0
3413-DHLPB,0,0,1,1,60,1,Yes,No,Yes,No,Yes,Yes,Yes,1,103.75,5969.95,0,99.49916666666667,0,0,1,0,0,0,0,0,0,0,1,0
7649-PHJVR,0,0,0,0,11,1,No,No internet service,No internet service,No internet service,No internet service,No internet service,No internet service,0,19.5,226.8,0,20.61818181818182,1,0,0,1,0,0,1,0,0,0,0,0
6114-TCFID,1,0,0,0,29,0,No phone service,Yes,Yes,No,Yes,No,No,0,39.5,1082.75,0,37.33620689655172,1,0,0,0,1,0,0,0,1,0,0,0
3787-TRIAL,0,0,1,1,21,0,No phone service,No,No,No,No,No,No,1,26.05,565.75,0,26.94047619047619,0,0,0,0,0,1,0,1,0,0,0,0
2573-GYRUU,0,1,1,0,48,1,Yes,No,No,Yes,No,No,Yes,1,91.05,4370.75,0,91.05729166666667,0,0,1,0,1,0,0,0,0,1,0,0
5156-UMKOW,1,0,0,1,3,0,No phone service,No,Yes,No,No,No,No,0,29.65,90.05,0,30.016666666666666,0,0,0,0,0,0,1,0,0,0,0,0
1247-QBVSH,1,0,1,1,43,1,No,No,Yes,No,No,No,No,0,50.2,2169.4,0,50.45116279069768,0,0,0,0,0,0,1,0,0,1,0,0
6734-GMPVK,0,0,0,0,5,1,Yes,No,Yes,Yes,No,Yes,Yes,0,105.3,550.6,0,110.12,0,0,1,0,0,1,0,0,0,0,0,0
9822-OAOVB,1,0,0,0,1,1,No,No,No,No,No,No,Yes,1,55.45,55.45,0,55.45,0,0,0,0,0,1,0,0,0,0,0,0
6161-ERDGD,0,0,1,1,71,1,Yes,Yes,No,Yes,Yes,Yes,Yes,0,85.45,6300.85,0,88.7443661971831,1,0,0,0,0,1,0,0,0,0,0,1
1226-JZNKR,1,0,1,1,8,1,No,No internet service,No internet service,No internet service,No internet service,No internet service,No internet service,0,19.8,160.05,0,20.00625,1,0,0,1,0,1,0,0,0,0,0,0
7318-EIVKO,0,0,0,0,8,1,Yes,No,No,No,No,Yes,No,1,59.25,436.6,0,54.575,0,0,0,0,0,1,0,0,0,0,0,0
3771-PZOBW,0,0,0,0,20,1,Yes,No,No,Yes,No,Yes,No,1,90.7,1781.35,0,89.0675,0,0,1,0,1,0,0,1,0,0,0,0
5136-KCKGI,1,0,1,1,33,1,Yes,Yes,No,Yes,No,Yes,Yes,1,103.7,3467.0,1,105.06060606060606,1,0,1,0,0,0,1,0,1,0,0,0
8231-BSWXX,0,0,0,0,71,1,Yes,No,Yes,No,No,No,No,1,79.05,5552.5,0,78.20422535211267,1,0,1,0,1,0,0,0,0,0,0,1
6486-LHTMA,1,1,1,0,31,1,Yes,No,No,Yes,No,Yes,No,1,90.7,2835.5,0,91.46774193548387,1,0,1,0,0,1,0,0,1,0,0,0
4083-BFNYK,1,1,1,0,38,1,Yes,Yes,Yes,No,No,No,Yes,0,95.0,3591.25,0,94.50657894736842,1,0,1,0,1,0,0,0,0,1,0,0
3722-WPXTK,0,0,0,0,1,1,No,No,No,No,No,Yes,Yes,1,88.35,88.35,1,88.35,0,0,1,0,0,1,0,0,0,0,0,0
7389-KBFIT,1,0,1,1,2,0,No phone service,No,Yes,No,No,No,No,1,30.25,63.75,0,31.875,0,0,0,0,0,0,1,0,0,0,0,0
7176-WIONM,1,0,1,0,12,0,No phone service,No,No,Yes,No,Yes,Yes,1,49.85,617.15,0,51.42916666666667,0,0,0,0,0,0,0,0,0,0,0,0
5141-ZUVBH,1,0,0,1,9,1,No,Yes,No,Yes,Yes,No,Yes,0,93.0,870.25,0,96.69444444444444,0,0,1,0,0,0,0,0,0,0,0,0
1089-HDMKP,0,1,0,1,11,1,No,No,Yes,No,Yes,No,No,1,54.55,601.25,0,54.65909090909091,0,0,0,0,0,1,0,0,0,0,0,0
7623-HKYRK,0,0,0,1,6,1,No,No internet service,No internet service,No internet service,No internet service,No internet service,No internet service,0,19.7,111.65,0,18.608333333333334,0,0,0,1,0,0,1,0,0,0,0,0
0310-SUCIN,1,0,1,0,71,1,No,Yes,Yes,Yes,Yes,Yes,Yes,1,84.8,6046.1,0,85.15633802816902,1,0,0,0,0,0,0,0,0,0,0,1
5197-PYEPU,1,0,1,1,42,1,Yes,Yes,Yes,No,No,Yes,No,1,94.45,3923.8,0,93.42380952380952,1,0,1,0,1,0,0,0,0,1,0,0
2929-ERCFZ,1,0,1,1,8,1,No,No,No,Yes,No,Yes,Yes,1,94.2,777.3,1,97.1625,0,0,1,0,0,1,0,0,0,0,0,0
7548-SEPYI,1,0,0,0,5,1,No,No,Yes,No,No,Yes,Yes,1,96.25,512.45,1,102.49000000000001,0,0,1,0,0,1,0,0,0,0,0,0
8835-VSDSE,1,0,1,0,2,1,No,No,No,No,No,No,No,1,70.7,141.45,1,70.725,0,0,1,0,0,1,0,0,0,0,0,0
6619-RPLQZ,1,0,1,1,45,1,No,No internet service,No internet service,No internet service,No internet service,No internet service,No internet service,0,20.85,892.15,0,19.825555555555557,0,1,0,1,0,0,1,0,0,1,0,0
3275-RHRNE,0,0,1,1,28,0,No phone service,No,Yes,Yes,Yes,Yes,Yes,1,60.0,1682.05,0,60.073214285714286,1,0,0,0,1,0,0,0,1,0,0,0
3503-TYDAY,1,0,1,0,43,1,Yes,No,Yes,No,No,No,No,0,80.45,3398.9,0,79.04418604651163,0,0,1,0,0,1,0,0,0,1,0,0
6901-GOGZG,0,0,0,1,60,1,Yes,Yes,No,Yes,Yes,Yes,Yes,1,84.95,4984.85,0,83.08083333333335,0,1,0,0,0,1,0,0,0,0,1,0
1623-NLDOT,1,0,1,0,42,0,No phone service,No,Yes,No,Yes,No,No,0,33.55,1445.3,1,34.41190476190476,1,0,0,0,0,0,1,0,0,1,0,0
7021-XSNYE,0,0,1,1,7,0,No phone service,Yes,No,Yes,Yes,No,Yes,0,49.65,305.55,0,43.65,0,1,0,0,1,0,0,0,0,0,0,0
9621-OUPYD,1,0,1,0,25,1,No,No internet service,No internet service,No internet service,No internet service,No internet service,No internet service,1,20.2,507.9,0,20.316,1,0,0,1,0,0,0,0,1,0,0,0
9898-KZQDZ,1,1,1,1,40,1,Yes,No,No,No,No,Yes,Yes,1,94.55,3640.45,1,91.01124999999999,0,0,1,0,1,0,0,0,0,1,0,0
8982-NHAVY,0,0,0,0,27,1,Yes,No,No,Yes,No,Yes,Yes,1,100.5,2673.45,0,99.01666666666667,1,0,1,0,0,0,0,0,1,0,0,0
4307-KWMXE,0,0,0,0,10,0,No phone service,No,Yes,No,Yes,No,No,0,35.75,389.8,0,38.980000000000004,0,0,0,0,0,1,0,0,0,0,0,0
0141-YEAYS,1,1,0,0,27,1,Yes,No,Yes,Yes,No,No,No,1,86.45,2401.05,0,88.92777777777779,0,0,1,0,0,0,0,0,1,0,0,0
2450-ZKEED,1,0,0,0,11,1,No,No,No,Yes,Yes,No,No,0,53.8,651.55,0,59.23181818181818,1,0,0,0,0,0,0,0,0,0,0,0
3694-DELSO,0,0,1,1,4,0,No phone service,Yes,No,No,No,Yes,No,0,38.55,156.1,0,39.025,0,0,0,0,1,0,0,0,0,0,0,0
3893-JRNFS,0,0,0,0,68,0,No phone service,No,No,Yes,No,No,Yes,1,39.9,2796.35,0,41.12279411764706,0,0,0,0,0,0,0,0,0,0,0,1
9603-OAIHC,0,1,0,0,1,1,No,No,No,No,No,No,No,1,70.05,70.05,0,70.05,0,0,1,0,0,1,0,0,0,0,0,0
1133-KXCGE,1,0,0,0,18,1,No,No internet service,No internet service,No internet service,No internet service,No internet service,No internet service,0,20.1,407.05,0,22.61388888888889,1,0,0,1,0,0,1,1,0,0,0,0
5236-PERKL,1,0,0,0,57,1,Yes,Yes,Yes,Yes,No,Yes,Yes,1,112.95,6465.0,1,113.42105263157895,0,1,1,0,0,0,0,0,0,0,1,0
0142-GVYSN,0,0,0,0,26,1,No,No internet service,No internet service,No internet service,No internet service,No internet service,No internet service,1,20.3,511.25,0,19.66346153846154,0,0,0,1,0,1,0,0,1,0,0,0
1049-FYSYG,1,0,1,0,17,0,No phone service,No,Yes,Yes,No,No,No,1,35.65,646.05,0,38.002941176470586,0,0,0,0,1,0,0,1,0,0,0,0
7854-FOKSF,0,0,0,0,1,0,No phone service,No,No,No,No,No,Yes,0,35.9,35.9,1,35.9,0,0,0,0,0,1,0,0,0,0,0,0
2519-FAKOD,0,0,0,1,38,1,Yes,No,No,Yes,No,Yes,Yes,1,99.25,3777.15,1,99.39868421052631,0,0,1,0,0,0,0,0,0,1,0,0
8406-LNMHF,0,1,1,0,59,1,No,Yes,Yes,Yes,No,No,No,1,82.95,4903.15,0,83.1042372881356,1,0,1,0,1,0,0,0,0,0,1,0
1821-BUCWY,0,0,0,0,30,1,No,Yes,No,Yes,No,No,No,1,55.65,1653.85,0,55.12833333333333,0,1,0,0,0,0,1,0,1,0,0,0
8263-JQAIK,0,1,0,0,2,0,No phone service,No,No,No,No,No,No,1,24.45,47.5,1,23.75,0,0,0,0,0,0,1,0,0,0,0,0
0023-UYUPN,1,1,1,0,50,1,Yes,No internet service,No internet service,No internet service,No internet service,No internet service,No internet service,0,25.2,1306.3,0,26.125999999999998,1,0,0,1,0,1,0,0,0,0,1,0
8314-DPQHL,0,0,0,0,9,0,No phone service,Yes,No,Yes,Yes,No,Yes,0,50.8,463.6,0,51.51111111111111,1,0,0,0,0,0,1,0,0,0,0,0
1465-WCZVT,1,0,1,1,3,1,No,No internet service,No internet service,No internet service,No internet service,No internet service,No internet service,0,19.65,60.65,0,20.216666666666665,0,0,0,1,0,0,1,0,0,0,0,0
9481-SFCQY,1,0,0,1,14,1,No,No,No,Yes,No,Yes,No,1,59.8,824.85,0,58.917857142857144,0,0,0,0,1,0,0,1,0,0,0,0
6360-SVNWV,1,1,0,0,31,1,No,Yes,No,No,No,No,No,1,73.55,2094.65,0,67.56935483870969,0,0,1,0,1,0,0,0,1,0,0,0
0567-GGCAC,1,0,0,0,7,1,No,Yes,Yes,Yes,No,No,No,0,61.4,438.9,0,62.699999999999996,0,0,0,0,0,1,0,0,0,0,0,0
7089-IVVAZ,1,0,0,0,8,1,Yes,Yes,No,No,Yes,Yes,Yes,1,103.35,847.3,1,105.9125,0,0,1,0,0,0,0,0,0,0,0,0
8884-MRNSU,0,0,1,1,17,1,No,No internet service,No internet service,No internet service,No internet service,No internet service,No internet service,0,19.9,329.75,0,19.397058823529413,1,0,0,1,0,0,0,1,0,0,0,0
2171-UDMFD,0,0,1,1,32,1,No,No internet service,No internet service,No internet service,No internet service,No internet service,No internet service,1,19.45,674.55,0,21.0796875,0,0,0,1,1,0,0,0,1,0,0,0
9050-IKDZA,1,1,0,0,2,1,No,No,No,No,No,Yes,No,0,81.5,162.55,0,81.275,0,0,1,0,0,0,1,0,0,0,0,0
2205-YMZZJ,0,1,0,0,7,1,Yes,No,No,No,No,Yes,No,1,84.8,546.95,1,78.13571428571429,0,0,1,0,0,1,0,0,0,0,0,0
9802-CAQUT,1,0,1,1,72,1,Yes,Yes,Yes,Yes,No,Yes,Yes,0,109.55,7887.25,0,109.54513888888889,0,1,1,0,1,0,0,0,0,0,0,1
1254-IZEYF,1,1,0,0,31,1,Yes,No,Yes,No,No,Yes,Yes,1,99.95,3186.65,1,102.79516129032258,0,0,1,0,0,1,0,0,1,0,0,0
0187-WZNAB,1,0,1,1,27,1,No,Yes,No,No,No,No,No,0,74.4,1972.35,0,73.05,0,0,1,0,0,0,1,0,1,0,0,0
9492-TOKRI,1,0,0,0,18,1,Yes,No,Yes,No,No,Yes,No,1,90.0,1527.35,1,84.85277777777777,0,0,1,0,1,0,0,1,0,0,0,0
1475-VWVDO,0,0,0,0,7,1,No,No,No,Yes,No,No,No,1,74.9,490.55,0,70.07857142857144,0,0,1,0,0,1,0,0,0,0,0,0
9221-OTIVJ,1,1,0,0,14,1,Yes,No,Yes,Yes,No,Yes,Yes,1,104.85,1531.4,1,109.38571428571429,0,0,1,0,0,1,0,1,0,0,0,0
1357-MVDOZ,0,0,1,1,11,1,No,No,No,Yes,No,Yes,No,1,59.65,683.25,0,62.11363636363637,0,0,0,0,0,0,0,0,0,0,0,0
7602-MVRMB,1,0,1,1,72,1,Yes,Yes,No,Yes,Yes,Yes,Yes,1,110.45,8058.85,0,111.92847222222223,0,1,1,0,0,0,0,0,0,0,0,1
3325-FUYCG,0,0,1,1,28,1,Yes,Yes,Yes,No,No,Yes,Yes,0,106.1,2847.4,1,101.69285714285715,1,0,1,0,0,1,0,0,1,0,0,0
5908-QMGOE,0,1,0,0,15,1,Yes,No,No,No,No,No,No,1,74.2,1133.9,1,75.59333333333333,0,0,1,0,1,0,0,1,0,0,0,0
1197-BVMVG,1,1,0,0,4,1,Yes,No,No,No,No,No,No,1,74.45,294.45,0,73.6125,0,0,1,0,0,1,0,0,0,0,0,0
5406-KGRMX,1,0,0,0,71,1,Yes,No internet service,No internet service,No internet service,No internet service,No internet service,No internet service,0,24.55,1719.15,0,24.213380281690142,0,1,0,1,0,1,0,0,0,0,0,1
8481-YYXWG,1,0,0,0,5,1,No,No,Yes,No,Yes,No,Yes,1,89.35,461.7,1,92.34,0,0,1,0,0,1,0,0,0,0,0,0
5968-HYJRZ,0,0,1,1,47,1,Yes,No internet service,No internet service,No internet service,No internet service,No internet service,No internet service,0,24.55,1160.45,0,24.690425531914894,0,1,0,1,0,0,1,0,0,1,0,0
5198-EFNBM,0,1,1,0,57,1,No,No,Yes,Yes,No,Yes,No,1,90.65,5199.8,0,91.22456140350877,1,0,1,0,0,1,0,0,0,0,1,0
7516-GMHUV,0,1,1,0,50,1,Yes,Yes,No,Yes,No,Yes,Yes,1,105.05,5163.3,0,103.266,0,1,1,0,1,0,0,0,0,0,1,0
7140-ADSMJ,0,0,0,0,8,1,No,No internet service,No internet service,No internet service,No internet service,No internet service,No internet service,1,20.45,162.3,0,20.2875,0,0,0,1,1,0,0,0,0,0,0,0
2230-XTUWL,1,0,1,1,48,1,No,No internet service,No internet service,No internet service,No internet service,No internet service,No internet service,0,19.55,883.35,0,18.403125,0,1,0,1,0,0,1,0,0,1,0,0
7706-YLMQA,1,0,0,0,70,1,No,No internet service,No internet service,No internet service,No internet service,No internet service,No internet service,0,19.7,1341.5,0,19.164285714285715,1,0,0,1,0,0,0,0,0,0,0,1
2585-KTFRE,0,0,0,1,1,1,No,Yes,Yes,No,Yes,No,Yes,1,70.45,70.45,0,70.45,0,0,0,0,0,0,0,0,0,0,0,0
7994-UYIVZ,0,0,1,0,8,1,Yes,No,No,No,No,No,Yes,1,85.65,659.45,0,82.43125,0,0,1,0,0,0,0,0,0,0,0,0
2609-IAICY,1,0,0,0,1,1,Yes,No,No,No,No,No,No,1,77.15,77.15,1,77.15,0,0,1,0,0,1,0,0,0,0,0,0
1740-CSDJP,0,0,0,0,1,0,No phone service,No,No,No,No,No,Yes,1,35.25,35.25,1,35.25,0,0,0,0,0,0,0,0,0,0,0,0
7717-BICXI,0,0,1,1,60,1,No,No internet service,No internet service,No internet service,No internet service,No internet service,No internet service,0,20.55,1205.05,0,20.084166666666665,0,1,0,1,0,0,1,0,0,0,1,0
6559-RAKOZ,0,0,1,1,49,1,Yes,No,No,No,Yes,Yes,Yes,1,97.95,4917.9,0,100.36530612244897,1,0,1,0,0,1,0,0,0,0,1,0
2636-OHFMN,0,0,1,0,4,0,No phone service,No,Yes,No,No,Yes,Yes,1,48.55,201.0,1,50.25,0,0,0,0,0,1,0,0,0,0,0,0
4716-MRVEN,1,0,0,0,29,1,No,No internet service,No internet service,No internet service,No internet service,No internet service,No internet service,0,20.0,599.3,0,20.66551724137931,1,0,0,1,0,0,1,0,1,0,0,0
2143-LJULT,1,0,1,0,67,1,Yes,No internet service,No internet service,No internet service,No internet service,No internet service,No internet service,1,25.25,1733.15,0,25.867910447761194,0,1,0,1,1,0,0,0,0,0,0,1
1323-OOEPC,1,0,1,0,53,1,Yes,No,Yes,No,No,Yes,Yes,1,98.4,5149.5,1,97.16037735849056,0,0,1,0,1,0,0,0,0,0,1,0
3200-MNQTF,0,0,1,0,67,1,Yes,Yes,Yes,Yes,Yes,No,No,0,70.9,4677.1,0,69.80746268656716,0,1,0,0,1,0,0,0,0,0,0,1
6164-HXUGH,1,0,1,1,6,1,No,No internet service,No internet service,No internet service,No internet service,No internet service,No internet service,0,19.85,119.3,0,19.883333333333333,0,0,0,1,0,0,1,0,0,0,0,0
5630-IXDXV,1,0,0,0,47,1,Yes,No,Yes,Yes,No,Yes,Yes,1,106.35,4849.1,0,103.17234042553193,0,0,1,0,0,1,0,0,0,1,0,0
0320-DWVTU,1,0,0,0,53,1,No,Yes,Yes,Yes,Yes,No,Yes,0,99.5,5424.25,0,102.34433962264151,0,1,1,0,0,0,1,0,0,0,1,0
9135-MGVPY,0,0,1,0,69,1,No,Yes,Yes,Yes,Yes,Yes,Yes,1,84.7,5878.9,0,85.20144927536231,0,1,0,0,0,0,1,0,0,0,0,1
1212-GLHMD,0,0,0,0,3,1,No,Yes,No,No,No,No,Yes,1,86.05,244.85,0,81.61666666666666,0,0,1,0,0,0,1,0,0,0,0,0
7878-JGDKK,0,0,0,0,4,1,No,No,No,No,No,No,No,0,44.55,220.75,0,55.1875,0,0,0,0,0,0,1,0,0,0,0,0
1088-AUUZZ,0,0,1,1,56,1,Yes,Yes,Yes,No,Yes,No,Yes,1,75.85,4261.2,0,76.09285714285714,0,1,0,0,1,0,0,0,0,0,1,0
0397-GZBBC,0,1,1,0,59,1,Yes,No,No,No,No,Yes,Yes,1,93.85,5574.75,1,94.48728813559322,0,0,1,0,0,0,0,0,0,0,1,0
6614-YWYSC,0,1,1,0,61,1,Yes,No internet service,No internet service,No internet service,No internet service,No internet service,No internet service,0,25.0,1501.75,0,24.618852459016395,0,1,0,1,0,0,0,0,0,0,0,1
9588-OZDMQ,1,0,1,0,2,1,No,No,No,No,No,No,No,1,45.0,89.75,0,44.875,0,0,0,0,0,1,0,0,0,0,0,0
7641-EUYET,0,1,1,1,46,1,Yes,Yes,Yes,Yes,No,Yes,No,1,100.7,4541.2,1,98.72173913043478,0,0,1,0,0,1,0,0,0,1,0,0
6476-EPYZR,0,0,1,1,12,1,No,No internet service,No internet service,No internet service,No internet service,No internet service,No internet service,0,20.5,255.5,0,21.291666666666668,0,0,0,1,0,0,1,0,0,0,0,0
9921-ZVRHG,1,0,0,0,14,1,Yes,No,No,Yes,No,No,No,1,80.45,1072.0,1,76.57142857142857,0,0,1,0,0,1,0,1,0,0,0,0
1174-FGIFN,1,0,1,1,28,1,Yes,No,No,No,Yes,No,Yes,1,90.45,2509.25,0,89.61607142857143,1,0,1,0,0,1,0,0,1,0,0,0
6620-HVDUJ,0,0,0,0,24,1,No,Yes,Yes,No,Yes,No,No,0,60.45,1440.75,0,60.03125,0,0,0,0,0,0,0,1,0,0,0,0
4701-MLJPN,0,0,0,0,31,1,No,No,No,Yes,Yes,No,No,1,55.25,1715.65,1,55.343548387096774,0,0,0,0,0,1,0,0,1,0,0,0
1032-MAELW,1,0,1,1,68,1,Yes,Yes,Yes,Yes,Yes,No,Yes,1,78.45,5333.35,0,78.43161764705883,1,0,0,0,0,1,0,0,0,0,0,1
7641-TQFHN,0,0,0,1,39,1,Yes,No,No,No,Yes,Yes,Yes,0,100.55,3895.35,0,99.88076923076923,0,1,1,0,0,0,1,0,0,1,0,0
1552-TKMXS,1,0,1,0,42,1,No,No internet service,No internet service,No internet service,No internet service,No internet service,No internet service,0,20.35,869.9,0,20.711904761904762,0,0,0,1,1,0,0,0,0,1,0,0
9206-GVPEQ,0,0,1,0,13,0,No phone service,Yes,No,No,Yes,Yes,Yes,1,54.45,706.85,1,54.37307692307692,0,0,0,0,0,1,0,1,0,0,0,0
8622-ZLFKO,1,0,1,0,6,1,Yes,No,Yes,No,No,No,Yes,1,90.75,512.25,0,85.375,0,0,1,0,0,1,0,0,0,0,0,0
1596-BBVTG,0,0,0,0,35,1,Yes,No,No,No,No,No,No,0,75.35,2636.05,1,75.3157142857143,0,0,1,0,1,0,0,0,1,0,0,0
6188-UXBBR,1,0,1,0,38,1,No,No internet service,No internet service,No internet service,No internet service,No internet service,No internet service,1,20.25,814.75,0,21.44078947368421,1,0,0,1,1,0,0,0,0,1,0,0
2333-KWEWW,0,0,0,0,18,1,No,No internet service,No internet service,No internet service,No internet service,No internet service,No internet service,0,20.05,388.6,0,21.58888888888889,0,1,0,1,1,0,0,1,0,0,0,0
5702-SKUOB,1,0,1,0,4,1,No,No internet service,No internet service,No internet service,No internet service,No internet service,No internet service,0,19.6,93.45,0,23.3625,0,0,0,1,0,0,1,0,0,0,0,0
1134-YWTYF,0,0,1,0,27,1,No,No,Yes,No,Yes,No,No,1,53.8,1389.85,0,51.47592592592592,0,0,0,0,0,1,0,0,1,0,0,0
6061-GWWAV,0,0,0,1,41,1,No,Yes,Yes,Yes,No,Yes,No,0,70.2,2894.55,0,70.59878048780489,1,0,0,0,0,0,1,0,0,1,0,0
0679-TDGAK,0,0,1,1,50,1,No,Yes,No,No,Yes,Yes,Yes,0,75.5,4025.6,0,80.512,1,0,0,0,0,1,0,0,0,0,1,0
6585-WCEWR,0,0,1,1,72,1,No,No internet service,No internet service,No internet service,No internet service,No internet service,No internet service,0,20.35,1354.4,0,18.811111111111114,0,1,0,1,0,1,0,0,0,0,0,1
9067-YGSCA,1,0,0,0,70,1,Yes,No internet service,No internet service,No internet service,No internet service,No internet service,No internet service,0,26.05,1856.4,0,26.52,1,0,0,1,1,0,0,0,0,0,0,1
9067-SQTNS,0,0,1,1,44,1,No,No internet service,No internet service,No internet service,No internet service,No internet service,No internet service,0,20.6,926.0,0,21.045454545454547,1,0,0,1,0,0,0,0,0,1,0,0
8433-WXGNA,0,0,0,0,2,1,No,Yes,No,No,No,No,No,1,75.7,189.2,1,94.6,0,0,1,0,0,1,0,0,0,0,0,0
1776-SPBWV,1,0,1,1,34,1,No,No internet service,No internet service,No internet service,No internet service,No internet service,No internet service,1,20.1,682.1,0,20.061764705882354,1,0,0,1,0,0,0,0,1,0,0,0
8735-SDUFN,1,1,1,0,72,1,Yes,No internet service,No internet service,No internet service,No internet service,No internet service,No internet service,0,24.3,1778.7,0,24.704166666666666,0,1,0,1,0,0,0,0,0,0,0,1
9668-PUGNU,0,0,1,0,71,1,Yes,No internet service,No internet service,No internet service,No internet service,No internet service,No internet service,1,24.5,1816.2,0,25.580281690140847,0,1,0,1,0,1,0,0,0,0,0,1
9405-GPBBG,1,0,0,0,64,1,Yes,No,Yes,Yes,Yes,Yes,Yes,1,110.5,7069.25,0,110.45703125,0,1,1,0,1,0,0,0,0,0,0,1
1926-QUZNN,1,0,1,0,72,1,Yes,No internet service,No internet service,No internet service,No internet service,No internet service,No internet service,1,25.25,1841.2,0,25.572222222222223,0,1,0,1,0,0,0,0,0,0,0,1
3707-GNWHM,0,0,0,0,1,1,Yes,No,No,No,No,No,No,1,74.25,74.25,1,74.25,0,0,1,0,0,0,1,0,0,0,0,0
7016-NVRIC,0,1,1,0,29,1,No,Yes,No,Yes,No,No,Yes,0,90.1,2656.7,0,91.6103448275862,1,0,1,0,0,0,0,0,1,0,0,0
5829-NVSQN,1,0,1,0,23,1,No,Yes,No,Yes,Yes,No,Yes,1,68.75,1689.45,0,73.45434782608696,1,0,0,0,0,0,0,1,0,0,0,0
9565-AXSMR,0,0,1,1,52,1,No,No internet service,No internet service,No internet service,No internet service,No internet service,No internet service,0,19.2,1054.75,0,20.283653846153847,0,1,0,1,0,0,1,0,0,0,1,0
8922-LIEGH,1,1,0,0,25,1,Yes,No,Yes,No,No,No,Yes,1,89.7,2187.55,1,87.50200000000001,0,0,1,0,0,1,0,0,1,0,0,0
8869-LIHMK,1,0,0,0,64,1,Yes,Yes,Yes,Yes,Yes,Yes,Yes,1,115.1,7334.05,0,114.59453125,0,1,1,0,0,0,0,0,0,0,0,1
8245-UMPYT,1,1,0,0,16,1,Yes,No,No,No,No,Yes,Yes,1,96.4,1581.2,1,98.825,0,0,1,0,0,1,0,1,0,0,0,0
5186-SAMNZ,0,1,0,0,1,1,No,No,No,No,No,No,No,1,69.5,69.5,1,69.5,0,0,1,0,0,0,0,0,0,0,0,0
0447-RXSGD,0,0,0,0,24,1,Yes,No,Yes,No,No,Yes,Yes,1,99.65,2404.85,0,100.20208333333333,0,0,1,0,0,0,0,1,0,0,0,0
4927-WWOOZ,0,0,1,0,2,1,Yes,No,No,Yes,No,Yes,No,1,91.45,171.45,0,85.725,0,0,1,0,0,1,0,0,0,0,0,0
5788-YPOEG,1,0,1,1,34,1,No,Yes,Yes,Yes,Yes,Yes,Yes,0,84.75,2839.45,0,83.51323529411764,0,1,0,0,0,0,1,0,1,0,0,0
5373-SFODM,0,1,1,0,36,1,Yes,No,No,No,No,No,Yes,1,85.25,3132.75,1,87.02083333333333,0,0,1,0,1,0,0,0,1,0,0,0
0661-KBKPA,0,0,1,1,53,1,Yes,No,No,Yes,Yes,Yes,Yes,1,78.75,3942.45,0,74.38584905660377,1,0,0,0,0,0,1,0,0,0,1,0
9081-WWXKP,1,0,1,1,47,1,No,No internet service,No internet service,No internet service,No internet service,No internet service,No internet service,0,20.25,873.4,0,18.582978723404256,0,1,0,1,1,0,0,0,0,1,0,0
0784-ZQJZX,0,0,0,1,72,1,No,No internet service,No internet service,No internet service,No internet service,No internet service,No internet service,0,19.9,1529.65,0,21.24513888888889,0,1,0,1,1,0,0,0,0,0,0,1
3133-PZNSR,0,0,1,1,72,1,Yes,Yes,Yes,No,Yes,No,Yes,1,97.75,6991.6,0,97.10555555555555,0,1,1,0,1,0,0,0,0,0,0,1
5766-ZJYBB,0,0,0,0,1,1,No,No internet service,No internet service,No internet service,No internet service,No internet service,No internet service,0,19.4,19.4,1,19.4,0,0,0,1,0,0,1,0,0,0,0,0
8931-GJJIQ,1,0,0,0,9,1,Yes,No,No,No,No,No,Yes,1,83.3,803.3,1,89.25555555555555,0,0,1,0,0,1,0,0,0,0,0,0
4277-PVRAN,1,0,0,0,8,1,No,No,No,No,No,Yes,No,1,80.1,679.3,1,84.9125,0,0,1,0,0,0,0,0,0,0,0,0
0022-TCJCI,0,1,0,0,45,1,No,Yes,No,Yes,No,No,Yes,0,62.7,2791.5,1,62.03333333333333,1,0,0,0,1,0,0,0,0,1,0,0
0722-SVSFK,1,0,0,0,7,1,No,No,No,Yes,Yes,Yes,Yes,1,100.4,715.0,0,102.14285714285714,0,0,1,0,0,1,0,0,0,0,0,0
3612-YVGSJ,1,0,1,0,71,1,Yes,No internet service,No internet service,No internet service,No internet service,No internet service,No internet service,1,24.45,1681.6,0,23.68450704225352,0,1,0,1,1,0,0,0,0,0,0,1
9825-YCXWZ,1,1,0,0,41,1,No,No,No,Yes,Yes,Yes,Yes,1,101.1,4016.2,0,97.9560975609756,1,0,1,0,0,0,0,0,0,1,0,0
5397-NSKQG,0,0,1,1,67,0,No phone service,Yes,No,No,No,Yes,Yes,0,50.9,3281.65,0,48.97985074626866,0,1,0,0,1,0,0,0,0,0,0,1
8565-HBFNN,0,0,1,0,69,1,Yes,Yes,Yes,Yes,Yes,No,Yes,1,107.2,7317.1,0,106.0449275362319,1,0,1,0,1,0,0,0,0,0,0,1
2000-DHJUY,1,1,1,0,70,1,Yes,Yes,Yes,Yes,Yes,Yes,Yes,1,92.2,6474.45,0,92.49214285714285,0,1,0,0,0,0,0,0,0,0,0,1
0203-HHYIJ,0,0,0,0,25,1,Yes,No internet service,No internet service,No internet service,No internet service,No internet service,No internet service,0,25.3,676.35,1,27.054000000000002,1,0,0,1,0,0,0,0,1,0,0,0
8670-ERCJH,0,0,0,0,72,1,Yes,Yes,Yes,Yes,Yes,Yes,Yes,0,113.4,8164.1,0,113.39027777777778,0,1,1,0,0,0,0,0,0,0,0,1
7758-UJWYS,0,0,1,1,34,0,No phone service,No,No,No,Yes,Yes,No,1,40.55,1325.85,0,38.995588235294115,0,1,0,0,0,1,0,0,1,0,0,0
2050-ONYDQ,1,0,1,1,65,1,Yes,No internet service,No internet service,No internet service,No internet service,No internet service,No internet service,0,26.0,1654.85,0,25.459230769230768,0,1,0,1,1,0,0,0,0,0,0,1
7055-JCGNI,1,0,0,0,70,1,Yes,Yes,Yes,Yes,Yes,Yes,Yes,1,111.95,7795.95,0,111.37071428571429,0,1,1,0,1,0,0,0,0,0,0,1
0739-UUAJR,1,0,1,1,72,0,No phone service,Yes,No,Yes,No,Yes,Yes,1,53.8,3952.45,0,54.89513888888889,0,1,0,0,1,0,0,0,0,0,0,1
4826-DXMUP,0,0,0,1,35,1,No,No,No,No,Yes,Yes,Yes,1,72.1,2495.15,0,71.29,1,0,0,0,0,0,1,0,1,0,0,0
0952-KMEEH,0,0,0,0,13,1,Yes,Yes,No,No,No,Yes,Yes,0,98.15,1230.25,1,94.63461538461539,0,0,1,0,0,0,1,1,0,0,0,0
7285-KLOTR,1,0,1,0,12,1,Yes,Yes,No,Yes,No,Yes,Yes,0,78.85,876.75,0,73.0625,1,0,0,0,0,1,0,0,0,0,0,0
0654-PQKDW,1,0,1,1,62,1,No,Yes,No,Yes,Yes,Yes,No,1,70.75,4263.45,0,68.76532258064516,1,0,0,0,0,0,0,0,0,0,0,1
7175-NTIXE,1,0,0,0,25,1,No,Yes,No,No,Yes,Yes,Yes,1,76.15,1992.95,0,79.718,0,0,0,0,1,0,0,0,1,0,0,0
7963-SHNDT,1,0,0,0,52,0,No phone service,Yes,Yes,No,Yes,No,No,0,39.1,1982.1,0,38.11730769230769,0,1,0,0,0,0,1,0,0,0,1,0
9796-BPKIW,0,1,0,0,8,1,No,No,No,No,No,No,No,1,69.95,562.7,0,70.3375,0,0,1,0,1,0,0,0,0,0,0,0
0188-GWFLE,0,0,0,0,2,1,No,No internet service,No internet service,No internet service,No internet service,No internet service,No internet service,0,20.05,33.7,0,16.85,0,0,0,1,0,0,1,0,0,0,0,0
8129-GMVGI,1,0,1,1,56,1,No,No internet service,No internet service,No internet service,No internet service,No internet service,No internet service,0,20.05,1090.1,0,19.46607142857143,0,1,0,1,0,0,1,0,0,0,1,0
2882-DDZPG,1,0,0,0,12,1,No,No internet service,No internet service,No internet service,No internet service,No internet service,No internet service,0,19.45,227.45,0,18.954166666666666,0,0,0,1,0,0,0,0,0,0,0,0
3547-LQRIK,1,0,1,0,47,1,Yes,No internet service,No internet service,No internet service,No internet service,No internet service,No internet service,0,26.9,1250.85,0,26.613829787234042,1,0,0,1,0,1,0,0,0,1,0,0
9137-NOQKA,0,1,0,0,2,1,No,No internet service,No internet service,No internet service,No internet service,No internet service,No internet service,0,19.2,37.2,0,18.6,0,0,0,1,0,1,0,0,0,0,0,0
5843-TTHGI,1,0,0,0,18,1,No,No,No,Yes,No,No,No,1,50.0,892.7,0,49.59444444444445,0,0,0,0,0,0,1,1,0,0,0,0
1849-RJYIG,1,0,0,0,8,1,No,Yes,No,No,No,Yes,No,1,60.0,487.75,0,60.96875,0,0,0,0,0,1,0,0,0,0,0,0
8868-GAGIO,0,0,1,0,45,1,Yes,Yes,No,Yes,No,No,No,1,84.55,3713.95,0,82.53222222222222,0,0,1,0,0,0,1,0,0,1,0,0
4061-UKJWL,0,0,0,0,3,1,No,No,No,No,No,No,No,0,45.45,141.7,0,47.23333333333333,0,0,0,0,0,0,1,0,0,0,0,0
5380-XPJNZ,1,0,0,0,38,1,No,No internet service,No internet service,No internet service,No internet service,No internet service,No internet service,0,20.05,678.2,0,17.847368421052632,1,0,0,1,0,0,1,0,0,1,0,0
8263-QMNTJ,0,0,1,0,72,1,Yes,Yes,Yes,Yes,Yes,Yes,Yes,1,115.55,8425.3,0,117.01805555555555,0,1,1,0,0,1,0,0,0,0,0,1
8178-EYZUO,0,0,0,0,46,1,Yes,Yes,Yes,No,No,No,Yes,1,93.7,4154.8,1,90.32173913043479,0,0,1,0,0,1,0,0,0,1,0,0
3230-JCNZS,1,0,1,1,71,1,Yes,Yes,Yes,Yes,No,Yes,No,1,99.0,7061.65,0,99.45985915492957,0,1,1,0,1,0,0,0,0,0,0,1
0277-ORXQS,0,0,1,1,66,0,No phone service,No,No,No,Yes,Yes,Yes,0,50.55,3364.55,0,50.97803030303031,0,1,0,0,0,0,0,0,0,0,0,1
5130-IEKQT,0,1,0,0,25,1,Yes,No,Yes,Yes,No,Yes,Yes,0,105.95,2655.25,1,106.21,0,0,1,0,0,0,1,0,1,0,0,0
3230-WYKIR,0,0,0,0,18,1,Yes,No,No,Yes,Yes,Yes,Yes,1,82.0,1425.45,1,79.19166666666666,1,0,0,0,1,0,0,1,0,0,0,0
7996-BPXHY,1,0,1,1,13,1,Yes,No internet service,No internet service,No internet service,No internet service,No internet service,No internet service,1,25.0,332.5,0,25.576923076923077,0,1,0,1,0,0,0,1,0,0,0,0
3227-WLKLI,1,0,1,1,65,1,Yes,Yes,Yes,Yes,Yes,Yes,Yes,0,91.55,5963.95,0,91.75307692307692,0,1,0,0,0,0,0,0,0,0,0,1
0407-BDJKB,0,0,1,0,60,1,Yes,No,Yes,Yes,No,Yes,No,1,95.75,5742.9,1,95.71499999999999,0,0,1,0,0,1,0,0,0,0,1,0
2266-FUBDZ,0,0,1,1,15,1,No,No internet service,No internet service,No internet service,No internet service,No internet service,No internet service,0,19.35,278.85,0,18.59,0,1,0,1,0,0,1,1,0,0,0,0
8237-ULIXL,1,0,1,0,72,1,Yes,No internet service,No internet service,No internet service,No internet service,No internet service,No internet service,0,24.85,1871.85,0,25.997916666666665,0,1,0,1,1,0,0,0,0,0,0,1
9600-UDOPK,0,0,1,0,30,1,Yes,No,No,No,No,Yes,Yes,1,94.05,2866.45,1,95.54833333333333,0,0,1,0,1,0,0,0,1,0,0,0
8216-AZUUZ,1,0,1,1,42,1,No,No,No,Yes,Yes,Yes,Yes,1,100.4,4303.65,0,102.46785714285713,0,1,1,0,0,1,0,0,0,1,0,0
9153-BTBVV,1,0,1,0,71,1,Yes,No internet service,No internet service,No internet service,No internet service,No internet service,No internet service,0,25.0,1753.0,0,24.690140845070424,0,1,0,1,0,0,0,0,0,0,0,1
4074-SJFFA,1,0,0,0,1,1,No,No,No,No,No,No,Yes,1,54.75,54.75,1,54.75,0,0,0,0,0,0,1,0,0,0,0,0
3269-ATYWD,0,1,0,0,39,1,Yes,No,No,No,No,Yes,Yes,1,95.65,3759.05,1,96.38589743589743,0,0,1,0,0,0,0,0,0,1,0,0
5186-PEIZU,1,0,0,0,35,1,No,No internet service,No internet service,No internet service,No internet service,No internet service,No internet service,0,19.25,617.65,0,17.647142857142857,0,0,0,1,0,0,0,0,1,0,0,0
1074-AMIOH,1,0,1,1,53,1,No,No,Yes,Yes,Yes,Yes,Yes,1,108.25,5935.1,0,111.98301886792453,0,0,1,0,0,0,0,0,0,0,1,0
4910-GMJOT,1,0,0,0,1,1,Yes,No,No,No,No,Yes,Yes,1,94.6,94.6,1,94.6,0,0,1,0,0,1,0,0,0,0,0,0
0354-WYROK,1,1,1,1,31,1,No,No,No,Yes,Yes,Yes,Yes,1,98.9,2911.3,1,93.91290322580646,0,0,1,0,0,1,0,0,1,0,0,0
4361-FEBGN,0,0,0,0,48,1,No,No internet service,No internet service,No internet service,No internet service,No internet service,No internet service,0,20.15,982.95,0,20.478125000000002,0,1,0,1,1,0,0,0,0,1,0,0
7748-UMTRK,1,1,0,1,30,1,Yes,No,No,No,Yes,Yes,Yes,1,101.3,2974.5,0,99.15,0,0,1,0,0,1,0,0,1,0,0,0
0380-ZCSBI,0,0,0,0,10,1,No,No internet service,No internet service,No internet service,No internet service,No internet service,No internet service,0,20.0,198.7,0,19.869999999999997,0,0,0,1,1,0,0,0,0,0,0,0
7145-FEJWU,1,0,0,1,12,1,Yes,No,Yes,Yes,No,Yes,Yes,1,105.3,1275.65,0,106.30416666666667,0,0,1,0,0,1,0,0,0,0,0,0
6463-MVYRY,1,1,0,0,57,1,No,Yes,No,Yes,Yes,Yes,No,0,69.85,4003.0,0,70.2280701754386,0,1,0,0,0,0,0,0,0,0,1,0
3969-JQABI,1,0,1,0,58,1,No,Yes,Yes,No,No,Yes,No,1,65.25,3791.6,0,65.37241379310345,0,0,0,0,1,0,0,0,0,0,1,0
9624-EGDEQ,1,0,0,0,37,1,No,No internet service,No internet service,No internet service,No internet service,No internet service,No internet service,0,19.8,813.3,0,21.98108108108108,0,1,0,1,0,0,1,0,0,1,0,0
1051-EQPZR,1,0,1,1,44,1,No,No internet service,No internet service,No internet service,No internet service,No internet service,No internet service,0,19.6,780.25,0,17.732954545454547,0,0,0,1,0,0,1,0,0,1,0,0
5849-ASHZJ,0,0,0,1,27,1,No,No internet service,No internet service,No internet service,No internet service,No internet service,No internet service,0,20.05,552.9,0,20.477777777777778,1,0,0,1,1,0,0,0,1,0,0,0
5780-INQIK,1,0,0,0,8,1,No,No,No,No,Yes,No,No,0,49.4,408.25,0,51.03125,0,0,0,0,0,1,0,0,0,0,0,0
7576-OYWBN,0,1,0,0,3,1,Yes,No,No,No,No,No,No,1,76.05,231.8,1,77.26666666666667,0,0,1,0,0,1,0,0,0,0,0,0
4526-ZJJTM,1,1,1,0,25,1,No,No,Yes,Yes,No,No,Yes,0,88.4,2191.15,0,87.646,0,0,1,0,0,0,0,0,1,0,0,0
8384-FZBJK,1,0,1,1,57,1,Yes,No,Yes,No,No,Yes,Yes,1,100.6,5611.7,0,98.45087719298245,0,0,1,0,0,1,0,0,0,0,1,0
3750-RNQKR,1,0,0,0,12,1,No,No internet service,No internet service,No internet service,No internet service,No internet service,No internet service,0,19.45,246.25,0,20.520833333333332,0,0,0,1,0,0,1,0,0,0,0,0
0962-CQPWQ,1,0,1,1,62,1,No,No internet service,No internet service,No internet service,No internet service,No internet service,No internet service,0,20.3,1296.15,0,20.905645161290323,0,1,0,1,0,0,0,0,0,0,0,1
3096-YXENJ,1,0,1,0,65,1,Yes,No,Yes,Yes,Yes,Yes,Yes,1,107.65,7082.85,0,108.96692307692308,0,1,1,0,0,0,0,0,0,0,0,1
1265-BCFEO,1,0,1,0,71,1,Yes,No,No,Yes,Yes,Yes,Yes,1,80.45,5662.25,0,79.75,0,1,0,0,0,0,0,0,0,0,0,1
5837-LXSDN,1,0,1,1,21,1,No,No,Yes,No,No,Yes,No,1,58.85,1215.45,0,57.87857142857143,1,0,0,0,1,0,0,1,0,0,0,0
5945-AZYHT,0,0,1,0,71,1,Yes,Yes,Yes,Yes,No,Yes,Yes,1,109.6,7854.15,0,110.6218309859155,1,0,1,0,0,1,0,0,0,0,0,1
8325-QRPZR,1,0,0,0,7,1,No,No,No,Yes,No,No,No,1,75.15,525.0,0,75.0,0,0,1,0,0,1,0,0,0,0,0,0
6384-VMJHP,1,0,0,0,72,1,No,Yes,Yes,Yes,Yes,No,Yes,1,73.0,5265.2,0,73.12777777777778,0,1,0,0,1,0,0,0,0,0,0,1
2262-SLNVK,1,0,0,0,1,1,No,No,No,No,No,No,No,0,70.1,70.1,0,70.1,0,0,1,0,0,1,0,0,0,0,0,0
7730-CLDSV,1,0,1,1,72,1,Yes,No,Yes,Yes,Yes,No,Yes,1,98.65,7129.45,0,99.02013888888888,0,1,1,0,0,0,0,0,0,0,0,1
1135-HIORI,1,0,1,1,64,1,Yes,No,Yes,Yes,Yes,Yes,Yes,1,111.45,7266.95,0,113.54609375,1,0,1,0,0,1,0,0,0,0,0,1
0164-APGRB,1,0,0,0,72,1,Yes,Yes,Yes,Yes,Yes,Yes,Yes,1,114.9,8496.7,0,118.00972222222224,0,1,1,0,0,1,0,0,0,0,0,1
6481-ESCNL,1,0,0,0,29,1,Yes,No,No,Yes,No,Yes,Yes,0,100.55,2878.75,0,99.26724137931035,0,0,1,0,0,0,0,0,1,0,0,0
1790-NESIO,1,0,0,0,13,1,No,No internet service,No internet service,No internet service,No internet service,No internet service,No internet service,1,20.4,261.3,0,20.1,0,1,0,1,0,0,1,1,0,0,0,0
1550-EENBN,1,0,0,0,31,1,Yes,Yes,Yes,No,No,Yes,Yes,0,104.35,3205.6,0,103.40645161290323,0,0,1,0,0,1,0,0,1,0,0,0
5539-TMZLF,0,1,0,0,1,1,No,No,No,No,No,No,No,1,69.75,69.75,1,69.75,0,0,1,0,0,1,0,0,0,0,0,0
4323-SADQS,0,0,1,1,7,0,No phone service,Yes,No,No,Yes,No,No,1,34.5,279.25,1,39.892857142857146,0,0,0,0,0,1,0,0,0,0,0,0
4446-BZKHU,0,0,1,0,61,1,Yes,No,Yes,Yes,No,Yes,Yes,1,105.55,6281.45,1,102.97459016393442,0,0,1,0,0,1,0,0,0,0,0,1
5202-IVJNU,1,0,0,1,39,0,No phone service,No,No,Yes,No,No,No,0,30.1,1131.3,1,29.007692307692306,0,0,0,0,1,0,0,0,0,1,0,0
5976-JCJRH,0,0,1,0,10,1,No,No,No,No,No,No,No,1,70.3,738.2,1,73.82000000000001,0,0,1,0,0,1,0,0,0,0,0,0
8198-RKSZG,1,0,1,1,14,1,Yes,No,Yes,No,Yes,Yes,Yes,0,80.45,1137.05,0,81.21785714285714,0,0,0,0,1,0,0,1,0,0,0,0
0137-OCGAB,1,0,0,0,1,1,Yes,No,Yes,No,No,No,No,1,80.2,80.2,1,80.2,0,0,1,0,0,0,1,0,0,0,0,0
3351-NQLDI,1,0,1,1,67,1,Yes,Yes,No,No,Yes,No,Yes,1,94.35,6341.45,1,94.64850746268657,1,0,1,0,1,0,0,0,0,0,0,1
9297-EONCV,1,0,0,0,72,1,Yes,Yes,Yes,Yes,Yes,Yes,Yes,1,91.35,6697.2,0,93.01666666666667,0,1,0,0,0,0,0,0,0,0,0,1
7593-JNWRU,0,0,1,1,6,1,No,No,No,No,No,No,No,1,44.6,260.8,1,43.46666666666667,0,0,0,0,0,0,0,0,0,0,0,0
4588-YBNIB,1,0,0,0,1,1,No,No internet service,No internet service,No internet service,No internet service,No internet service,No internet service,1,19.6,19.6,1,19.6,0,0,0,1,0,0,1,0,0,0,0,0
1069-QJOEE,0,0,1,1,25,1,No,No internet service,No internet service,No internet service,No internet service,No internet service,No internet service,0,19.9,505.45,0,20.218,1,0,0,1,0,1,0,0,1,0,0,0
3336-JORSO,1,1,0,0,33,1,Yes,No,Yes,Yes,Yes,Yes,Yes,1,110.45,3655.45,1,110.77121212121212,0,0,1,0,0,1,0,0,1,0,0,0
7799-DSEWS,0,0,0,0,18,1,No,Yes,No,Yes,Yes,Yes,No,1,68.35,1299.8,0,72.21111111111111,0,0,0,0,0,1,0,1,0,0,0,0
8766-PAFNE,0,0,1,0,71,1,No,No,Yes,Yes,Yes,Yes,Yes,1,79.1,5564.85,0,78.3781690140845,0,1,0,0,1,0,0,0,0,0,0,1
5315-CKEQK,0,1,1,1,28,1,Yes,No,No,No,No,No,No,1,51.0,1381.8,0,49.35,1,0,0,0,0,1,0,0,1,0,0,0
3130-ICDUP,1,0,0,1,2,1,Yes,Yes,No,No,No,No,No,0,80.55,188.1,0,94.05,0,0,1,0,1,0,0,0,0,0,0,0
0820-FNRNX,0,0,1,1,17,1,Yes,No,Yes,Yes,Yes,No,No,1,66.7,1077.05,0,63.35588235294117,0,0,0,0,0,0,1,1,0,0,0,0
0880-FVFWF,0,0,0,0,56,1,Yes,Yes,Yes,No,No,No,No,1,86.4,4922.4,0,87.89999999999999,0,0,1,0,0,1,0,0,0,0,1,0
4611-ANLQC,1,0,1,0,60,0,No phone service,Yes,Yes,Yes,No,No,Yes,0,50.05,2911.5,0,48.525,1,0,0,0,0,1,0,0,0,0,1,0
4213-HKBJO,1,0,0,0,33,1,Yes,No internet service,No internet service,No internet service,No internet service,No internet service,No internet service,0,25.7,826.1,0,25.033333333333335,0,1,0,1,1,0,0,0,1,0,0,0
2792-LSHWX,1,0,0,0,1,1,No,Yes,Yes,No,Yes,No,No,1,83.4,83.4,0,83.4,0,0,1,0,0,0,1,0,0,0,0,0
5028-GZLDO,0,0,0,0,2,1,No,No,No,No,No,No,No,0,70.7,140.7,1,70.35,0,0,1,0,1,0,0,0,0,0,0,0
0014-BMAQU,0,0,1,0,63,1,Yes,Yes,No,No,Yes,No,No,1,84.65,5377.8,0,85.36190476190477,0,1,1,0,1,0,0,0,0,0,0,1
6861-XWTWQ,0,1,1,0,7,1,Yes,No,No,Yes,No,Yes,Yes,1,99.25,665.45,1,95.06428571428572,0,0,1,0,0,1,0,0,0,0,0,0
9018-PCIOK,1,0,0,0,55,1,No,No,Yes,Yes,No,No,Yes,1,64.75,3617.1,0,65.76545454545455,0,1,0,0,0,0,1,0,0,0,1,0
4837-QUSFT,1,0,1,0,65,1,Yes,Yes,Yes,No,Yes,Yes,No,1,100.15,6643.5,0,102.20769230769231,1,0,1,0,0,0,0,0,0,0,0,1
6877-TJMBR,0,0,1,0,1,1,No,No,No,No,Yes,Yes,No,1,84.8,84.8,1,84.8,0,0,1,0,0,1,0,0,0,0,0,0
9953-ZMKSM,0,0,0,0,63,1,Yes,No internet service,No internet service,No internet service,No internet service,No internet service,No internet service,0,25.25,1559.3,0,24.75079365079365,0,1,0,1,0,0,1,0,0,0,0,1
0907-HQNTS,1,1,1,0,70,1,Yes,Yes,Yes,Yes,Yes,Yes,Yes,1,113.0,7987.6,0,114.10857142857144,0,1,1,0,1,0,0,0,0,0,0,1
7665-NKLAV,1,0,1,1,36,0,No phone service,Yes,No,Yes,Yes,No,No,0,40.65,1547.35,0,42.981944444444444,0,1,0,0,1,0,0,0,1,0,0,0
6769-DCQLI,0,0,0,0,52,1,No,No,Yes,Yes,Yes,Yes,Yes,1,105.0,5426.85,1,104.36250000000001,1,0,1,0,0,0,0,0,0,0,1,0
2433-KMEAS,0,0,0,0,22,1,Yes,Yes,No,No,No,No,No,1,54.45,1127.35,1,51.24318181818182,0,0,0,0,0,1,0,1,0,0,0,0
4391-LNRXK,0,0,0,0,22,1,No,No,Yes,Yes,Yes,No,Yes,1,94.95,2142.8,0,97.4,0,0,1,0,0,0,0,1,0,0,0,0
8250-ZNGGW,1,1,0,0,5,1,No,Yes,Yes,No,Yes,No,No,0,59.9,287.85,0,57.57000000000001,0,0,0,0,1,0,0,0,0,0,0,0
2195-ZRVAX,1,0,1,0,47,1,No,No,No,Yes,No,No,Yes,1,85.3,4045.65,1,86.07765957446809,0,0,1,0,0,1,0,0,0,1,0,0
3550-SAHFP,1,0,0,0,33,1,Yes,No,No,No,No,No,Yes,1,83.35,2757.85,1,83.57121212121211,0,0,1,0,0,1,0,0,1,0,0,0
2011-TRQYE,0,0,0,0,18,0,No phone service,No,Yes,Yes,No,No,No,1,33.5,600.0,1,33.333333333333336,0,0,0,0,1,0,0,1,0,0,0,0
8562-GHPPI,1,0,0,0,1,1,No,No internet service,No internet service,No internet service,No internet service,No internet service,No internet service,0,19.8,19.8,0,19.8,0,0,0,1,1,0,0,0,0,0,0,0
5893-PYOLZ,0,0,0,0,56,1,No,No,Yes,Yes,Yes,Yes,Yes,1,81.8,4534.45,0,80.97232142857142,0,1,0,0,1,0,0,0,0,0,1,0
4986-MXSFP,1,0,0,0,2,1,No,No internet service,No internet service,No internet service,No internet service,No internet service,No internet service,1,20.0,40.9,0,20.45,0,0,0,1,0,0,1,0,0,0,0,0
6131-FOYAS,0,0,0,0,35,1,Yes,Yes,No,Yes,No,No,No,1,59.6,2094.9,0,59.854285714285716,0,0,0,0,0,1,0,0,1,0,0,0
3027-YNWZU,1,0,1,0,64,1,Yes,No internet service,No internet service,No internet service,No internet service,No internet service,No internet service,0,25.0,1584.8,0,24.7625,0,1,0,1,1,0,0,0,0,0,0,1
5609-IMCGG,1,0,0,0,15,1,Yes,Yes,No,Yes,No,No,No,1,84.35,1302.65,0,86.84333333333333,0,0,1,0,1,0,0,1,0,0,0,0
4873-ILOLJ,0,0,0,0,24,1,No,No,No,No,No,Yes,Yes,1,90.35,2238.5,1,93.27083333333333,0,0,1,0,0,1,0,1,0,0,0,0
4727-MCYZG,0,0,0,0,1,1,No,No,No,No,No,No,Yes,0,55.55,55.55,0,55.55,0,0,0,0,0,0,1,0,0,0,0,0
9481-WHGWY,1,0,1,1,70,1,No,Yes,No,No,Yes,Yes,Yes,0,75.35,5437.75,0,77.68214285714286,0,1,0,0,1,0,0,0,0,0,0,1
2725-KXXWT,0,0,1,0,1,1,No,No,No,No,No,Yes,Yes,1,90.75,90.75,1,90.75,0,0,1,0,0,1,0,0,0,0,0,0
9565-DJPIB,1,0,0,1,4,1,Yes,No,Yes,No,No,Yes,No,0,89.6,365.65,1,91.4125,0,0,1,0,0,0,1,0,0,0,0,0
4328-VUFWD,1,0,0,0,39,1,No,No,No,No,Yes,No,Yes,0,59.3,2209.15,0,56.6448717948718,1,0,0,0,0,1,0,0,0,1,0,0
3301-LSLWQ,1,0,0,0,29,1,Yes,Yes,No,No,No,No,Yes,1,66.1,1912.15,0,65.93620689655172,0,0,0,0,0,1,0,0,1,0,0,0
7473-ZBDSN,1,0,1,1,14,1,No,No internet service,No internet service,No internet service,No internet service,No internet service,No internet service,0,18.8,255.55,0,18.25357142857143,0,1,0,1,0,0,1,1,0,0,0,0
3166-PNEOF,1,0,0,0,61,1,Yes,Yes,No,Yes,Yes,Yes,Yes,0,86.45,5175.3,0,84.84098360655739,0,1,0,0,1,0,0,0,0,0,0,1
5639-NTUPK,0,0,0,1,13,1,No,Yes,No,No,No,No,No,1,52.1,670.65,0,51.58846153846154,0,0,0,0,1,0,0,1,0,0,0,0
8780-YRMTT,1,0,0,0,66,0,No phone service,Yes,Yes,Yes,Yes,No,No,1,47.4,3177.25,0,48.140151515151516,0,1,0,0,0,0,1,0,0,0,0,1
8348-HFYIV,0,0,0,0,2,0,No phone service,No,No,Yes,No,Yes,Yes,1,49.25,90.35,1,45.175,0,0,0,0,0,1,0,0,0,0,0,0
5140-FOMCQ,1,0,1,0,59,1,Yes,Yes,Yes,Yes,No,Yes,Yes,1,109.15,6557.75,0,111.14830508474576,1,0,1,0,1,0,0,0,0,0,1,0
6242-SGYTS,0,0,1,1,62,1,Yes,Yes,Yes,No,No,Yes,No,1,94.95,5791.85,0,93.41693548387097,1,0,1,0,1,0,0,0,0,0,0,1
8166-ORCHU,0,1,1,0,33,1,No,Yes,Yes,No,Yes,No,Yes,1,93.55,3055.5,0,92.5909090909091,1,0,1,0,0,1,0,0,1,0,0,0
8414-OOEEL,0,0,0,1,66,1,No,No,Yes,Yes,Yes,Yes,Yes,1,79.5,5196.1,0,78.72878787878788,0,1,0,0,1,0,0,0,0,0,0,1
8454-AATJP,1,0,0,0,72,1,Yes,Yes,Yes,Yes,Yes,Yes,Yes,0,115.05,8405.0,0,116.73611111111111,0,1,1,0,1,0,0,0,0,0,0,1
6849-WLEYG,0,0,0,1,1,1,No,No internet service,No internet service,No internet service,No internet service,No internet service,No internet service,0,19.75,19.75,1,19.75,0,0,0,1,0,0,1,0,0,0,0,0
4659-NZRUF,1,0,0,0,19,1,Yes,Yes,Yes,No,No,No,Yes,1,95.15,1789.25,1,94.17105263157895,0,0,1,0,0,1,0,1,0,0,0,0
4531-AUZNK,1,0,1,1,51,1,Yes,Yes,No,No,Yes,Yes,No,1,95.15,5000.05,0,98.04019607843138,1,0,1,0,0,0,1,0,0,0,1,0
4191-XOVOM,0,0,0,0,63,1,Yes,No,Yes,No,Yes,Yes,Yes,0,105.4,6713.2,0,106.55873015873016,0,0,1,0,0,1,0,0,0,0,0,1
2150-OEGBV,0,0,0,0,27,1,No,No internet service,No internet service,No internet service,No internet service,No internet service,No internet service,0,20.1,562.6,0,20.83703703703704,1,0,0,1,0,0,0,0,1,0,0,0
8429-XIBUM,0,0,0,0,22,1,Yes,Yes,No,No,No,Yes,Yes,1,101.35,2317.1,1,105.32272727272726,0,0,1,0,0,0,0,1,0,0,0,0
1855-CFULU,1,1,0,0,4,1,No,No internet service,No internet service,No internet service,No internet service,No internet service,No internet service,0,20.05,91.45,0,22.8625,0,0,0,1,0,0,1,0,0,0,0,0
4878-BUNFV,0,0,1,1,42,1,No,No internet service,No internet service,No internet service,No internet service,No internet service,No internet service,0,20.7,828.85,0,19.73452380952381,0,1,0,1,0,0,1,0,0,1,0,0
1872-EBWSC,1,0,0,0,29,1,No,No internet service,No internet service,No internet service,No internet service,No internet service,No internet service,0,20.35,617.35,0,21.28793103448276,1,0,0,1,0,0,1,0,1,0,0,0
2608-BHKFN,1,0,0,0,4,1,No,No,No,No,No,No,No,1,70.05,266.9,1,66.725,0,0,1,0,1,0,0,0,0,0,0,0
7026-YMSBE,0,0,0,0,30,1,No,No internet service,No internet service,No internet service,No internet service,No internet service,No internet service,0,19.7,625.05,0,20.834999999999997,1,0,0,1,0,0,1,0,1,0,0,0
7341-LXCAF,0,0,1,0,4,1,Yes,No,No,No,No,No,No,1,74.65,301.4,1,75.35,0,0,1,0,0,1,0,0,0,0,0,0
6997-UVGOX,0,0,1,1,71,1,No,Yes,Yes,Yes,Yes,Yes,Yes,0,85.45,6029.9,0,84.9281690140845,0,1,0,0,0,0,0,0,0,0,0,1
9674-EHPPG,0,0,1,0,46,0,No phone service,Yes,No,Yes,Yes,No,No,0,40.4,1842.7,0,40.05869565217392,0,1,0,0,1,0,0,0,0,1,0,0
9462-MJUAW,0,0,0,0,4,1,Yes,No,No,No,No,No,No,0,50.4,206.6,1,51.65,0,0,0,0,0,0,1,0,0,0,0,0
8128-YVJRG,1,0,0,0,7,1,Yes,Yes,No,No,No,No,No,1,79.65,604.7,1,86.38571428571429,0,0,1,0,0,0,1,0,0,0,0,0
5440-VHLUL,0,0,0,0,69,1,Yes,No,Yes,No,Yes,Yes,Yes,1,105.2,7386.05,0,107.04420289855072,1,0,1,0,0,0,0,0,0,0,0,1
5781-BKHOP,1,0,1,0,72,1,Yes,Yes,Yes,Yes,No,Yes,No,0,100.65,7334.05,0,101.86180555555556,0,1,1,0,0,0,0,0,0,0,0,1
4283-FUTGF,0,1,0,0,19,1,Yes,No,No,Yes,No,No,No,1,79.85,1471.75,1,77.46052631578948,0,0,1,0,0,1,0,1,0,0,0,0
5213-TWWJU,0,0,0,0,28,1,No,No,No,Yes,Yes,No,Yes,0,91.0,2626.15,0,93.79107142857143,0,0,1,0,0,1,0,0,1,0,0,0
1569-TTNYJ,0,0,1,0,5,1,Yes,No,Yes,No,No,No,No,1,78.75,412.1,1,82.42,0,0,1,0,0,1,0,0,0,0,0,0
8628-MFKAX,1,1,1,0,72,1,Yes,Yes,Yes,Yes,Yes,Yes,Yes,1,116.75,8277.05,0,114.95902777777776,0,1,1,0,1,0,0,0,0,0,0,1
2397-BRLOM,0,1,1,1,8,1,No,No,No,No,No,Yes,No,1,80.45,583.45,1,72.93125,0,0,1,0,1,0,0,0,0,0,0,0
7629-WIXZF,1,0,0,0,7,1,No,Yes,No,No,No,No,Yes,1,59.1,369.25,0,52.75,1,0,0,0,0,1,0,0,0,0,0,0
5445-GLVOT,1,0,0,0,22,1,No,Yes,No,No,No,No,No,1,49.8,1049.05,0,47.684090909090905,0,0,0,0,0,1,0,1,0,0,0,0
3976-HXHCE,0,0,0,0,72,1,No,No internet service,No internet service,No internet service,No internet service,No internet service,No internet service,0,19.3,1414.8,0,19.65,0,1,0,1,0,0,0,0,0,0,0,1
2466-NEJOJ,0,0,1,1,8,1,No,No internet service,No internet service,No internet service,No internet service,No internet service,No internet service,0,19.65,169.75,0,21.21875,0,0,0,1,1,0,0,0,0,0,0,0
0254-KCJGT,0,0,1,0,52,1,Yes,Yes,Yes,Yes,Yes,No,Yes,1,81.4,4354.45,0,83.73942307692307,1,0,0,0,1,0,0,0,0,0,1,0
5472-CVMDX,1,0,0,0,68,0,No phone service,Yes,No,Yes,Yes,No,No,0,38.9,2719.2,0,39.98823529411764,0,1,0,0,0,0,1,0,0,0,0,1
6461-SZMCV,1,0,1,0,71,1,Yes,Yes,Yes,Yes,Yes,Yes,Yes,0,87.95,6365.35,0,89.65281690140846,0,1,0,0,0,0,0,0,0,0,0,1
8150-QUDFX,0,0,0,0,2,1,No,No internet service,No internet service,No internet service,No internet service,No internet service,No internet service,0,19.85,51.6,0,25.8,0,0,0,1,0,0,1,0,0,0,0,0
9508-ILZDG,1,1,0,0,34,1,Yes,No,Yes,No,Yes,Yes,No,1,96.35,3190.25,0,93.83088235294117,0,0,1,0,0,1,0,0,1,0,0,0
2346-DJQTB,1,0,0,0,35,0,No phone service,No,No,No,No,No,No,0,24.15,812.5,0,23.214285714285715,0,0,0,0,0,1,0,0,1,0,0,0
1697-LYYYX,1,0,1,1,61,1,No,No internet service,No internet service,No internet service,No internet service,No internet service,No internet service,0,19.1,1143.8,0,18.750819672131147,1,0,0,1,1,0,0,0,0,0,0,1
1942-OQFRW,0,0,0,0,1,1,No,No,No,No,No,No,No,0,44.0,44.0,0,44.0,0,0,0,0,0,1,0,0,0,0,0,0
4749-VFKVB,1,0,0,0,1,1,Yes,No,No,No,No,No,No,1,50.1,50.1,1,50.1,0,0,0,0,0,0,1,0,0,0,0,0
9640-ZSLDC,1,0,1,1,53,1,No,No,No,Yes,No,No,Yes,0,60.6,3297.0,0,62.20754716981132,1,0,0,0,1,0,0,0,0,0,1,0
4231-LZUYM,1,0,1,0,72,1,Yes,No internet service,No internet service,No internet service,No internet service,No internet service,No internet service,0,25.65,1887.0,0,26.208333333333332,0,1,0,1,0,0,0,0,0,0,0,1
7598-UAASY,0,0,1,0,2,1,No,No,No,Yes,No,No,No,0,76.4,151.8,1,75.9,0,0,1,0,0,1,0,0,0,0,0,0
7938-OUHIO,0,0,0,0,3,1,No,No,No,Yes,Yes,Yes,Yes,1,98.7,293.65,1,97.88333333333333,0,0,1,0,0,1,0,0,0,0,0,0
8510-AWCXC,1,1,0,0,13,1,Yes,Yes,No,No,No,Yes,Yes,1,100.8,1308.1,1,100.62307692307692,0,0,1,0,0,1,0,1,0,0,0,0
6128-AQBMT,0,1,1,0,41,0,No phone service,No,Yes,Yes,No,Yes,Yes,1,53.95,2215.4,0,54.03414634146342,0,0,0,0,0,1,0,0,0,1,0,0
3594-BDSOA,1,0,1,0,24,1,No,No internet service,No internet service,No internet service,No internet service,No internet service,No internet service,0,20.4,482.8,0,20.116666666666667,1,0,0,1,1,0,0,1,0,0,0,0
0431-APWVY,1,0,1,1,28,1,No,No,No,No,No,Yes,Yes,1,90.1,2598.95,1,92.81964285714285,1,0,1,0,0,0,0,0,1,0,0,0
5133-VRSAB,0,0,0,0,8,0,No phone service,Yes,No,No,No,No,No,0,29.35,216.45,0,27.05625,0,0,0,0,0,0,1,0,0,0,0,0
5996-DAOQL,0,0,0,0,1,1,No,No internet service,No internet service,No internet service,No internet service,No internet service,No internet service,1,20.45,20.45,0,20.45,0,0,0,1,0,0,1,0,0,0,0,0
6838-YAUVY,1,0,0,0,54,1,Yes,No,No,Yes,Yes,No,Yes,1,95.1,5064.85,0,93.79351851851852,0,1,1,0,0,0,0,0,0,0,1,0
0484-JPBRU,0,0,0,0,41,1,Yes,No internet service,No internet service,No internet service,No internet service,No internet service,No internet service,1,25.25,996.45,0,24.303658536585367,0,0,0,1,0,0,0,0,0,1,0,0
7883-ROJOC,1,0,1,0,19,1,No,No,No,No,No,No,No,0,44.9,839.65,0,44.19210526315789,0,0,0,0,0,0,1,1,0,0,0,0
0244-LGNFY,1,0,1,1,72,1,Yes,Yes,Yes,Yes,Yes,Yes,Yes,0,92.65,6733.0,0,93.51388888888889,0,1,0,0,0,0,0,0,0,0,0,1
7274-CGTOD,0,0,0,0,62,0,No phone service,Yes,Yes,Yes,Yes,No,No,1,43.7,2618.3,0,42.230645161290326,0,1,0,0,0,0,0,0,0,0,0,1
4295-YURET,1,1,1,1,56,1,No,Yes,No,No,Yes,Yes,Yes,1,72.6,4084.35,0,72.93482142857142,0,1,0,0,1,0,0,0,0,0,1,0
3426-NIYYL,0,0,0,0,15,1,Yes,No,No,No,No,No,No,0,51.55,765.5,1,51.03333333333333,0,0,0,0,0,1,0,1,0,0,0,0
8225-BTJAU,0,1,0,0,10,1,No,No,No,No,No,No,Yes,1,79.25,793.55,1,79.35499999999999,0,0,1,0,0,1,0,0,0,0,0,0
4635-EJYPD,0,0,1,1,32,1,No,No internet service,No internet service,No internet service,No internet service,No internet service,No internet service,0,18.95,613.95,0,19.1859375,0,1,0,1,0,0,1,0,1,0,0,0
1866-ZSLJM,0,0,0,0,21,1,No,No internet service,No internet service,No internet service,No internet service,No internet service,No internet service,0,20.5,402.85,0,19.183333333333334,0,0,0,1,1,0,0,1,0,0,0,0
4636-TVXVG,0,0,1,1,62,1,No,No internet service,No internet service,No internet service,No internet service,No internet service,No internet service,0,19.95,1244.8,0,20.07741935483871,1,0,0,1,0,0,0,0,0,0,0,1
4236-UJPWO,1,0,0,0,2,0,No phone service,No,No,No,No,No,No,0,24.5,46.4,0,23.2,0,0,0,0,0,1,0,0,0,0,0,0
9392-XBGTD,0,0,0,1,27,1,No,No internet service,No internet service,No internet service,No internet service,No internet service,No internet service,0,20.6,581.85,0,21.55,0,1,0,1,0,0,1,0,1,0,0,0
3387-VATUS,0,0,0,0,5,1,Yes,No,No,No,No,Yes,Yes,1,94.85,462.8,1,92.56,0,0,1,0,0,0,0,0,0,0,0,0
6402-SSEJG,1,0,0,0,25,0,No phone service,Yes,Yes,Yes,No,Yes,Yes,0,61.05,1540.2,0,61.608000000000004,1,0,0,0,0,1,0,0,1,0,0,0
1143-NMNQJ,1,0,0,0,2,1,Yes,No,No,No,No,No,Yes,1,85.7,169.8,1,84.9,0,0,1,0,0,1,0,0,0,0,0,0
1169-SAOCL,0,0,0,0,49,1,Yes,No,Yes,No,Yes,Yes,Yes,1,106.65,5168.1,0,105.47142857142858,1,0,1,0,0,0,0,0,0,0,1,0
1110-KYLGQ,1,0,0,0,63,1,Yes,Yes,Yes,Yes,No,Yes,Yes,0,108.25,6780.1,0,107.62063492063493,0,0,1,0,1,0,0,0,0,0,0,1
9929-PLVPA,1,0,0,1,4,1,No,No internet service,No internet service,No internet service,No internet service,No internet service,No internet service,0,20.4,94.5,0,23.625,0,0,0,1,1,0,0,0,0,0,0,0
3518-PZXZQ,1,0,1,0,1,1,No,No,No,No,No,Yes,No,1,55.3,55.3,0,55.3,0,0,0,0,0,0,1,0,0,0,0,0
2371-JUNGC,0,0,0,0,11,1,No,No internet service,No internet service,No internet service,No internet service,No internet service,No internet service,0,20.25,208.0,0,18.90909090909091,0,0,0,1,0,0,1,0,0,0,0,0
7693-QPEFS,0,1,0,0,52,1,Yes,No,No,No,No,No,No,1,72.95,3829.75,0,73.64903846153847,0,0,1,0,0,0,0,0,0,0,1,0
0924-BJCRC,1,1,1,0,60,1,Yes,No,Yes,No,No,No,Yes,0,89.45,5294.6,0,88.24333333333334,0,0,1,0,0,1,0,0,0,0,1,0
5074-FBGHB,0,0,0,0,64,1,Yes,No,No,Yes,Yes,Yes,Yes,1,104.65,6889.8,0,107.653125,1,0,1,0,1,0,0,0,0,0,0,1
2351-BKRZW,1,0,1,1,43,1,No,Yes,No,Yes,No,Yes,Yes,0,75.2,3254.35,0,75.68255813953488,0,1,0,0,0,0,0,0,0,1,0,0
4455-BFSPD,1,0,1,0,61,1,Yes,No,No,No,Yes,Yes,Yes,0,101.15,6383.9,0,104.65409836065574,1,0,1,0,0,0,0,0,0,0,0,1
0415-MOSGF,1,0,0,0,1,1,No,No,No,No,No,No,No,0,44.4,44.4,1,44.4,0,0,0,0,0,0,1,0,0,0,0,0
1724-BQUHA,0,1,0,0,5,1,No,No,No,No,No,Yes,Yes,1,89.5,477.7,1,95.53999999999999,0,0,1,0,0,1,0,0,0,0,0,0
3948-KXDUF,0,0,0,0,66,1,Yes,Yes,Yes,Yes,Yes,No,No,0,68.75,4447.55,0,67.38712121212122,0,1,0,0,0,0,0,0,0,0,0,1
2323-ARSVR,0,0,1,0,67,1,No,Yes,Yes,Yes,Yes,Yes,Yes,1,111.05,7321.05,0,109.26940298507463,0,1,1,0,0,1,0,0,0,0,0,1
0815-MFZGM,1,0,1,0,42,1,No,No,No,Yes,Yes,Yes,Yes,1,99.0,4135.0,0,98.45238095238095,0,1,1,0,1,0,0,0,0,1,0,0
4826-XTSOH,0,1,1,0,1,1,Yes,No,No,No,No,Yes,No,1,86.05,86.05,1,86.05,0,0,1,0,0,1,0,0,0,0,0,0
5480-XTFFL,1,0,1,1,31,1,No,No internet service,No internet service,No internet service,No internet service,No internet service,No internet service,0,21.0,697.7,0,22.506451612903227,0,1,0,1,0,0,1,0,1,0,0,0
8295-FHIVV,0,0,0,0,7,1,No,No internet service,No internet service,No internet service,No internet service,No internet service,No internet service,1,19.4,168.65,0,24.092857142857145,0,0,0,1,0,0,1,0,0,0,0,0
2495-INZWQ,0,0,0,0,4,0,No phone service,No,No,No,No,Yes,Yes,1,44.55,174.3,1,43.575,0,0,0,0,0,1,0,0,0,0,0,0
9086-YJYXS,0,0,1,1,34,1,Yes,No,No,Yes,No,Yes,Yes,0,77.2,2753.8,0,80.99411764705883,1,0,0,0,0,0,0,0,1,0,0,0
1179-INLAT,0,0,0,0,3,1,No,No internet service,No internet service,No internet service,No internet service,No internet service,No internet service,1,19.45,69.25,0,23.083333333333332,1,0,0,1,0,0,1,0,0,0,0,0
7909-FIOIY,1,0,1,1,19,0,No phone service,No,No,No,No,No,No,1,24.85,434.8,0,22.88421052631579,0,0,0,0,0,0,1,1,0,0,0,0
4139-SUGLD,0,0,1,1,31,0,No phone service,Yes,No,No,Yes,No,No,0,35.4,1077.5,1,34.75806451612903,0,0,0,0,0,0,0,0,1,0,0,0
6857-VWJDT,1,0,0,0,1,1,Yes,No,No,No,No,Yes,Yes,0,95.65,95.65,1,95.65,0,0,1,0,0,0,1,0,0,0,0,0
6351-SCJKT,0,0,0,0,3,0,No phone service,Yes,No,Yes,Yes,No,No,0,41.35,107.25,0,35.75,0,0,0,0,0,0,1,0,0,0,0,0
5468-BPMMO,0,0,1,0,46,1,No,No internet service,No internet service,No internet service,No internet service,No internet service,No internet service,0,19.6,851.2,0,18.504347826086956,0,0,0,1,0,1,0,0,0,1,0,0
5624-BQSSA,1,0,0,0,1,1,No,No internet service,No internet service,No internet service,No internet service,No internet service,No internet service,0,20.95,20.95,1,20.95,0,0,0,1,0,0,1,0,0,0,0,0
0197-PNKNK,1,0,1,1,69,1,Yes,Yes,No,Yes,No,No,No,0,84.45,5848.6,0,84.76231884057971,1,0,1,0,0,0,0,0,0,0,0,1
2439-QKJUL,0,0,0,0,5,1,No,No internet service,No internet service,No internet service,No internet service,No internet service,No internet service,0,20.25,109.8,0,21.96,0,0,0,1,0,0,1,0,0,0,0,0
1194-SPVSP,0,0,0,0,1,1,No,No internet service,No internet service,No internet service,No internet service,No internet service,No internet service,0,19.65,19.65,0,19.65,0,0,0,1,0,0,0,0,0,0,0,0
9534-NSXEM,0,0,0,0,26,1,No,No internet service,No internet service,No internet service,No internet service,No internet service,No internet service,1,20.65,595.5,0,22.903846153846153,1,0,0,1,1,0,0,0,1,0,0,0
2408-WITXK,1,1,0,0,10,0,No phone service,No,No,No,No,No,Yes,1,34.7,329.8,1,32.980000000000004,0,0,0,0,0,1,0,0,0,0,0,0
8929-KSWIH,0,0,0,0,25,1,No,No,No,Yes,Yes,Yes,Yes,0,99.3,2513.5,0,100.54,0,1,1,0,0,0,0,0,1,0,0,0
2250-IVBWA,0,0,1,1,64,1,No,Yes,Yes,No,No,No,No,0,81.05,5135.35,0,80.23984375,0,0,1,0,0,1,0,0,0,0,0,1
1810-MVMAI,0,0,1,1,30,1,Yes,Yes,Yes,Yes,Yes,No,No,0,67.6,2000.2,0,66.67333333333333,0,0,0,0,0,1,0,0,1,0,0,0
9506-UXUSK,0,0,0,0,13,1,No,No,No,No,No,No,No,1,70.15,931.75,0,71.67307692307692,0,0,1,0,0,1,0,1,0,0,0,0
1229-RCALF,1,0,1,0,64,1,Yes,Yes,Yes,Yes,Yes,Yes,Yes,1,115.0,7396.15,0,115.56484375,1,0,1,0,0,1,0,0,0,0,0,1
3572-UOLYZ,1,0,0,1,46,1,Yes,No,No,Yes,Yes,No,No,1,84.8,3958.85,0,86.06195652173913,0,0,1,0,0,0,0,0,0,1,0,0
1429-UYJSV,1,0,0,0,12,1,No,No internet service,No internet service,No internet service,No internet service,No internet service,No internet service,0,19.7,260.9,0,21.741666666666664,1,0,0,1,0,0,1,0,0,0,0,0
5577-OTWWW,1,0,0,0,15,1,No,No internet service,No internet service,No internet service,No internet service,No internet service,No internet service,0,19.75,297.3,1,19.82,0,0,0,1,0,0,0,1,0,0,0,0
6100-QQHEB,0,0,1,1,17,1,Yes,No,No,No,No,Yes,Yes,1,92.55,1515.1,1,89.12352941176471,0,0,1,0,0,1,0,1,0,0,0,0
6366-XIVKZ,1,0,1,1,13,1,No,Yes,No,Yes,No,No,Yes,1,63.15,816.8,0,62.83076923076923,0,0,0,0,0,0,1,1,0,0,0,0
3470-OBUET,1,0,1,1,67,1,Yes,Yes,Yes,No,Yes,Yes,No,0,74.0,4868.4,0,72.66268656716417,0,1,0,0,1,0,0,0,0,0,0,1
2770-NSVDG,0,0,1,0,24,0,No phone service,No,No,Yes,No,No,No,0,29.1,688.0,0,28.666666666666668,0,0,0,0,0,1,0,1,0,0,0,0
9375-MHRRS,0,0,0,0,6,1,No,No,No,No,Yes,No,No,0,50.05,288.35,0,48.05833333333334,0,0,0,0,0,0,1,0,0,0,0,0
2634-HCZGT,0,1,1,0,53,1,Yes,Yes,No,No,Yes,No,No,1,60.05,3229.65,1,60.93679245283019,1,0,0,0,0,1,0,0,0,0,1,0
7503-QQRVF,0,1,1,0,16,1,No,No,Yes,No,No,No,No,1,74.3,1178.25,1,73.640625,0,0,1,0,1,0,0,1,0,0,0,0
4860-YZGZM,0,0,0,0,10,1,No,No internet service,No internet service,No internet service,No internet service,No internet service,No internet service,0,20.0,185.4,0,18.54,0,0,0,1,0,1,0,0,0,0,0,0
6599-GZWCM,1,0,0,0,13,1,No,No,Yes,No,No,No,No,1,74.65,966.25,0,74.32692307692308,1,0,1,0,0,0,1,1,0,0,0,0
2691-NZETQ,0,0,0,0,9,1,Yes,No,No,No,No,Yes,No,1,85.35,758.6,1,84.28888888888889,0,0,1,0,0,1,0,0,0,0,0,0
4404-HIBDJ,1,0,0,0,25,1,No,Yes,Yes,Yes,Yes,Yes,No,0,74.3,1863.8,1,74.55199999999999,1,0,0,0,0,0,1,0,1,0,0,0
5533-NHFRF,0,1,0,0,7,0,No phone service,No,Yes,No,Yes,No,Yes,1,44.4,265.8,0,37.971428571428575,0,0,0,0,0,1,0,0,0,0,0,0
7037-MTYVW,0,0,1,1,38,1,Yes,Yes,No,Yes,Yes,Yes,Yes,1,85.4,3297.0,0,86.76315789473684,0,1,0,0,0,0,0,0,0,1,0,0
4760-THGOT,1,0,1,0,43,1,Yes,Yes,Yes,No,No,No,Yes,1,94.1,4107.3,0,95.51860465116279,0,0,1,0,0,1,0,0,0,1,0,0
7295-JOMMD,1,0,0,1,4,1,No,No,No,Yes,Yes,Yes,Yes,1,98.1,396.3,1,99.075,0,0,1,0,0,0,0,0,0,0,0,0
4016-BJKTZ,1,0,0,0,25,1,Yes,No,Yes,Yes,Yes,Yes,Yes,0,108.9,2809.05,0,112.36200000000001,0,1,1,0,0,1,0,0,1,0,0,0
6584-VQMYT,0,0,0,1,27,1,No,Yes,Yes,No,No,No,No,0,56.2,1567.55,0,58.0574074074074,1,0,0,0,0,0,1,0,1,0,0,0
9838-BFCQT,0,0,1,1,72,1,Yes,No internet service,No internet service,No internet service,No internet service,No internet service,No internet service,0,26.1,1851.45,0,25.714583333333334,0,1,0,1,0,0,1,0,0,0,0,1
2790-XUYMV,0,0,0,1,71,1,Yes,Yes,Yes,No,No,No,No,1,85.45,6028.95,0,84.91478873239437,1,0,1,0,1,0,0,0,0,0,0,1
0581-MDMPW,1,0,0,0,24,1,Yes,No,No,Yes,No,Yes,No,1,88.95,2072.75,0,86.36458333333333,0,0,1,0,1,0,0,1,0,0,0,0
5013-SBUIH,1,0,0,0,50,1,Yes,Yes,Yes,No,Yes,Yes,Yes,1,109.65,5551.15,1,111.023,0,1,1,0,0,1,0,0,0,0,1,0
1023-BQXZE,0,0,0,0,57,1,No,Yes,No,Yes,No,Yes,Yes,1,74.35,4317.35,0,75.74298245614035,0,1,0,0,0,0,0,0,0,0,1,0
9163-GHAYE,1,0,0,0,15,1,No,No,Yes,No,No,No,No,0,48.85,736.8,0,49.12,0,0,0,0,0,1,0,1,0,0,0,0
3904-UKFRE,0,0,0,0,4,1,Yes,Yes,No,No,No,No,No,1,80.1,336.15,0,84.0375,0,0,1,0,0,1,0,0,0,0,0,0
5353-WILCI,1,0,0,0,28,1,No,Yes,Yes,No,No,No,No,0,56.05,1522.65,0,54.38035714285714,0,0,0,0,0,1,0,0,1,0,0,0
0709-TVGUR,1,1,0,0,9,1,Yes,No,No,No,No,No,No,1,74.55,622.9,1,69.21111111111111,0,0,1,0,0,1,0,0,0,0,0,0
0058-EVZWM,1,0,1,0,55,1,Yes,Yes,No,No,No,Yes,No,1,89.8,4959.6,0,90.17454545454547,0,0,1,0,0,0,0,0,0,0,1,0
6023-YEBUP,0,0,0,0,3,1,Yes,No,No,Yes,No,Yes,Yes,1,100.95,329.95,1,109.98333333333333,0,0,1,0,0,1,0,0,0,0,0,0
7209-JCUDS,0,0,0,0,10,1,No,No,No,Yes,No,Yes,Yes,1,94.9,1048.85,1,104.88499999999999,0,0,1,0,0,1,0,0,0,0,0,0
7009-PCARS,0,0,0,1,55,1,No,No internet service,No internet service,No internet service,No internet service,No internet service,No internet service,0,19.1,1001.5,0,18.20909090909091,1,0,0,1,0,0,0,0,0,0,1,0
0519-DRGTI,1,0,1,1,20,1,No,No internet service,No internet service,No internet service,No internet service,No internet service,No internet service,0,20.35,442.6,0,22.130000000000003,0,0,0,1,0,0,1,1,0,0,0,0
1017-FBQMM,1,0,1,1,62,1,Yes,No,Yes,No,Yes,Yes,Yes,1,106.05,6703.5,0,108.12096774193549,1,0,1,0,1,0,0,0,0,0,0,1
3001-CBHLQ,0,1,1,0,32,1,Yes,No,No,Yes,Yes,Yes,Yes,1,104.9,3351.55,1,104.7359375,0,0,1,0,0,1,0,0,1,0,0,0
1985-MBRYP,1,0,0,0,43,1,No,No internet service,No internet service,No internet service,No internet service,No internet service,No internet service,1,19.65,779.25,0,18.122093023255815,0,1,0,1,0,0,0,0,0,1,0,0
6158-DWPZT,0,0,1,0,9,0,No phone service,No,No,No,No,No,No,0,24.1,259.8,1,28.866666666666667,1,0,0,0,0,0,0,0,0,0,0,0
9372-TXXPS,1,0,1,0,60,1,No,Yes,Yes,No,Yes,No,No,0,59.85,3483.45,0,58.0575,0,1,0,0,0,0,0,0,0,0,1,0
3259-QMXUN,0,0,1,0,58,1,Yes,Yes,Yes,Yes,No,Yes,Yes,1,86.1,4890.5,0,84.31896551724138,0,1,0,0,0,1,0,0,0,0,1,0
1015-JPFYW,0,0,0,1,7,1,No,No internet service,No internet service,No internet service,No internet service,No internet service,No internet service,0,19.45,136.75,0,19.535714285714285,1,0,0,1,0,0,1,0,0,0,0,0
6645-MXQJT,0,0,1,1,2,1,No,Yes,No,No,No,Yes,Yes,0,97.1,184.15,0,92.075,0,0,1,0,0,1,0,0,0,0,0,0
4360-QRAVE,0,1,0,0,37,0,No phone service,No,Yes,Yes,No,No,No,0,36.65,1315.0,0,35.54054054054054,0,0,0,0,0,1,0,0,0,1,0,0
8433-WPJTV,1,1,1,1,65,1,Yes,No,No,Yes,Yes,Yes,Yes,1,103.9,6767.1,0,104.10923076923078,1,0,1,0,0,0,0,0,0,0,0,1
5804-JMYIO,1,0,1,1,39,1,No,No internet service,No internet service,No internet service,No internet service,No internet service,No internet service,0,19.75,757.95,0,19.434615384615388,0,1,0,1,0,0,1,0,0,1,0,0
3763-GCZHZ,0,0,1,0,66,1,Yes,No,Yes,No,Yes,Yes,Yes,1,104.05,6890.0,1,104.39393939393939,1,0,1,0,0,1,0,0,0,0,0,1
6484-LATFU,0,0,0,0,68,1,Yes,No internet service,No internet service,No internet service,No internet service,No internet service,No internet service,0,24.55,1657.4,0,24.373529411764707,0,1,0,1,0,0,1,0,0,0,0,1
7599-NTMDP,1,0,1,1,62,0,No phone service,Yes,Yes,No,Yes,Yes,No,0,48.7,3008.55,0,48.525000000000006,0,1,0,0,0,0,0,0,0,0,0,1
0772-GYEQQ,0,0,0,0,3,1,No,No,No,Yes,Yes,Yes,No,1,88.35,262.05,1,87.35000000000001,0,0,1,0,0,0,1,0,0,0,0,0
0536-ACXIP,1,0,1,0,72,1,Yes,Yes,Yes,Yes,No,Yes,Yes,1,109.55,8165.1,0,113.40416666666667,0,1,1,0,0,1,0,0,0,0,0,1
0936-NQLJU,1,0,1,0,41,1,No,No internet service,No internet service,No internet service,No internet service,No internet service,No internet service,0,20.65,875.55,0,21.35487804878049,0,1,0,1,1,0,0,0,0,1,0,0
4831-EOBFE,0,0,1,1,29,1,No,Yes,No,No,No,Yes,Yes,0,94.65,2649.15,1,91.35000000000001,0,0,1,0,1,0,0,0,1,0,0,0
1575-KRZZE,1,0,0,0,4,1,No,Yes,Yes,No,No,No,No,0,55.2,220.65,0,55.1625,0,0,0,0,0,1,0,0,0,0,0,0
3251-YMVWZ,0,0,0,0,53,1,Yes,No internet service,No internet service,No internet service,No internet service,No internet service,No internet service,0,24.05,1301.9,0,24.56415094339623,1,0,0,1,0,0,0,0,0,0,1,0
4102-OQUPX,0,1,1,0,1,1,Yes,No,No,No,No,No,No,1,74.4,74.4,1,74.4,0,0,1,0,0,1,0,0,0,0,0,0
9170-GYZJC,1,0,1,1,41,1,Yes,Yes,Yes,Yes,Yes,No,Yes,0,79.9,3326.2,1,81.12682926829268,0,0,0,0,1,0,0,0,0,1,0,0
4884-LEVMQ,0,0,1,0,39,1,No,No internet service,No internet service,No internet service,No internet service,No internet service,No internet service,1,20.45,790.0,0,20.256410256410255,0,1,0,1,0,0,0,0,0,1,0,0
8857-CUPFQ,0,0,1,0,63,1,No,No internet service,No internet service,No internet service,No internet service,No internet service,No internet service,0,19.25,1237.65,0,19.645238095238096,0,1,0,1,0,0,1,0,0,0,0,1
7610-TVOPG,0,0,0,0,15,1,Yes,No internet service,No internet service,No internet service,No internet service,No internet service,No internet service,1,26.35,378.6,0,25.240000000000002,0,0,0,1,0,1,0,1,0,0,0,0
3638-DIMPH,1,0,1,0,13,1,No,No,No,No,No,No,No,0,43.8,592.65,0,45.58846153846154,1,0,0,0,0,1,0,1,0,0,0,0
1845-ZLLIG,0,0,0,0,1,1,No,No,Yes,No,No,No,No,1,50.15,50.15,0,50.15,0,0,0,0,0,0,1,0,0,0,0,0
8559-WNQZS,0,0,0,0,1,1,No,No internet service,No internet service,No internet service,No internet service,No internet service,No internet service,0,20.45,20.45,0,20.45,0,1,0,1,0,0,1,0,0,0,0,0
3999-QGRJH,0,1,0,0,8,1,No,No,No,No,No,No,No,1,69.7,560.85,1,70.10625,0,0,1,0,0,1,0,0,0,0,0,0
1699-UOTXU,0,0,0,0,60,1,No,Yes,Yes,Yes,No,No,No,0,61.4,3638.25,0,60.6375,0,1,0,0,0,1,0,0,0,0,1,0
2454-RPBRZ,1,1,1,0,12,1,Yes,No,Yes,Yes,No,Yes,No,1,98.1,1060.2,1,88.35000000000001,0,0,1,0,0,1,0,0,0,0,0,0
0635-WKOLD,0,0,1,0,40,1,Yes,No,Yes,No,Yes,Yes,No,0,70.75,2921.75,0,73.04375,1,0,0,0,1,0,0,0,0,1,0,0
5993-JSUWV,1,0,0,0,66,1,No,Yes,Yes,Yes,No,No,No,1,61.15,4017.45,0,60.87045454545454,0,1,0,0,0,0,0,0,0,0,0,1
4518-FZBSX,0,0,1,1,42,1,No,No internet service,No internet service,No internet service,No internet service,No internet service,No internet service,0,20.25,854.9,0,20.354761904761904,1,0,0,1,0,0,1,0,0,1,0,0
5387-ASZNZ,1,1,0,0,66,1,Yes,Yes,Yes,No,Yes,No,No,1,63.85,4174.35,0,63.247727272727275,1,0,0,0,1,0,0,0,0,0,0,1
6988-CJEYV,0,0,0,0,49,1,Yes,No,Yes,No,No,Yes,Yes,0,98.7,4920.55,0,100.41938775510205,0,0,1,0,0,1,0,0,0,0,1,0
2002-MZHWP,1,0,0,0,1,1,No,No internet service,No internet service,No internet service,No internet service,No internet service,No internet service,0,20.5,20.5,1,20.5,0,0,0,1,0,0,1,0,0,0,0,0
3097-FQTVJ,1,0,0,0,41,1,No,No internet service,No internet service,No internet service,No internet service,No internet service,No internet service,0,20.0,810.3,0,19.76341463414634,0,1,0,1,0,0,1,0,0,1,0,0
5465-BUBFA,1,0,1,1,41,1,No,No internet service,No internet service,No internet service,No internet service,No internet service,No internet service,0,19.3,772.4,0,18.839024390243903,0,1,0,1,0,0,0,0,0,1,0,0
7299-GNVPL,1,0,1,1,23,1,No,Yes,Yes,No,Yes,No,No,0,84.4,1936.85,0,84.2108695652174,0,0,1,0,0,0,1,1,0,0,0,0
9743-DQKQW,0,0,0,0,3,0,No phone service,No,No,No,No,No,No,0,25.1,79.8,0,26.599999999999998,0,0,0,0,0,1,0,0,0,0,0,0
1215-VFYVK,1,0,0,0,4,0,No phone service,Yes,No,Yes,Yes,No,Yes,0,48.25,202.25,0,50.5625,0,0,0,0,0,0,1,0,0,0,0,0
9371-BITHB,1,0,1,1,52,1,No,No internet service,No internet service,No internet service,No internet service,No internet service,No internet service,0,19.85,1070.5,0,20.58653846153846,0,1,0,1,0,0,1,0,0,0,1,0
2265-CYWIV,1,1,1,0,4,1,Yes,Yes,No,No,No,Yes,Yes,1,99.6,347.65,1,86.9125,0,0,1,0,0,1,0,0,0,0,0,0
9093-FPDLG,1,0,0,0,11,1,No,No,Yes,Yes,Yes,No,Yes,1,94.2,999.9,0,90.89999999999999,0,0,1,0,0,1,0,0,0,0,0,0
0541-FITGH,1,0,1,0,2,1,No,Yes,No,No,No,No,Yes,1,62.15,113.1,0,56.55,0,0,0,0,0,0,1,0,0,0,0,0
6985-HAYWX,1,0,1,0,26,1,Yes,No,Yes,No,No,No,No,0,79.3,2015.8,0,77.53076923076922,0,0,1,0,0,0,0,0,1,0,0,0
7508-KBIMB,0,0,1,1,24,1,No,Yes,No,Yes,No,No,No,1,56.25,1454.25,0,60.59375,1,0,0,0,1,0,0,1,0,0,0,0
6838-HVLXG,1,0,0,0,12,1,No,No internet service,No internet service,No internet service,No internet service,No internet service,No internet service,0,20.3,246.7,0,20.558333333333334,0,0,0,1,0,0,1,0,0,0,0,0
2277-DJJDL,0,1,1,0,60,1,Yes,No,No,No,Yes,Yes,Yes,1,99.0,6017.9,0,100.29833333333333,0,0,1,0,0,1,0,0,0,0,1,0
1897-OKVMW,1,0,1,1,64,1,Yes,Yes,Yes,Yes,Yes,Yes,Yes,1,90.6,5817.45,0,90.89765625,0,1,0,0,0,0,1,0,0,0,0,1
5485-ITNPC,0,0,1,0,66,1,No,Yes,Yes,Yes,Yes,Yes,Yes,1,85.9,5595.3,0,84.77727272727273,0,1,0,0,0,0,0,0,0,0,0,1
0233-FTHAV,1,0,0,0,60,1,Yes,No,No,Yes,No,No,No,1,79.2,4765.0,0,79.41666666666667,1,0,1,0,0,0,0,0,0,0,1,0
4644-PIZRT,0,0,1,1,17,1,Yes,Yes,No,Yes,No,Yes,No,1,70.35,1201.65,0,70.68529411764706,1,0,0,0,0,0,0,1,0,0,0,0
8922-NPKBJ,0,0,1,1,42,1,No,No internet service,No internet service,No internet service,No internet service,No internet service,No internet service,0,19.35,867.3,0,20.65,0,1,0,1,0,0,1,0,0,1,0,0
2740-TVLFN,0,0,0,0,1,1,Yes,No,No,No,No,No,No,1,50.15,50.15,0,50.15,0,0,0,0,0,1,0,0,0,0,0,0
7771-CFQRQ,1,0,1,1,47,1,No,No,Yes,No,Yes,No,Yes,0,63.8,3007.25,0,63.984042553191486,0,1,0,0,0,0,0,0,0,1,0,0
9512-PHSMG,1,0,1,0,10,1,No,No internet service,No internet service,No internet service,No internet service,No internet service,No internet service,1,20.55,252.75,0,25.275,0,0,0,1,0,0,1,0,0,0,0,0
6963-EZQEE,0,1,1,0,70,1,Yes,Yes,Yes,Yes,Yes,Yes,Yes,1,88.55,6306.5,0,90.09285714285714,0,1,0,0,1,0,0,0,0,0,0,1
2452-KDRRH,0,1,0,0,67,1,Yes,No,No,Yes,No,Yes,Yes,1,101.4,6841.05,0,102.10522388059702,0,0,1,0,1,0,0,0,0,0,0,1
2004-OCQXK,1,0,0,0,1,1,No,No,No,No,No,No,Yes,1,81.95,81.95,1,81.95,0,0,1,0,0,1,0,0,0,0,0,0
5027-QPKTE,0,0,1,0,7,1,No,No,No,No,No,No,No,1,69.35,451.1,1,64.44285714285715,0,0,1,0,0,1,0,0,0,0,0,0
4146-SVFUD,0,0,0,0,1,1,No,No,No,No,No,No,No,0,44.6,44.6,0,44.6,0,0,0,0,0,0,1,0,0,0,0,0
1564-HJUVY,0,0,0,0,4,1,No,No,Yes,No,Yes,Yes,No,1,63.75,226.2,0,56.55,0,0,0,0,0,0,0,0,0,0,0,0
3617-XLSGQ,1,0,1,1,66,1,Yes,Yes,Yes,Yes,No,Yes,Yes,0,109.25,7082.5,0,107.31060606060606,0,1,1,0,0,0,0,0,0,0,0,1
7517-LDMPS,1,0,0,0,12,1,No,No,Yes,No,No,No,Yes,1,84.6,1017.35,0,84.77916666666667,0,0,1,0,0,1,0,0,0,0,0,0
7244-KXYZN,1,0,0,0,24,1,No,No internet service,No internet service,No internet service,No internet service,No internet service,No internet service,0,20.45,527.35,0,21.972916666666666,1,0,0,1,1,0,0,1,0,0,0,0
5226-NOZFC,0,0,0,0,26,1,No,No,Yes,No,No,Yes,No,1,85.75,2146.5,0,82.5576923076923,0,0,1,0,0,1,0,0,1,0,0,0
2672-HUYVI,1,0,0,0,6,1,No,No,No,No,No,Yes,Yes,1,91.1,455.3,1,75.88333333333334,0,0,1,0,0,1,0,0,0,0,0,0
1400-WIVLL,0,0,1,0,57,1,Yes,No,No,Yes,Yes,Yes,Yes,0,107.95,5969.85,0,104.73421052631579,0,1,1,0,0,1,0,0,0,0,1,0
7508-MYBOG,0,0,1,0,14,1,Yes,No,No,No,No,Yes,No,1,86.1,1235.55,1,88.25357142857142,0,0,1,0,0,1,0,1,0,0,0,0
8148-NLEGT,1,0,1,1,42,1,Yes,No internet service,No internet service,No internet service,No internet service,No internet service,No internet service,0,22.95,1014.25,0,24.148809523809526,0,1,0,1,0,1,0,0,0,1,0,0
0148-DCDOS,0,0,0,0,25,1,Yes,No,No,No,No,Yes,Yes,1,94.7,2362.1,1,94.484,0,0,1,0,0,0,0,0,1,0,0,0
8347-GDTMP,1,0,1,0,64,1,No,No internet service,No internet service,No internet service,No internet service,No internet service,No internet service,0,19.45,1225.65,0,19.15078125,0,1,0,1,1,0,0,0,0,0,0,1
9992-RRAMN,0,0,1,0,22,1,Yes,No,No,No,No,No,Yes,1,85.1,1873.7,1,85.16818181818182,0,0,1,0,0,1,0,1,0,0,0,0
6746-WAUWT,0,0,0,0,19,1,No,No internet service,No internet service,No internet service,No internet service,No internet service,No internet service,1,19.7,386.5,0,20.342105263157894,1,0,0,1,1,0,0,1,0,0,0,0
0310-MVLET,1,0,1,1,61,1,Yes,No,Yes,No,No,Yes,Yes,1,99.15,6010.05,1,98.52540983606558,0,0,1,0,0,1,0,0,0,0,0,1
0428-IKYCP,0,0,1,0,22,1,No,No,No,Yes,No,Yes,No,1,87.0,1850.65,0,84.12045454545455,0,0,1,0,0,0,0,1,0,0,0,0
4550-VBOFE,0,1,1,0,70,1,Yes,No,Yes,Yes,No,Yes,Yes,1,102.95,7101.5,1,101.45,0,0,1,0,0,1,0,0,0,0,0,1
2187-PKZAY,0,0,0,0,12,1,No,No,No,No,No,No,Yes,1,79.95,1043.4,0,86.95,0,0,1,0,0,0,0,0,0,0,0,0
4003-OCTMP,1,0,1,0,31,1,No,Yes,No,No,Yes,No,Yes,1,64.0,1910.75,0,61.63709677419355,1,0,0,0,0,1,0,0,1,0,0,0
6652-YFFJO,1,0,0,0,11,1,No,No,No,No,No,Yes,Yes,1,64.9,716.1,0,65.10000000000001,0,0,0,0,0,1,0,0,0,0,0,0
7225-IILWY,0,0,1,1,68,1,Yes,No internet service,No internet service,No internet service,No internet service,No internet service,No internet service,0,25.75,1686.15,0,24.796323529411765,0,1,0,1,0,0,1,0,0,0,0,1
5248-RPYWW,1,1,1,1,72,1,Yes,Yes,Yes,Yes,Yes,Yes,Yes,1,90.15,6716.45,0,93.28402777777778,0,1,0,0,0,0,0,0,0,0,0,1
7923-IYJWY,0,1,0,0,67,1,Yes,Yes,Yes,Yes,Yes,Yes,Yes,1,116.1,7839.85,0,117.01268656716418,0,1,1,0,1,0,0,0,0,0,0,1
3170-GWYKC,1,0,0,0,60,1,No,Yes,No,Yes,Yes,Yes,Yes,1,104.95,6236.75,0,103.94583333333334,0,0,1,0,0,0,0,0,0,0,1,0
5696-QURRL,0,0,0,0,1,1,No,No,No,No,No,No,No,1,45.05,45.05,1,45.05,0,0,0,0,0,0,1,0,0,0,0,0
7409-KIUTL,1,1,0,1,1,1,No,No,No,No,No,No,No,1,71.0,71.0,1,71.0,0,0,1,0,0,1,0,0,0,0,0,0
9830-ECLEN,0,0,1,1,58,0,No phone service,Yes,Yes,Yes,No,Yes,No,0,50.0,2919.85,0,50.342241379310344,1,0,0,0,0,0,1,0,0,0,1,0
1732-VHUBQ,1,1,1,1,47,1,No,No,No,No,No,No,No,0,70.55,3309.25,1,70.40957446808511,0,0,1,0,0,0,0,0,0,1,0,0
0495-RVCBF,1,0,0,0,1,1,No,No,No,No,No,No,Yes,1,79.7,79.7,1,79.7,0,0,1,0,0,1,0,0,0,0,0,0
2668-TZSPS,0,0,0,0,1,1,No,No internet service,No internet service,No internet service,No internet service,No internet service,No internet service,0,20.45,20.45,0,20.45,0,0,0,1,0,0,1,0,0,0,0,0
7854-EDSSA,0,0,0,0,22,1,Yes,Yes,Yes,No,No,No,No,0,59.0,1254.7,1,57.03181818181818,0,0,0,0,0,1,0,1,0,0,0,0
8869-TORSS,1,0,0,0,48,1,No,Yes,No,Yes,Yes,No,No,1,60.35,2896.4,1,60.34166666666667,1,0,0,0,1,0,0,0,0,1,0,0
7446-SFAOA,1,0,1,0,37,1,No,No internet service,No internet service,No internet service,No internet service,No internet service,No internet service,1,19.85,717.5,0,19.39189189189189,1,0,0,1,0,0,0,0,0,1,0,0
9522-ZSINC,0,0,0,0,13,1,No,No internet service,No internet service,No internet service,No internet service,No internet service,No internet service,1,19.95,253.8,0,19.523076923076925,1,0,0,1,0,1,0,1,0,0,0,0
8234-GSZYK,0,0,0,0,43,1,Yes,No internet service,No internet service,No internet service,No internet service,No internet service,No internet service,0,26.45,1110.05,0,25.815116279069766,0,1,0,1,0,0,0,0,0,1,0,0
6505-OZNPG,1,0,0,0,6,0,No phone service,Yes,Yes,Yes,Yes,Yes,Yes,1,63.4,348.8,0,58.13333333333333,0,1,0,0,0,0,1,0,0,0,0,0
6164-HAQTX,0,0,0,0,71,0,No phone service,Yes,Yes,Yes,Yes,Yes,No,0,53.95,3888.65,0,54.76971830985916,0,1,0,0,0,0,0,0,0,0,0,1
0679-IDSTG,1,1,1,1,1,1,No,No,No,No,No,No,No,1,69.25,69.25,1,69.25,0,0,1,0,0,1,0,0,0,0,0,0
7765-LWVVH,1,0,1,1,72,1,Yes,Yes,Yes,No,No,Yes,No,1,95.1,6843.15,0,95.04374999999999,0,1,1,0,0,1,0,0,0,0,0,1
1658-TJVOA,1,1,0,0,6,1,No,Yes,No,No,No,No,No,1,74.1,450.9,0,75.14999999999999,0,0,1,0,0,1,0,0,0,0,0,0
0953-LGOVU,0,0,1,1,12,0,No phone service,No,Yes,No,Yes,No,No,0,35.5,432.25,0,36.020833333333336,0,0,0,0,0,0,1,0,0,0,0,0
2115-BFTIW,0,0,0,0,25,1,No,No,No,No,No,No,No,0,70.95,1767.35,1,70.694,0,0,1,0,0,0,1,0,1,0,0,0
4692-NNQRU,1,0,1,0,21,1,No,No,No,Yes,Yes,No,No,0,79.2,1742.45,0,82.97380952380952,1,0,1,0,0,1,0,1,0,0,0,0
7742-MYPGI,1,0,1,1,6,1,No,No,No,No,Yes,No,No,1,48.8,297.35,0,49.55833333333334,0,0,0,0,0,0,1,0,0,0,0,0
0611-DFXKO,0,0,1,0,20,1,No,No,No,No,No,Yes,Yes,1,89.0,1820.45,1,91.02250000000001,0,0,1,0,0,0,1,1,0,0,0,0
7780-OTDSO,0,0,1,0,18,1,Yes,Yes,No,No,No,Yes,Yes,1,99.4,1742.95,1,96.83055555555556,0,0,1,0,0,1,0,1,0,0,0,0
9619-GSATL,1,0,0,0,43,1,No,No,Yes,No,Yes,No,No,0,55.45,2444.25,0,56.843023255813954,1,0,0,0,0,1,0,0,0,1,0,0
5622-UEJFI,1,0,1,1,35,1,Yes,No internet service,No internet service,No internet service,No internet service,No internet service,No internet service,1,25.4,949.8,0,27.137142857142855,0,1,0,1,1,0,0,0,1,0,0,0
9747-DDZOS,1,0,0,0,1,1,No,No,No,Yes,No,No,No,0,73.5,73.5,1,73.5,0,0,1,0,0,0,0,0,0,0,0,0
0674-DGMAQ,0,1,1,0,32,1,Yes,No,Yes,Yes,No,No,Yes,1,93.5,2970.8,0,92.8375,0,0,1,0,0,1,0,0,1,0,0,0
6203-HBZPA,0,0,0,0,52,0,No phone service,Yes,Yes,Yes,Yes,Yes,Yes,0,63.9,3334.95,0,64.13365384615385,0,1,0,0,1,0,0,0,0,0,1,0
0484-FFVBJ,0,0,0,0,32,1,No,No,No,No,No,Yes,Yes,1,64.85,2010.95,0,62.8421875,1,0,0,0,0,0,0,0,1,0,0,0
0301-FIDRB,1,0,1,1,72,0,No phone service,Yes,Yes,Yes,Yes,Yes,Yes,1,63.8,4684.3,0,65.05972222222222,0,1,0,0,0,0,0,0,0,0,0,1
4139-JPIAM,0,0,0,0,51,0,No phone service,Yes,No,No,Yes,No,Yes,1,44.45,2181.55,0,42.77549019607844,0,0,0,0,1,0,0,0,0,0,1,0
2181-TIDSV,0,0,1,1,68,1,No,No internet service,No internet service,No internet service,No internet service,No internet service,No internet service,1,19.95,1303.25,0,19.165441176470587,0,1,0,1,0,0,0,0,0,0,0,1
2761-XECQW,0,1,1,0,8,0,No phone service,No,Yes,Yes,No,No,Yes,1,43.35,371.4,0,46.425,0,0,0,0,0,0,1,0,0,0,0,0
1936-CZAKF,0,0,1,0,49,0,No phone service,No,Yes,No,No,Yes,Yes,0,49.65,2409.9,0,49.18163265306123,0,1,0,0,1,0,0,0,0,0,1,0
9453-PATOS,1,0,1,0,72,1,No,Yes,Yes,Yes,Yes,Yes,Yes,0,85.1,6155.4,0,85.49166666666666,0,1,0,0,0,0,1,0,0,0,0,1
0564-JJHGS,0,0,0,0,9,1,Yes,No,No,No,No,Yes,Yes,1,95.5,829.1,1,92.12222222222222,0,0,1,0,0,1,0,0,0,0,0,0
3348-CFRNX,1,0,1,0,28,1,No,Yes,No,No,No,Yes,Yes,1,92.35,2602.9,1,92.96071428571429,0,0,1,0,0,0,1,0,1,0,0,0
4402-FTBXC,0,0,0,0,54,1,No,Yes,No,Yes,No,Yes,No,0,89.8,4667.0,0,86.42592592592592,0,0,1,0,0,0,1,0,0,0,1,0
1428-GTBJJ,0,0,0,0,11,1,No,No,Yes,No,No,No,No,1,74.55,824.75,1,74.97727272727273,0,0,1,0,0,1,0,0,0,0,0,0
2931-XIQBR,1,0,1,1,50,1,No,No,No,Yes,Yes,Yes,Yes,0,103.05,5153.5,0,103.07,1,0,1,0,0,0,1,0,0,0,1,0
0106-UGRDO,1,0,1,0,69,1,Yes,Yes,Yes,Yes,Yes,Yes,Yes,1,116.0,8182.85,0,118.59202898550726,0,1,1,0,0,1,0,0,0,0,0,1
5542-TBBWB,0,0,0,0,1,1,No,No,No,No,No,No,No,1,69.9,69.9,0,69.9,0,0,1,0,0,1,0,0,0,0,0,0
1930-QPBVZ,0,0,1,1,68,1,No,Yes,Yes,No,Yes,No,Yes,0,95.1,6683.4,0,98.28529411764706,0,1,1,0,0,0,0,0,0,0,0,1
2606-PKWJB,0,0,0,1,40,0,No phone service,Yes,Yes,No,Yes,No,No,0,40.25,1564.05,0,39.10125,1,0,0,0,0,0,1,0,0,1,0,0
5322-ZSMZY,0,0,1,1,31,1,Yes,No internet service,No internet service,No internet service,No internet service,No internet service,No internet service,0,25.75,755.6,0,24.374193548387098,0,1,0,1,0,0,1,0,1,0,0,0
8059-UDZFY,1,1,0,1,33,1,Yes,No,Yes,Yes,No,Yes,Yes,1,105.35,3465.05,0,105.00151515151515,0,0,1,0,0,0,0,0,1,0,0,0
7740-BTPUX,0,1,1,0,55,1,Yes,No,Yes,Yes,Yes,Yes,Yes,1,113.6,6292.7,0,114.41272727272727,0,1,1,0,0,1,0,0,0,0,1,0
5220-AGAAX,0,0,1,1,68,1,Yes,No internet service,No internet service,No internet service,No internet service,No internet service,No internet service,1,24.0,1664.3,0,24.474999999999998,0,1,0,1,0,0,0,0,0,0,0,1
0208-BPQEJ,1,0,1,1,12,1,No,No internet service,No internet service,No internet service,No internet service,No internet service,No internet service,0,19.4,198.1,0,16.508333333333333,0,0,0,1,0,0,0,0,0,0,0,0
9435-JMLSX,0,0,1,0,71,1,No,Yes,Yes,Yes,Yes,Yes,Yes,1,86.1,6045.9,0,85.15352112676055,0,1,0,0,0,0,0,0,0,0,0,1
3352-ALMCK,0,0,0,0,40,1,Yes,No,Yes,Yes,No,Yes,Yes,1,102.65,4108.15,0,102.70374999999999,0,0,1,0,0,0,1,0,0,1,0,0
5312-IRCFR,1,0,1,1,64,1,Yes,No,Yes,Yes,No,No,Yes,1,92.85,5980.75,0,93.44921875,1,0,1,0,0,1,0,0,0,0,0,1
5294-IMHHT,0,0,1,0,53,1,Yes,No,Yes,No,Yes,No,Yes,0,97.75,5043.2,0,95.15471698113207,1,0,1,0,0,0,0,0,0,0,1,0
8802-UNOJF,0,1,0,0,12,1,No,No,Yes,Yes,Yes,No,No,1,83.8,1029.75,1,85.8125,0,0,1,0,0,0,1,0,0,0,0,0
6313-GIDIT,0,1,0,0,53,0,No phone service,No,Yes,Yes,No,Yes,Yes,1,54.45,2854.55,1,53.859433962264156,0,0,0,0,0,1,0,0,0,0,1,0
6176-YJWAS,0,0,1,0,72,1,Yes,Yes,Yes,Yes,No,Yes,No,1,97.95,7114.25,0,98.80902777777777,0,1,1,0,1,0,0,0,0,0,0,1
5310-NOOVA,0,0,0,0,46,1,No,No internet service,No internet service,No internet service,No internet service,No internet service,No internet service,0,19.95,907.05,0,19.718478260869563,0,1,0,1,0,1,0,0,0,1,0,0
4526-EXKKN,0,0,0,0,40,1,Yes,No internet service,No internet service,No internet service,No internet service,No internet service,No internet service,1,24.6,973.95,0,24.348750000000003,0,1,0,1,0,0,1,0,0,1,0,0
5311-IHLEI,0,0,0,0,12,0,No phone service,Yes,Yes,No,Yes,Yes,No,1,50.95,605.75,0,50.479166666666664,0,0,0,0,0,0,0,0,0,0,0,0
3987-KQDDU,0,0,0,0,9,1,No,Yes,No,No,No,No,No,0,75.6,661.55,0,73.50555555555555,0,0,1,0,0,1,0,0,0,0,0,0
3404-JNXAX,1,0,1,1,51,1,Yes,No,No,No,Yes,No,No,1,80.75,4116.9,0,80.7235294117647,0,0,1,0,0,1,0,0,0,0,1,0
5131-PONJI,0,0,1,1,49,1,No,No,Yes,Yes,No,Yes,No,1,90.4,4494.65,0,91.72755102040816,0,0,1,0,1,0,0,0,0,0,1,0
2845-AFFTX,0,1,1,0,41,1,Yes,No,No,Yes,No,Yes,Yes,1,99.8,4259.3,1,103.88536585365854,0,0,1,0,0,1,0,0,0,1,0,0
3489-VSFRD,1,0,0,0,56,1,No,Yes,No,Yes,Yes,No,No,1,60.25,3282.75,0,58.620535714285715,1,0,0,0,1,0,0,0,0,0,1,0
3345-JHUEO,0,0,0,0,4,1,No,No internet service,No internet service,No internet service,No internet service,No internet service,No internet service,1,20.2,55.7,0,13.925,0,0,0,1,0,1,0,0,0,0,0,0
5815-HGGHV,0,0,1,0,20,1,No,Yes,No,No,Yes,No,Yes,1,64.15,1274.45,0,63.722500000000004,1,0,0,0,0,0,1,1,0,0,0,0
5260-UMPWX,1,0,1,1,26,1,No,No internet service,No internet service,No internet service,No internet service,No internet service,No internet service,1,20.25,493.95,0,18.998076923076923,0,0,0,1,1,0,0,0,1,0,0,0
2249-YPRNG,1,0,1,1,20,1,Yes,No,Yes,Yes,No,Yes,Yes,1,105.85,2239.65,1,111.9825,0,0,1,0,0,0,0,1,0,0,0,0
7410-YTJIK,1,0,0,0,7,1,Yes,No,No,No,No,No,No,0,75.45,480.75,1,68.67857142857143,0,0,1,0,0,0,1,0,0,0,0,0
4626-GYCZP,0,0,0,0,7,1,Yes,No,No,No,No,Yes,Yes,1,93.85,635.6,1,90.8,0,0,1,0,0,1,0,0,0,0,0,0
5649-RXQTV,0,0,0,0,51,1,No,No,Yes,Yes,No,Yes,Yes,1,99.0,5038.15,0,98.78725490196078,0,0,1,0,0,1,0,0,0,0,1,0
2674-MIAHT,1,0,0,0,4,1,Yes,No,Yes,No,No,No,No,1,80.3,324.2,0,81.05,0,0,1,0,0,0,1,0,0,0,0,0
2576-HXMPA,1,0,0,0,1,1,No,No internet service,No internet service,No internet service,No internet service,No internet service,No internet service,0,19.55,19.55,0,19.55,0,0,0,1,1,0,0,0,0,0,0,0
7587-AOVVU,0,0,1,1,27,1,Yes,Yes,Yes,No,Yes,Yes,No,0,100.75,2793.55,0,103.46481481481482,0,0,1,0,0,1,0,0,1,0,0,0
5590-BYNII,0,0,0,0,22,1,Yes,Yes,No,No,No,Yes,Yes,1,100.75,2095.0,1,95.22727272727273,0,0,1,0,0,1,0,1,0,0,0,0
6898-MDLZW,0,0,0,0,12,1,No,No,Yes,No,Yes,No,No,1,53.75,648.65,0,54.05416666666667,0,0,0,0,0,0,1,0,0,0,0,0
3237-AJGEH,1,0,1,1,3,0,No phone service,No,No,No,Yes,No,No,1,31.0,95.05,1,31.683333333333334,0,0,0,0,0,0,1,0,0,0,0,0
4707-YNOQA,1,0,1,1,34,1,Yes,No internet service,No internet service,No internet service,No internet service,No internet service,No internet service,1,25.6,917.15,0,26.974999999999998,1,0,0,1,1,0,0,0,1,0,0,0
9357-UJRUN,0,0,1,0,24,1,Yes,Yes,No,No,Yes,No,No,1,58.35,1346.9,0,56.12083333333334,1,0,0,0,0,1,0,1,0,0,0,0
1591-NFNLQ,0,0,0,0,51,1,Yes,No,No,Yes,No,No,No,0,80.0,4242.35,1,83.18333333333334,0,0,1,0,1,0,0,0,0,0,1,0
8648-PFRMP,1,1,0,0,14,0,No phone service,No,No,No,No,Yes,Yes,1,46.35,672.7,0,48.050000000000004,0,0,0,0,0,1,0,1,0,0,0,0
7663-CUXZB,0,0,1,0,59,1,Yes,Yes,Yes,Yes,Yes,Yes,Yes,0,113.75,6561.25,0,111.20762711864407,0,1,1,0,0,1,0,0,0,0,1,0
0258-NOKBL,0,0,0,0,3,1,No,No,Yes,Yes,No,No,Yes,0,90.4,268.45,0,89.48333333333333,0,0,1,0,0,1,0,0,0,0,0,0
1163-VIPRI,1,0,1,1,65,1,Yes,Yes,No,Yes,Yes,Yes,Yes,0,109.3,7337.55,0,112.88538461538462,0,1,1,0,0,1,0,0,0,0,0,1
2815-CPTUL,0,1,0,0,5,1,No,No,No,No,No,No,No,1,70.25,331.9,1,66.38,0,0,1,0,0,0,1,0,0,0,0,0
9348-ROUAI,1,0,1,1,59,1,Yes,Yes,Yes,Yes,Yes,Yes,Yes,0,90.3,5194.05,0,88.03474576271186,0,1,0,0,1,0,0,0,0,0,1,0
9443-JUBUO,0,0,1,1,72,0,No phone service,Yes,Yes,Yes,Yes,Yes,Yes,1,65.25,4478.85,0,62.206250000000004,0,1,0,0,1,0,0,0,0,0,0,1
0596-BQCEQ,1,0,1,1,62,1,No,No,Yes,Yes,No,Yes,Yes,1,100.15,6283.3,1,101.34354838709677,0,0,1,0,0,1,0,0,0,0,0,1
1481-ZUWZA,0,0,0,0,28,1,Yes,Yes,Yes,No,No,No,Yes,1,94.5,2659.4,1,94.97857142857143,0,0,1,0,1,0,0,0,1,0,0,0
3043-TYBNO,0,0,0,0,3,1,No,No,No,No,Yes,No,Yes,0,60.65,196.9,0,65.63333333333334,0,0,0,0,0,0,1,0,0,0,0,0
4830-FAXFM,0,0,0,1,19,1,Yes,No internet service,No internet service,No internet service,No internet service,No internet service,No internet service,1,24.1,439.2,0,23.11578947368421,0,0,0,1,1,0,0,1,0,0,0,0
5906-BFOZT,0,0,0,0,1,1,No,No internet service,No internet service,No internet service,No internet service,No internet service,No internet service,1,19.5,19.5,0,19.5,0,0,0,1,0,0,1,0,0,0,0,0
2960-NKRSO,0,0,0,0,24,1,No,No,Yes,Yes,Yes,No,No,1,85.95,2107.15,0,87.79791666666667,0,0,1,0,0,1,0,1,0,0,0,0
8996-ZROXE,0,1,0,0,57,1,No,No,No,Yes,Yes,No,No,1,53.5,3035.8,0,53.25964912280702,1,0,0,0,0,1,0,0,0,0,1,0
5598-IKHQQ,1,0,0,0,72,1,Yes,No internet service,No internet service,No internet service,No internet service,No internet service,No internet service,0,25.45,1866.45,0,25.922916666666666,0,1,0,1,1,0,0,0,0,0,0,1
0397-ZXWQF,0,0,0,0,67,1,No,No internet service,No internet service,No internet service,No internet service,No internet service,No internet service,0,20.5,1430.95,0,21.357462686567164,0,1,0,1,0,0,0,0,0,0,0,1
5266-PFRQK,0,0,1,1,52,1,No,No internet service,No internet service,No internet service,No internet service,No internet service,No internet service,1,20.85,1071.6,0,20.607692307692307,1,0,0,1,1,0,0,0,0,0,1,0
4674-HGNUA,0,0,1,1,71,1,Yes,Yes,Yes,Yes,Yes,Yes,Yes,0,89.9,6457.15,0,90.94577464788732,0,1,0,0,1,0,0,0,0,0,0,1
6765-MBQNU,1,0,1,0,26,1,Yes,No internet service,No internet service,No internet service,No internet service,No internet service,No internet service,0,26.0,684.05,0,26.309615384615384,1,0,0,1,0,0,1,0,1,0,0,0
9786-IJYDL,1,0,0,0,35,1,Yes,Yes,Yes,Yes,Yes,Yes,Yes,1,113.2,3914.05,0,111.83,0,1,1,0,0,0,1,0,1,0,0,0
1303-SRDOK,1,0,1,1,55,1,No,No,No,No,No,No,No,1,69.05,3842.6,0,69.86545454545454,0,1,1,0,1,0,0,0,0,0,1,0
3769-MHZNV,1,0,1,1,33,1,No,No internet service,No internet service,No internet service,No internet service,No internet service,No internet service,0,20.1,670.35,0,20.313636363636363,0,1,0,1,0,0,1,0,1,0,0,0
6295-OSINB,0,0,1,0,72,1,Yes,Yes,Yes,Yes,No,Yes,Yes,1,109.65,7880.25,0,109.44791666666667,0,1,1,0,0,1,0,0,0,0,0,1
3308-MHOOC,0,0,0,1,1,1,No,No internet service,No internet service,No internet service,No internet service,No internet service,No internet service,1,19.2,19.2,0,19.2,0,0,0,1,0,0,1,0,0,0,0,0
2309-OSFEU,0,0,0,0,10,0,No phone service,No,No,No,No,No,Yes,1,33.9,298.45,1,29.845,0,0,0,0,0,0,1,0,0,0,0,0
2207-QPJED,1,1,1,0,37,1,No,No,No,Yes,Yes,Yes,No,0,90.0,3371.75,0,91.12837837837837,0,0,1,0,0,1,0,0,0,1,0,0
4177-JPDFU,0,0,0,0,12,0,No phone service,No,Yes,No,Yes,No,No,0,34.0,442.45,0,36.87083333333333,0,0,0,0,0,0,1,0,0,0,0,0
2239-CFOUJ,0,0,1,1,1,1,No,No internet service,No internet service,No internet service,No internet service,No internet service,No internet service,0,20.4,20.4,0,20.4,1,0,0,1,0,0,1,0,0,0,0,0
8046-DNVTL,0,0,1,0,62,0,No phone service,Yes,Yes,No,Yes,No,No,1,38.6,2345.55,0,37.83145161290323,0,1,0,0,1,0,0,0,0,0,0,1
2209-XADXF,1,0,0,0,1,0,No phone service,No,No,No,No,No,No,0,25.25,25.25,0,25.25,0,0,0,0,0,0,0,0,0,0,0,0
6620-JDYNW,1,0,0,0,18,1,Yes,Yes,No,Yes,No,No,No,1,60.6,1156.35,0,64.24166666666666,0,0,0,0,0,0,1,1,0,0,0,0
1891-FZYSA,0,1,1,0,69,1,Yes,No,Yes,No,No,Yes,No,1,89.95,6143.15,1,89.03115942028985,0,0,1,0,0,1,0,0,0,0,0,1
4770-UEZOX,0,0,0,0,2,1,No,No,Yes,No,No,No,No,1,74.75,144.8,0,72.4,0,0,1,0,0,1,0,0,0,0,0,0
1038-RQOST,0,0,1,1,19,1,No,No internet service,No internet service,No internet service,No internet service,No internet service,No internet service,0,20.6,414.95,0,21.839473684210525,0,0,0,1,0,0,1,1,0,0,0,0
7613-LLQFO,0,0,0,0,12,1,Yes,No,No,No,No,Yes,No,1,84.45,1059.55,1,88.29583333333333,0,0,1,0,0,1,0,0,0,0,0,0
4568-TTZRT,0,0,0,0,9,1,No,No internet service,No internet service,No internet service,No internet service,No internet service,No internet service,0,20.4,181.8,0,20.200000000000003,0,0,0,1,0,0,1,0,0,0,0,0
9513-DXHDA,0,0,0,0,27,1,No,Yes,No,Yes,Yes,Yes,Yes,0,81.7,2212.55,0,81.9462962962963,1,0,0,0,0,1,0,0,1,0,0,0
2640-PMGFL,0,0,0,1,27,1,Yes,No,No,No,Yes,No,No,1,79.5,2180.55,1,80.76111111111112,0,0,1,0,0,1,0,0,1,0,0,0
3801-HMYNL,0,0,1,1,1,1,No,No,No,No,No,Yes,Yes,0,89.15,89.15,1,89.15,0,0,1,0,0,0,1,0,0,0,0,0
0516-QREYC,1,1,0,0,24,1,No,No internet service,No internet service,No internet service,No internet service,No internet service,No internet service,1,20.3,459.95,0,19.164583333333333,0,0,0,1,0,0,1,1,0,0,0,0
9685-WKZGT,0,1,0,0,14,1,Yes,No,No,No,No,No,No,1,74.95,1036.75,1,74.05357142857143,0,0,1,0,0,1,0,1,0,0,0,0
6022-UGGSO,1,1,0,0,32,1,No,No,Yes,No,No,No,No,1,74.4,2276.95,1,71.1546875,0,0,1,0,0,1,0,0,1,0,0,0
8084-OIVBS,1,0,0,0,11,1,No,No internet service,No internet service,No internet service,No internet service,No internet service,No internet service,0,20.0,211.95,0,19.268181818181816,1,0,0,1,0,0,1,0,0,0,0,0
8896-BQTTI,0,0,0,0,1,1,Yes,No internet service,No internet service,No internet service,No internet service,No internet service,No internet service,1,25.0,25.0,0,25.0,0,0,0,1,0,0,1,0,0,0,0,0
3865-QBWSJ,0,1,0,1,38,1,Yes,Yes,No,No,No,No,No,1,80.45,3162.65,0,83.22763157894737,0,0,1,0,0,0,1,0,0,1,0,0
3352-RICWQ,1,0,1,1,9,1,No,No internet service,No internet service,No internet service,No internet service,No internet service,No internet service,0,19.75,210.65,0,23.405555555555555,0,1,0,1,0,0,1,0,0,0,0,0
2160-GPFXD,0,0,1,1,54,1,Yes,Yes,Yes,No,Yes,No,No,1,65.65,3566.7,0,66.05,0,1,0,0,1,0,0,0,0,0,1,0
2065-MMKGR,1,0,0,0,29,1,Yes,No,No,No,No,Yes,Yes,1,71.0,2080.1,0,71.72758620689655,1,0,0,0,1,0,0,0,1,0,0,0
5857-TYBCJ,0,1,1,0,44,1,Yes,No,No,Yes,No,Yes,No,1,89.2,4040.2,0,91.82272727272726,0,0,1,0,0,1,0,0,0,1,0,0
1498-NHTLT,0,0,1,1,59,1,No,Yes,Yes,Yes,Yes,Yes,Yes,1,86.75,5186.0,0,87.89830508474576,0,1,0,0,0,1,0,0,0,0,1,0
4484-CGXFK,1,0,0,0,3,1,No,No,No,No,No,No,Yes,1,55.3,196.15,1,65.38333333333334,0,0,0,0,0,1,0,0,0,0,0,0
1402-PTHGN,1,0,1,1,18,1,No,Yes,Yes,No,Yes,No,No,1,61.5,1087.45,0,60.41388888888889,1,0,0,0,0,0,1,1,0,0,0,0
4176-RELJR,0,1,0,0,67,1,Yes,No internet service,No internet service,No internet service,No internet service,No internet service,No internet service,0,25.1,1672.15,0,24.957462686567165,0,1,0,1,1,0,0,0,0,0,0,1
6214-EDAKZ,1,0,1,1,22,1,No,No,Yes,No,Yes,No,No,0,55.15,1206.05,1,54.820454545454545,0,0,0,0,0,1,0,1,0,0,0,0
5199-FPUSP,0,0,0,1,33,0,No phone service,Yes,No,No,Yes,No,No,0,34.05,1113.95,0,33.75606060606061,1,0,0,0,1,0,0,0,1,0,0,0
6377-KSLXC,0,0,0,0,5,1,No,No internet service,No internet service,No internet service,No internet service,No internet service,No internet service,0,19.95,107.05,0,21.41,0,0,0,1,0,0,1,0,0,0,0,0
1796-JANOW,1,0,0,0,2,1,No,No internet service,No internet service,No internet service,No internet service,No internet service,No internet service,0,19.95,38.15,0,19.075,0,0,0,1,0,0,1,0,0,0,0,0
0238-WHBIQ,0,0,1,1,72,1,Yes,Yes,Yes,Yes,Yes,Yes,Yes,0,89.7,6339.3,0,88.04583333333333,0,1,0,0,1,0,0,0,0,0,0,1
8735-NBLWT,0,0,0,1,9,1,No,No internet service,No internet service,No internet service,No internet service,No internet service,No internet service,0,20.4,184.1,0,20.455555555555556,0,0,0,1,0,0,1,0,0,0,0,0
6651-RLGGM,0,0,1,1,67,1,Yes,No internet service,No internet service,No internet service,No internet service,No internet service,No internet service,0,26.3,1688.9,0,25.207462686567165,0,1,0,1,0,0,1,0,0,0,0,1
6127-ISGTU,1,0,1,0,16,1,Yes,No,No,No,No,Yes,No,1,84.95,1378.25,1,86.140625,0,0,1,0,0,1,0,1,0,0,0,0
1614-JBEBI,1,0,0,0,8,1,No,No internet service,No internet service,No internet service,No internet service,No internet service,No internet service,1,20.7,137.6,0,17.2,0,0,0,1,0,0,1,0,0,0,0,0
8740-XLHDR,0,0,0,0,5,0,No phone service,Yes,Yes,Yes,Yes,No,No,1,43.25,219.0,1,43.8,0,0,0,0,0,0,1,0,0,0,0,0
1208-DNHLN,0,0,1,1,23,1,Yes,No,No,No,No,No,No,1,48.35,1067.15,1,46.39782608695653,1,0,0,0,1,0,0,1,0,0,0,0
1761-AEZZR,0,0,0,0,1,1,No,No,No,No,No,Yes,No,1,79.55,79.55,1,79.55,0,0,1,0,0,1,0,0,0,0,0,0
3923-CSIHK,1,1,1,0,50,1,No,No,No,No,No,No,No,1,71.05,3444.85,1,68.89699999999999,0,0,1,0,0,1,0,0,0,0,1,0
5696-EXCYS,0,0,0,0,17,1,No,No internet service,No internet service,No internet service,No internet service,No internet service,No internet service,0,19.45,369.05,0,21.708823529411767,0,1,0,1,1,0,0,1,0,0,0,0
5795-KTGUD,1,0,1,0,68,1,Yes,Yes,Yes,Yes,No,Yes,Yes,1,110.8,7553.6,0,111.08235294117648,0,1,1,0,0,0,0,0,0,0,0,1
7120-RFMVS,0,0,0,0,1,1,Yes,No,No,No,No,Yes,No,0,84.5,84.5,1,84.5,0,0,1,0,0,1,0,0,0,0,0,0
7924-GJZFI,1,1,1,0,25,1,No,No,No,No,No,No,No,1,69.3,1813.1,0,72.524,0,0,1,0,0,1,0,0,1,0,0,0
4702-HDRKD,0,0,0,0,67,0,No phone service,Yes,No,Yes,Yes,Yes,No,1,49.35,3321.35,0,49.57238805970149,1,0,0,0,0,0,0,0,0,0,0,1
8512-WIWYV,0,0,0,0,32,1,No,No internet service,No internet service,No internet service,No internet service,No internet service,No internet service,0,20.35,707.5,0,22.109375,1,0,0,1,1,0,0,0,1,0,0,0
5897-ZYEKH,1,1,1,0,67,1,Yes,Yes,Yes,No,No,Yes,Yes,1,105.6,7112.15,0,106.15149253731343,1,0,1,0,0,1,0,0,0,0,0,1
5456-ITGIC,0,1,1,0,72,0,No phone service,Yes,Yes,Yes,Yes,Yes,Yes,1,64.45,4641.1,0,64.45972222222223,0,1,0,0,1,0,0,0,0,0,0,1
7317-GGVPB,0,0,1,0,71,1,Yes,No,Yes,Yes,Yes,Yes,Yes,1,108.6,7690.9,1,108.3225352112676,0,1,1,0,1,0,0,0,0,0,0,1
1406-PUQVY,0,0,0,1,1,1,No,No,Yes,No,No,No,No,1,49.9,49.9,0,49.9,0,0,0,0,0,1,0,0,0,0,0,0
1322-AGOQM,0,0,0,0,46,0,No phone service,No,Yes,No,No,No,No,0,30.3,1380.1,1,30.002173913043475,0,0,0,0,0,0,0,0,0,1,0,0
3677-IYRBF,1,1,0,0,2,0,No phone service,No,No,Yes,No,No,No,1,30.4,78.65,1,39.325,0,0,0,0,0,1,0,0,0,0,0,0
5692-FPTAH,1,0,0,0,1,1,No,No,No,No,No,No,No,1,45.4,45.4,1,45.4,0,0,0,0,0,0,1,0,0,0,0,0
9114-AAFQH,1,0,1,0,48,1,No,No,Yes,Yes,No,No,Yes,1,65.65,3094.65,0,64.471875,1,0,0,0,0,1,0,0,0,1,0,0
8715-KKTFG,1,0,1,0,61,1,Yes,No,No,Yes,Yes,Yes,Yes,1,103.3,6518.35,0,106.85819672131149,1,0,1,0,0,0,0,0,0,0,0,1
1550-LOAHA,1,0,1,0,32,1,No,No,Yes,No,No,No,Yes,0,84.15,2585.95,1,80.8109375,0,0,1,0,0,0,0,0,1,0,0,0
1728-BQDMA,1,0,0,0,2,1,No,No,No,No,No,No,No,0,44.45,82.7,0,41.35,0,0,0,0,0,1,0,0,0,0,0,0
0268-QKIWO,1,0,0,0,3,1,No,No internet service,No internet service,No internet service,No internet service,No internet service,No internet service,0,19.75,58.85,1,19.616666666666667,0,0,0,1,0,1,0,0,0,0,0,0
0876-WDUUZ,1,0,0,0,5,1,No,No,No,No,Yes,No,Yes,1,85.4,425.9,1,85.17999999999999,0,0,1,0,1,0,0,0,0,0,0,0
5117-ZSMHQ,1,0,1,1,71,1,Yes,Yes,Yes,Yes,Yes,Yes,Yes,0,89.9,6342.7,0,89.33380281690141,0,1,0,0,0,0,0,0,0,0,0,1
5151-HQRDG,0,0,1,0,37,1,Yes,Yes,No,No,No,No,No,1,55.05,2030.75,0,54.88513513513514,0,0,0,0,0,0,1,0,0,1,0,0
0960-HUWBM,0,0,1,1,65,1,Yes,No,No,Yes,Yes,Yes,Yes,1,104.1,6700.05,0,103.07769230769232,0,1,1,0,0,0,0,0,0,0,0,1
6465-GSRCL,1,0,0,1,67,1,Yes,No,Yes,No,Yes,Yes,Yes,1,106.6,7244.7,0,108.12985074626866,1,0,1,0,0,0,0,0,0,0,0,1
0617-FHSGK,0,0,0,1,49,1,Yes,No,No,No,No,No,No,0,75.2,3678.3,1,75.06734693877551,0,0,1,0,1,0,0,0,0,0,1,0
0263-FJTQO,0,0,1,1,50,1,Yes,Yes,No,No,Yes,Yes,No,1,70.5,3486.65,0,69.733,0,1,0,0,1,0,0,0,0,0,1,0
7319-ZNRTR,0,0,1,1,25,1,No,No internet service,No internet service,No internet service,No internet service,No internet service,No internet service,0,19.6,411.15,0,16.445999999999998,1,0,0,1,0,1,0,0,1,0,0,0
2858-MOFSQ,1,0,0,1,17,1,Yes,No,No,Yes,No,No,No,1,55.85,937.5,1,55.14705882352941,1,0,0,0,0,0,1,1,0,0,0,0
7503-EPSZW,1,0,1,1,64,1,Yes,No internet service,No internet service,No internet service,No internet service,No internet service,No internet service,1,24.05,1559.15,0,24.36171875,0,1,0,1,0,0,1,0,0,0,0,1
7089-XXAYG,0,0,1,0,25,0,No phone service,No,No,Yes,No,Yes,No,1,38.1,970.4,0,38.816,1,0,0,0,1,0,0,0,1,0,0,0
8118-LSUEL,0,1,0,0,23,1,Yes,No,Yes,Yes,No,Yes,Yes,1,106.4,2483.5,1,107.97826086956522,0,0,1,0,0,1,0,1,0,0,0,0
8070-AAWZP,0,1,1,0,24,0,No phone service,No,No,Yes,Yes,No,No,0,34.25,828.2,0,34.50833333333333,0,0,0,0,0,0,1,1,0,0,0,0
1666-JXLKU,1,0,0,0,37,1,Yes,No,No,Yes,No,Yes,Yes,1,100.05,3810.55,0,102.98783783783784,0,0,1,0,0,1,0,0,0,1,0,0
7855-DIWPO,1,0,0,0,21,1,No,No,No,No,No,No,No,1,68.65,1493.2,0,71.1047619047619,0,0,1,0,0,1,0,1,0,0,0,0
5133-POWUA,0,0,0,0,1,1,No,No,No,No,No,No,No,1,45.8,45.8,0,45.8,0,0,0,0,0,0,1,0,0,0,0,0
5652-MSDEY,1,0,0,0,10,1,Yes,No,No,No,No,No,No,1,75.75,777.3,0,77.72999999999999,0,0,1,0,0,0,1,0,0,0,0,0
7005-CCBKV,0,0,0,0,6,1,No,No,Yes,No,No,No,Yes,1,84.4,556.35,1,92.72500000000001,0,0,1,0,0,1,0,0,0,0,0,0
1810-BOHSY,0,0,1,0,51,1,Yes,Yes,Yes,No,No,No,Yes,1,96.4,4911.05,0,96.29509803921569,1,0,1,0,1,0,0,0,0,0,1,0
1784-BXEFA,1,0,0,0,10,1,No,No internet service,No internet service,No internet service,No internet service,No internet service,No internet service,1,20.55,187.35,0,18.735,0,0,0,1,0,0,1,0,0,0,0,0
7351-MHQVU,1,0,0,0,6,0,No phone service,Yes,Yes,No,Yes,No,Yes,0,50.95,307.6,0,51.26666666666667,0,0,0,0,1,0,0,0,0,0,0,0
9224-VTYID,0,0,1,1,47,1,Yes,Yes,Yes,Yes,Yes,Yes,Yes,1,90.5,4318.35,0,91.87978723404257,0,1,0,0,0,0,1,0,0,1,0,0
9500-IWPXQ,1,0,1,1,61,1,Yes,Yes,Yes,Yes,Yes,No,Yes,1,79.4,4820.55,0,79.02540983606558,1,0,0,0,0,1,0,0,0,0,0,1
5762-TJXGK,1,0,0,0,52,0,No phone service,Yes,Yes,Yes,No,Yes,Yes,1,58.75,3038.55,0,58.43365384615385,0,1,0,0,0,0,0,0,0,0,1,0
4504-YOULA,1,0,1,1,35,1,Yes,Yes,Yes,No,No,No,No,1,59.45,2136.9,0,61.05428571428572,0,0,0,0,1,0,0,0,1,0,0,0
5569-IDSEY,0,0,1,0,71,1,Yes,No,Yes,Yes,No,Yes,Yes,1,105.7,7472.15,0,105.24154929577465,1,0,1,0,0,0,0,0,0,0,0,1
4250-FDVOU,1,0,0,0,6,1,No,Yes,Yes,No,No,No,No,0,56.25,389.1,1,64.85000000000001,0,0,0,0,0,1,0,0,0,0,0,0
7284-ZZLOH,0,0,1,0,45,1,No,Yes,No,Yes,No,No,No,0,53.3,2296.25,0,51.02777777777778,0,1,0,0,1,0,0,0,0,1,0,0
5277-ZLOOR,1,1,0,0,2,1,Yes,No,No,No,No,Yes,No,1,85.55,187.45,1,93.725,0,0,1,0,0,1,0,0,0,0,0,0
2141-RRYGO,1,0,0,0,4,1,No,No,Yes,No,No,Yes,Yes,1,68.65,261.25,1,65.3125,0,0,0,0,0,0,0,0,0,0,0,0
1777-JYQPJ,0,0,0,0,2,0,No phone service,No,No,No,No,No,No,0,24.3,38.45,0,19.225,0,0,0,0,0,0,1,0,0,0,0,0
6376-GAHQE,0,0,0,0,4,1,No,No,No,No,No,Yes,No,0,77.85,299.2,1,74.8,0,0,1,0,0,1,0,0,0,0,0,0
3401-URHDA,0,0,0,0,51,1,Yes,Yes,No,No,Yes,No,No,0,59.9,3043.6,0,59.67843137254902,1,0,0,0,1,0,0,0,0,0,1,0
1599-EAHXY,0,0,1,1,60,1,Yes,No internet service,No internet service,No internet service,No internet service,No internet service,No internet service,0,23.95,1506.4,0,25.10666666666667,1,0,0,1,1,0,0,0,0,0,1,0
8631-XVRZL,0,0,0,0,9,1,No,No internet service,No internet service,No internet service,No internet service,No internet service,No internet service,1,20.15,163.7,0,18.188888888888886,1,0,0,1,0,0,1,0,0,0,0,0
5052-PNLOS,0,0,0,0,3,1,Yes,No,Yes,Yes,No,Yes,Yes,1,105.35,323.25,1,107.75,0,0,1,0,0,0,0,0,0,0,0,0
3853-LYGAM,0,0,0,0,17,1,Yes,No,No,Yes,Yes,No,Yes,1,95.65,1640.0,0,96.47058823529412,0,0,1,0,0,0,0,1,0,0,0,0
6979-ZNSFF,1,0,0,0,8,1,Yes,No,No,No,No,Yes,No,1,87.05,762.1,1,95.2625,0,0,1,0,0,1,0,0,0,0,0,0
5751-USDBL,0,0,1,1,46,1,No,Yes,No,Yes,Yes,Yes,Yes,0,81.0,3846.35,0,83.61630434782609,0,1,0,0,0,0,1,0,0,1,0,0
5680-LQOGP,1,0,0,0,68,1,No,Yes,Yes,Yes,Yes,Yes,Yes,1,82.45,5646.6,0,83.03823529411765,0,1,0,0,1,0,0,0,0,0,0,1
2386-LAHRK,0,0,0,0,1,1,No,No,No,No,No,Yes,No,1,53.5,53.5,1,53.5,0,0,0,0,0,0,1,0,0,0,0,0
8189-DUKMV,1,0,1,0,4,1,No,No internet service,No internet service,No internet service,No internet service,No internet service,No internet service,0,20.5,79.05,0,19.7625,1,0,0,1,0,0,0,0,0,0,0,0
6032-IGALN,1,0,0,0,1,0,No phone service,No,No,No,No,No,No,1,25.1,25.1,1,25.1,0,0,0,0,0,0,1,0,0,0,0,0
9931-DCEZH,0,0,0,1,28,1,No,No,Yes,No,Yes,No,No,1,54.4,1516.6,0,54.16428571428571,1,0,0,0,1,0,0,0,1,0,0,0
1898-JSNDC,1,0,0,0,39,1,No,No,Yes,No,No,Yes,No,1,58.6,2224.5,0,57.03846153846154,1,0,0,0,1,0,0,0,0,1,0,0
0315-LVCRK,0,0,0,0,11,1,No,No,No,Yes,No,No,Yes,0,84.8,888.75,0,80.79545454545455,0,0,1,0,0,1,0,0,0,0,0,0
3911-RSNHI,1,0,1,0,71,0,No phone service,No,Yes,Yes,Yes,Yes,Yes,1,61.4,4310.35,0,60.70915492957747,0,1,0,0,1,0,0,0,0,0,0,1
2410-CIYFZ,0,0,0,1,2,1,No,No internet service,No internet service,No internet service,No internet service,No internet service,No internet service,0,20.4,42.9,0,21.45,0,0,0,1,0,0,1,0,0,0,0,0
4248-HCETZ,0,1,1,0,30,1,No,No,Yes,Yes,No,No,No,1,79.65,2365.15,1,78.83833333333334,0,0,1,0,0,0,1,0,1,0,0,0
5505-OVWQW,1,0,0,0,17,1,No,No internet service,No internet service,No internet service,No internet service,No internet service,No internet service,0,20.15,353.65,0,20.802941176470586,1,0,0,1,0,0,1,1,0,0,0,0
7271-AJDTL,1,0,1,0,55,1,Yes,No,Yes,Yes,No,Yes,No,1,94.45,5073.1,0,92.23818181818183,0,0,1,0,1,0,0,0,0,0,1,0
1867-TJHTS,1,0,0,0,58,1,Yes,Yes,No,No,No,No,No,1,79.8,4526.85,0,78.0491379310345,0,0,1,0,0,0,0,0,0,0,1,0
0516-WJVXC,1,0,0,0,5,1,No,Yes,No,No,Yes,No,No,0,54.2,308.25,1,61.65,0,0,0,0,0,1,0,0,0,0,0,0
9174-FKWZE,1,1,0,0,1,1,No,No internet service,No internet service,No internet service,No internet service,No internet service,No internet service,1,19.45,19.45,1,19.45,0,0,0,1,0,1,0,0,0,0,0,0
6860-YRJZP,0,1,0,0,9,1,Yes,No,No,No,No,No,No,1,74.05,678.45,0,75.38333333333334,0,0,1,0,0,1,0,0,0,0,0,0
4429-WYGFR,0,0,0,0,26,1,No,No,No,No,Yes,No,No,0,49.15,1237.3,0,47.58846153846154,0,0,0,0,0,0,0,0,1,0,0,0
2817-LVCPP,1,0,0,0,50,1,No,No internet service,No internet service,No internet service,No internet service,No internet service,No internet service,0,19.4,1023.95,0,20.479,0,1,0,1,1,0,0,0,0,0,1,0
5038-ETMLM,1,0,1,0,72,1,Yes,Yes,Yes,Yes,Yes,Yes,Yes,1,113.65,8182.75,0,113.64930555555556,0,1,1,0,0,0,0,0,0,0,0,1
5056-FIMPT,1,0,0,1,43,1,No,Yes,Yes,No,Yes,Yes,Yes,1,106.0,4532.3,0,105.40232558139536,1,0,1,0,1,0,0,0,0,1,0,0
4521-WFJAI,0,0,0,0,56,1,Yes,No internet service,No internet service,No internet service,No internet service,No internet service,No internet service,1,25.95,1444.05,0,25.786607142857143,0,1,0,1,0,0,0,0,0,0,1,0
6569-KTMDU,1,0,0,0,1,1,No,No internet service,No internet service,No internet service,No internet service,No internet service,No internet service,0,19.1,19.1,0,19.1,0,0,0,1,0,0,1,0,0,0,0,0
8809-RIHDD,0,0,1,1,72,1,Yes,No,Yes,Yes,No,Yes,Yes,1,103.4,7372.65,1,102.39791666666666,0,1,1,0,0,1,0,0,0,0,0,1
8809-XKHMD,0,0,1,0,72,1,Yes,Yes,Yes,No,Yes,No,Yes,1,100.55,7325.1,0,101.73750000000001,0,1,1,0,0,0,0,0,0,0,0,1
0396-YCHWO,0,0,1,0,36,1,Yes,No,No,No,No,Yes,Yes,1,95.4,3474.2,0,96.50555555555555,0,0,1,0,0,1,0,0,1,0,0,0
0867-LDTTC,0,0,0,0,5,1,No,No,No,Yes,Yes,Yes,Yes,0,75.15,392.65,0,78.53,0,0,0,0,0,0,0,0,0,0,0,0
4822-NGOCH,1,0,0,0,13,1,Yes,No,Yes,Yes,No,No,No,1,84.45,1058.6,1,81.43076923076923,0,0,1,0,0,1,0,1,0,0,0,0
9391-DXGGG,1,1,0,0,44,1,No,No,Yes,Yes,No,No,Yes,0,89.15,3990.75,0,90.69886363636364,1,0,1,0,1,0,0,0,0,1,0,0
9844-FELAJ,1,1,1,1,70,1,Yes,No,Yes,Yes,Yes,Yes,Yes,1,107.9,7475.85,0,106.79785714285715,1,0,1,0,0,1,0,0,0,0,0,1
2122-SZZZD,0,0,0,0,44,1,No,No internet service,No internet service,No internet service,No internet service,No internet service,No internet service,0,19.5,835.5,0,18.988636363636363,1,0,0,1,1,0,0,0,0,1,0,0
5307-DZCVC,1,1,1,0,32,1,Yes,No,No,No,No,Yes,No,1,85.95,2628.6,1,82.14375,0,0,1,0,1,0,0,0,1,0,0,0
3148-AOIQT,1,0,1,0,69,1,Yes,No internet service,No internet service,No internet service,No internet service,No internet service,No internet service,1,24.95,1718.35,0,24.903623188405795,0,1,0,1,1,0,0,0,0,0,0,1
8679-JOEVF,1,1,0,0,16,1,No,No,No,No,Yes,Yes,No,0,59.4,1023.9,1,63.99375,0,0,0,0,0,1,0,1,0,0,0,0
8395-ETZKQ,0,1,1,1,68,1,No,No internet service,No internet service,No internet service,No internet service,No internet service,No internet service,0,19.5,1193.55,0,17.55220588235294,1,0,0,1,0,0,0,0,0,0,0,1
6692-YQHXC,0,0,0,0,16,1,No,No,No,No,No,No,No,1,69.95,1205.5,0,75.34375,0,0,1,0,1,0,0,1,0,0,0,0
3889-VWBID,0,0,1,1,68,1,No,Yes,Yes,No,Yes,Yes,Yes,0,82.85,5776.45,0,84.94779411764705,0,1,0,0,0,0,0,0,0,0,0,1
5222-JCXZT,0,0,0,0,4,1,No,No internet service,No internet service,No internet service,No internet service,No internet service,No internet service,0,19.0,78.9,0,19.725,0,0,0,1,0,0,1,0,0,0,0,0
9754-CLVZW,1,0,1,1,26,0,No phone service,Yes,Yes,No,Yes,No,No,0,38.85,1025.15,0,39.42884615384616,0,0,0,0,1,0,0,0,1,0,0,0
1432-FPAXX,1,0,0,0,29,0,No phone service,No,Yes,No,No,No,No,1,30.6,856.35,1,29.529310344827586,0,0,0,0,0,1,0,0,1,0,0,0
2739-CCZMB,0,0,0,1,5,1,No,No internet service,No internet service,No internet service,No internet service,No internet service,No internet service,0,20.35,122.0,0,24.4,0,0,0,1,1,0,0,0,0,0,0,0
7080-TNUWP,0,0,1,0,70,1,Yes,No,Yes,Yes,No,Yes,No,1,95.0,6602.9,0,94.32714285714285,1,0,1,0,0,0,0,0,0,0,0,1
0496-AHOOK,0,0,1,0,24,1,No,Yes,No,No,Yes,Yes,Yes,0,74.4,1712.9,0,71.37083333333334,1,0,0,0,0,0,0,1,0,0,0,0
8336-TAVKX,1,1,1,0,72,1,Yes,Yes,Yes,Yes,Yes,No,Yes,0,78.45,5682.25,0,78.92013888888889,0,1,0,0,0,0,0,0,0,0,0,1
2468-SJFLM,0,0,0,0,1,1,No,No,No,No,Yes,No,No,1,74.3,74.3,0,74.3,0,0,1,0,0,0,1,0,0,0,0,0
3181-VTHOE,0,0,1,0,70,0,No phone service,No,Yes,Yes,Yes,No,Yes,1,51.05,3635.15,0,51.93071428571429,1,0,0,0,0,0,0,0,0,0,0,1
7168-HDQHG,1,0,1,1,36,1,No,No internet service,No internet service,No internet service,No internet service,No internet service,No internet service,0,19.2,702.9,0,19.525,0,0,0,1,0,0,0,0,1,0,0,0
4803-AXVYP,1,1,0,0,38,1,Yes,No,No,No,Yes,Yes,Yes,1,99.55,3734.25,1,98.26973684210526,0,0,1,0,0,1,0,0,0,1,0,0
3884-HCSWG,1,0,0,0,17,1,No,No,No,No,No,No,No,1,70.0,1144.5,1,67.32352941176471,0,0,1,0,0,1,0,1,0,0,0,0
4567-AKPIA,1,0,1,1,41,1,Yes,No,Yes,Yes,Yes,Yes,Yes,1,109.1,4454.25,0,108.64024390243902,1,0,1,0,0,0,0,0,0,1,0,0
5077-DXTCG,1,0,0,0,1,1,No,No,No,No,No,No,No,1,45.3,45.3,1,45.3,0,0,0,0,0,1,0,0,0,0,0,0
1142-WACZW,0,0,0,0,2,0,No phone service,No,No,No,Yes,No,No,0,29.85,75.6,1,37.8,0,0,0,0,0,0,0,0,0,0,0,0
7901-HXJVA,0,0,0,0,14,1,No,No,No,Yes,No,No,No,0,76.45,1117.55,0,79.825,0,0,1,0,0,1,0,1,0,0,0,0
5649-ANRML,0,1,0,0,2,1,No,No,Yes,Yes,Yes,No,Yes,1,95.1,180.25,1,90.125,0,0,1,0,1,0,0,0,0,0,0,0
4892-VLANZ,0,0,0,0,1,1,No,No internet service,No internet service,No internet service,No internet service,No internet service,No internet service,0,19.8,19.8,1,19.8,0,0,0,1,0,0,1,0,0,0,0,0
5924-IFQTT,0,0,1,1,13,1,Yes,No,Yes,Yes,Yes,Yes,No,1,72.8,930.05,0,71.54230769230769,0,0,0,0,0,1,0,1,0,0,0,0
7968-QUXNS,0,0,0,0,6,1,No,No internet service,No internet service,No internet service,No internet service,No internet service,No internet service,0,18.95,110.15,0,18.358333333333334,0,0,0,1,0,0,1,0,0,0,0,0
2919-HBCJO,1,0,0,0,4,1,No,No,Yes,No,No,No,No,1,76.65,333.6,1,83.4,0,0,1,0,0,0,0,0,0,0,0,0
4236-XPXAV,1,0,1,1,5,1,No,No,Yes,No,Yes,Yes,Yes,1,99.15,465.05,1,93.01,0,0,1,0,0,0,1,0,0,0,0,0
8903-WMRNW,1,0,1,0,15,1,No,Yes,No,Yes,No,Yes,Yes,0,101.75,1669.4,0,111.29333333333334,0,0,1,0,0,1,0,1,0,0,0,0
2452-SNHFZ,1,0,0,0,47,1,No,Yes,No,No,No,No,No,0,75.45,3545.1,0,75.42765957446808,0,0,1,0,1,0,0,0,0,1,0,0
3629-WEAAM,1,0,0,0,8,1,No,No,No,Yes,Yes,No,Yes,0,64.1,504.05,0,63.00625,0,0,0,0,0,0,1,0,0,0,0,0
6029-CSMJE,0,0,0,0,17,0,No phone service,No,No,No,No,No,No,1,25.65,440.2,0,25.894117647058824,0,0,0,0,0,0,1,1,0,0,0,0
7993-NQLJE,0,0,1,1,15,1,No,Yes,No,No,No,No,No,0,75.1,1151.55,0,76.77,0,0,1,0,0,0,1,1,0,0,0,0
9909-DFRJA,1,0,0,0,26,1,No,Yes,No,Yes,Yes,No,Yes,1,95.85,2475.35,0,95.20576923076922,1,0,1,0,0,0,0,0,1,0,0,0
9099-FTUHS,1,0,0,0,23,1,Yes,Yes,No,No,No,No,No,0,54.4,1249.25,0,54.31521739130435,0,0,0,0,0,1,0,1,0,0,0,0
0581-BXBUB,1,1,0,0,4,1,No,No,Yes,No,No,No,No,0,72.75,317.75,0,79.4375,0,0,1,0,0,1,0,0,0,0,0,0
4962-CHQPW,0,0,0,1,29,1,No,No internet service,No internet service,No internet service,No internet service,No internet service,No internet service,0,19.85,535.05,0,18.45,1,0,0,1,0,0,1,0,1,0,0,0
9467-ROOLM,1,0,0,0,25,1,No,No internet service,No internet service,No internet service,No internet service,No internet service,No internet service,0,19.05,461.3,0,18.452,0,0,0,1,0,0,1,0,1,0,0,0
3030-YZADT,0,0,0,0,9,1,No,No,No,No,No,No,No,0,44.95,431.0,1,47.888888888888886,0,0,0,0,0,0,1,0,0,0,0,0
7410-KTVFV,0,0,1,0,18,1,No,No,No,Yes,No,No,No,1,49.55,878.35,1,48.797222222222224,0,0,0,0,0,0,1,1,0,0,0,0
5150-ITWWB,0,1,0,0,3,1,Yes,No,No,No,No,Yes,Yes,1,94.85,335.75,0,111.91666666666667,0,0,1,0,0,1,0,0,0,0,0,0
2253-KPMNB,1,0,1,1,69,0,No phone service,Yes,Yes,Yes,Yes,No,No,0,46.25,3121.4,0,45.23768115942029,0,1,0,0,0,0,0,0,0,0,0,1
1345-ZUKID,0,0,0,0,14,1,No,No internet service,No internet service,No internet service,No internet service,No internet service,No internet service,0,19.35,324.8,0,23.2,1,0,0,1,0,0,1,1,0,0,0,0
6429-SHBCB,0,0,0,0,19,1,Yes,No,No,No,No,Yes,Yes,0,69.6,1394.55,0,73.39736842105263,0,0,0,0,0,0,1,1,0,0,0,0
9281-OFDMF,0,1,0,0,39,1,Yes,No,Yes,No,No,No,Yes,0,90.7,3413.25,0,87.51923076923077,0,0,1,0,0,1,0,0,0,1,0,0
2603-HVKCG,0,0,0,0,31,1,No,No,Yes,Yes,No,Yes,Yes,1,101.4,3143.65,0,101.40806451612903,0,0,1,0,0,1,0,0,1,0,0,0
1834-WULEG,0,0,1,1,24,1,No,No internet service,No internet service,No internet service,No internet service,No internet service,No internet service,0,20.25,439.75,0,18.322916666666668,1,0,0,1,0,0,1,1,0,0,0,0
9097-ZUBYC,0,0,1,0,14,1,No,No,No,No,Yes,No,No,0,48.8,664.4,0,47.457142857142856,0,0,0,0,0,0,0,1,0,0,0,0
5148-ORICT,1,0,1,0,64,1,No,Yes,Yes,Yes,Yes,No,Yes,1,74.35,4759.55,0,74.36796875,0,1,0,0,0,0,1,0,0,0,0,1
4893-GYUJU,1,0,0,0,50,1,No,No internet service,No internet service,No internet service,No internet service,No internet service,No internet service,1,19.35,1033.0,0,20.66,1,0,0,1,0,0,1,0,0,0,1,0
4578-PHJYZ,0,0,1,1,52,1,No,No,Yes,Yes,Yes,Yes,No,1,68.75,3482.85,0,66.97788461538461,1,0,0,0,0,1,0,0,0,0,1,0
7272-QDCKA,0,0,0,0,28,1,Yes,No,Yes,No,No,Yes,Yes,0,100.2,2688.45,0,96.01607142857142,1,0,1,0,0,1,0,0,1,0,0,0
8908-SLFCJ,1,0,0,0,21,1,No,No internet service,No internet service,No internet service,No internet service,No internet service,No internet service,1,20.85,435.25,0,20.726190476190474,0,1,0,1,1,0,0,1,0,0,0,0
8393-DLHGA,0,0,0,1,25,1,No,No,Yes,No,No,Yes,Yes,1,95.9,2448.75,1,97.95,0,0,1,0,0,1,0,0,1,0,0,0
9766-HGEDE,1,0,1,0,17,1,No,No internet service,No internet service,No internet service,No internet service,No internet service,No internet service,0,19.35,307.0,0,18.058823529411764,1,0,0,1,0,0,1,1,0,0,0,0
6968-MHOMU,0,0,1,0,58,0,No phone service,No,No,No,No,Yes,Yes,1,45.0,2689.35,0,46.36810344827586,1,0,0,0,1,0,0,0,0,0,1,0
7395-IGJOS,0,1,1,0,17,1,No,No,No,No,No,No,Yes,0,81.5,1329.2,1,78.18823529411765,0,0,1,0,0,0,0,1,0,0,0,0
5044-XDPYX,1,0,1,0,51,1,Yes,No internet service,No internet service,No internet service,No internet service,No internet service,No internet service,0,25.5,1281.25,0,25.122549019607842,0,1,0,1,0,0,1,0,0,0,1,0
1814-WFGVS,0,0,1,1,72,0,No phone service,Yes,No,Yes,Yes,Yes,No,0,48.9,3527.0,0,48.986111111111114,0,1,0,0,0,0,1,0,0,0,0,1
2834-SPCJV,0,0,1,0,52,1,No,Yes,No,No,No,Yes,No,0,84.1,4348.65,1,83.6278846153846,0,0,1,0,0,1,0,0,0,0,1,0
3721-WKIIL,1,0,0,0,27,1,No,No internet service,No internet service,No internet service,No internet service,No internet service,No internet service,1,19.6,561.15,0,20.78333333333333,0,1,0,1,0,0,1,0,1,0,0,0
6734-CKRSM,1,0,0,0,3,1,No,No internet service,No internet service,No internet service,No internet service,No internet service,No internet service,0,20.0,63.6,0,21.2,0,0,0,1,0,0,1,0,0,0,0,0
1265-ZFOSD,1,0,1,0,64,1,Yes,Yes,Yes,Yes,Yes,No,Yes,1,81.3,5129.3,0,80.1453125,0,1,0,0,0,0,1,0,0,0,0,1
6568-POCUI,1,0,1,0,45,1,No,No,No,No,Yes,Yes,Yes,1,95.2,4285.8,0,95.24000000000001,0,1,1,0,1,0,0,0,0,1,0,0
7890-VYYWG,0,1,1,0,3,0,No phone service,No,No,No,No,Yes,No,1,36.45,93.7,1,31.233333333333334,0,0,0,0,0,0,1,0,0,0,0,0
5197-LQXXH,1,0,1,0,71,1,Yes,No,Yes,Yes,Yes,Yes,Yes,1,83.3,5894.5,0,83.02112676056338,0,1,0,0,1,0,0,0,0,0,0,1
9907-SWKKF,1,1,0,0,1,0,No phone service,No,No,No,No,No,No,0,25.05,25.05,1,25.05,0,0,0,0,0,0,1,0,0,0,0,0
3457-PQBYH,1,0,1,1,58,1,No,No internet service,No internet service,No internet service,No internet service,No internet service,No internet service,0,20.3,1160.75,0,20.012931034482758,0,1,0,1,1,0,0,0,0,0,1,0
7682-AZNDK,0,0,1,1,34,1,No,No,Yes,Yes,No,Yes,No,1,89.85,3091.75,0,90.93382352941177,0,0,1,0,0,1,0,0,1,0,0,0
0587-DMGBH,1,0,0,0,8,1,No,Yes,No,No,No,No,No,1,49.85,365.55,1,45.69375,0,0,0,0,0,1,0,0,0,0,0,0
5384-ZTTWP,1,0,1,1,15,1,No,No internet service,No internet service,No internet service,No internet service,No internet service,No internet service,0,19.8,272.95,0,18.196666666666665,0,0,0,1,0,0,1,1,0,0,0,0
3745-HRPHI,0,0,1,1,66,0,No phone service,No,No,Yes,Yes,Yes,Yes,0,54.65,3632.0,0,55.03030303030303,0,1,0,0,0,0,0,0,0,0,0,1
7636-OWBPG,0,1,0,0,12,0,No phone service,No,Yes,No,No,No,No,1,29.35,381.2,0,31.766666666666666,0,0,0,0,1,0,0,0,0,0,0,0
1231-YNDEK,0,0,0,0,58,1,No,No internet service,No internet service,No internet service,No internet service,No internet service,No internet service,1,19.15,1035.5,0,17.853448275862068,0,1,0,1,0,0,0,0,0,0,1,0
1407-DIGZV,1,0,1,1,3,1,No,No internet service,No internet service,No internet service,No internet service,No internet service,No internet service,0,19.1,52.0,0,17.333333333333332,0,1,0,1,0,0,1,0,0,0,0,0
6397-JNZZG,1,1,1,0,43,0,No phone service,No,Yes,Yes,No,Yes,Yes,0,55.55,2342.2,1,54.46976744186046,0,0,0,0,1,0,0,0,0,1,0,0
0570-BFQHT,1,0,0,0,9,1,No,No,Yes,Yes,No,No,No,0,80.55,653.9,0,72.65555555555555,0,0,1,0,0,1,0,0,0,0,0,0
4393-OBCRR,1,0,0,0,3,1,No,No internet service,No internet service,No internet service,No internet service,No internet service,No internet service,0,20.25,71.2,0,23.733333333333334,1,0,0,1,0,0,1,0,0,0,0,0
3523-QRQLL,1,0,1,1,22,1,No,No,Yes,No,No,Yes,Yes,1,69.5,1498.2,1,68.10000000000001,1,0,0,0,0,0,0,1,0,0,0,0
8564-LDKFL,0,0,1,0,40,1,Yes,No,Yes,Yes,No,Yes,Yes,1,106.0,4178.65,0,104.46624999999999,1,0,1,0,0,0,0,0,0,1,0,0
3696-DFHHB,1,0,0,0,68,1,Yes,No internet service,No internet service,No internet service,No internet service,No internet service,No internet service,0,25.5,1821.8,0,26.791176470588233,0,1,0,1,0,0,0,0,0,0,0,1
0895-DQHEW,0,0,1,0,54,1,Yes,No,Yes,Yes,No,Yes,Yes,1,104.3,5278.15,1,97.74351851851851,0,0,1,0,0,1,0,0,0,0,1,0
4717-GHADL,1,0,0,0,50,1,Yes,No,Yes,No,Yes,Yes,Yes,1,79.6,4024.2,0,80.484,0,1,0,0,0,0,1,0,0,0,1,0
5501-TVMGM,0,0,0,0,1,1,No,No,No,No,No,No,Yes,1,55.25,55.25,0,55.25,0,0,0,0,0,1,0,0,0,0,0,0
5879-HMFFH,1,0,1,0,72,1,Yes,Yes,Yes,Yes,Yes,Yes,Yes,0,88.05,6520.8,0,90.56666666666666,0,1,0,0,0,0,0,0,0,0,0,1
6772-WFQRD,0,0,0,1,40,1,No,No internet service,No internet service,No internet service,No internet service,No internet service,No internet service,1,20.4,854.9,0,21.3725,1,0,0,1,0,0,0,0,0,1,0,0
3810-DVDQQ,1,0,1,1,72,1,Yes,Yes,Yes,Yes,Yes,Yes,Yes,1,117.6,8308.9,0,115.40138888888889,0,1,1,0,0,0,0,0,0,0,0,1
6972-SNKKW,1,0,0,0,6,1,No,No internet service,No internet service,No internet service,No internet service,No internet service,No internet service,0,20.0,109.2,0,18.2,0,0,0,1,0,0,1,0,0,0,0,0
3694-GLTJM,1,0,0,0,5,1,No,No internet service,No internet service,No internet service,No internet service,No internet service,No internet service,1,19.65,92.05,0,18.41,0,0,0,1,1,0,0,0,0,0,0,0
8550-XSXUQ,0,0,1,0,48,1,Yes,No,Yes,Yes,No,No,Yes,1,70.55,3420.5,0,71.26041666666667,1,0,0,0,1,0,0,0,0,1,0,0
8149-RSOUN,1,0,0,0,1,1,Yes,No,No,No,No,Yes,Yes,1,93.85,93.85,1,93.85,0,0,1,0,0,1,0,0,0,0,0,0
9055-MOJJJ,1,0,1,1,64,1,No,Yes,No,No,Yes,Yes,No,0,65.8,4068.0,0,63.5625,1,0,0,0,0,0,1,0,0,0,0,1
4359-INNWN,1,0,0,0,17,1,No,No internet service,No internet service,No internet service,No internet service,No internet service,No internet service,0,20.05,337.9,0,19.876470588235293,1,0,0,1,1,0,0,1,0,0,0,0
0585-EGDDA,0,0,1,0,40,1,No,No,Yes,Yes,No,No,No,1,80.0,3168.75,0,79.21875,0,0,1,0,0,1,0,0,0,1,0,0
4032-RMHCI,1,0,1,1,41,0,No phone service,Yes,No,Yes,No,No,No,0,35.4,1412.4,0,34.44878048780488,1,0,0,0,1,0,0,0,0,1,0,0
0549-CYCQN,0,1,0,0,51,1,Yes,No,Yes,No,No,No,No,1,79.6,3974.7,0,77.93529411764706,1,0,1,0,0,0,0,0,0,0,1,0
3481-JHUZH,0,0,1,0,41,1,Yes,No,Yes,No,No,No,No,1,80.25,3439.0,0,83.8780487804878,0,0,1,0,0,1,0,0,0,1,0,0
7250-EQKIY,1,0,1,1,1,1,No,No,No,Yes,No,No,No,0,50.45,50.45,1,50.45,0,0,0,0,0,0,1,0,0,0,0,0
3594-IVHJZ,1,0,0,0,2,1,No,No internet service,No internet service,No internet service,No internet service,No internet service,No internet service,1,20.45,42.45,0,21.225,0,0,0,1,0,0,1,0,0,0,0,0
6869-FGJJC,0,0,0,0,68,1,No,No,Yes,Yes,No,No,No,0,79.6,5461.45,0,80.31544117647059,1,0,1,0,1,0,0,0,0,0,0,1
3896-ZVNET,1,0,1,1,24,1,Yes,No internet service,No internet service,No internet service,No internet service,No internet service,No internet service,0,24.7,571.75,0,23.822916666666668,0,1,0,1,0,0,1,1,0,0,0,0
8205-VSLRB,0,0,1,0,70,1,Yes,Yes,No,Yes,Yes,No,Yes,0,77.3,5498.2,0,78.54571428571428,0,1,0,0,1,0,0,0,0,0,0,1
5960-MVTUK,0,0,0,0,3,0,No phone service,No,No,No,Yes,No,No,1,29.75,96.85,0,32.28333333333333,0,0,0,0,0,1,0,0,0,0,0,0
6817-WTYHE,0,0,0,0,2,1,No,No,No,No,No,No,No,0,44.9,111.05,0,55.525,0,0,0,0,0,0,0,0,0,0,0,0
3082-VQXNH,0,0,1,0,3,0,No phone service,No,Yes,No,No,No,No,0,29.8,94.4,0,31.46666666666667,0,0,0,0,1,0,0,0,0,0,0,0
4013-UBXWQ,1,0,0,0,7,1,Yes,No,No,No,Yes,Yes,Yes,1,74.65,521.1,1,74.44285714285715,0,0,0,0,0,1,0,0,0,0,0,0
4931-TRZWN,1,0,0,0,13,1,No,Yes,No,No,No,Yes,Yes,1,71.95,923.85,0,71.06538461538462,0,0,0,0,0,1,0,1,0,0,0,0
0750-EKNGL,0,0,0,0,7,1,No,No internet service,No internet service,No internet service,No internet service,No internet service,No internet service,0,20.75,141.1,0,20.157142857142855,0,0,0,1,0,0,1,0,0,0,0,0
7669-LCRSD,0,0,1,1,12,1,No,No,No,No,No,Yes,No,1,56.3,628.65,0,52.387499999999996,0,0,0,0,0,0,1,0,0,0,0,0
3567-PQTSO,0,0,1,1,53,1,Yes,No,Yes,Yes,No,Yes,Yes,1,105.25,5576.3,0,105.21320754716982,1,0,1,0,0,1,0,0,0,0,1,0
5519-NPHVG,1,0,0,0,12,1,Yes,No,No,No,No,Yes,Yes,1,94.2,1046.1,1,87.175,0,0,1,0,0,1,0,0,0,0,0,0
8043-PNYSD,0,0,1,1,63,1,No,No internet service,No internet service,No internet service,No internet service,No internet service,No internet service,0,19.55,1245.6,0,19.77142857142857,0,1,0,1,0,0,1,0,0,0,0,1
9938-EKRGF,1,0,0,0,15,1,No,Yes,Yes,Yes,Yes,Yes,Yes,0,84.45,1287.85,0,85.85666666666665,0,0,0,0,0,0,1,1,0,0,0,0
2703-AMTUL,0,0,1,1,36,1,No,Yes,Yes,No,No,No,No,0,53.65,1939.35,0,53.87083333333333,1,0,0,0,0,0,1,0,1,0,0,0
0928-JMXNP,0,1,1,0,4,0,No phone service,No,No,Yes,No,No,No,1,29.9,118.25,0,29.5625,0,0,0,0,0,1,0,0,0,0,0,0
8173-RXAYP,1,0,1,1,24,1,No,No internet service,No internet service,No internet service,No internet service,No internet service,No internet service,0,19.7,452.55,0,18.85625,0,1,0,1,0,0,1,1,0,0,0,0
4825-XJGDM,1,0,0,0,61,0,No phone service,Yes,Yes,Yes,Yes,No,No,0,43.7,2696.55,0,44.205737704918036,1,0,0,0,1,0,0,0,0,0,0,1
5402-HTOTQ,0,0,0,0,16,1,Yes,No,Yes,No,No,No,No,0,55.3,875.35,0,54.709375,0,0,0,0,0,1,0,1,0,0,0,0
6734-JDTTV,0,0,1,1,65,1,No,No internet service,No internet service,No internet service,No internet service,No internet service,No internet service,1,19.85,1267.05,0,19.493076923076924,0,1,0,1,1,0,0,0,0,0,0,1
7850-THJMU,1,0,1,1,26,1,No,No internet service,No internet service,No internet service,No internet service,No internet service,No internet service,0,19.65,494.9,0,19.034615384615385,0,1,0,1,1,0,0,0,1,0,0,0
3890-RTCMS,0,0,0,0,16,1,No,No,No,No,Yes,No,No,1,49.45,799.0,0,49.9375,0,0,0,0,0,0,1,1,0,0,0,0
8849-GYOKR,1,0,1,0,54,1,Yes,Yes,Yes,No,No,Yes,Yes,0,106.55,5763.3,1,106.72777777777777,1,0,1,0,0,0,0,0,0,0,1,0
3148-BLQJT,0,0,0,0,1,1,No,No internet service,No internet service,No internet service,No internet service,No internet service,No internet service,0,20.1,20.1,1,20.1,0,0,0,1,0,0,1,0,0,0,0,0
3717-FDJFU,0,0,0,1,5,1,No,No internet service,No internet service,No internet service,No internet service,No internet service,No internet service,0,20.45,106.9,0,21.380000000000003,0,1,0,1,0,0,1,0,0,0,0,0
3665-JATSN,1,0,0,0,19,0,No phone service,No,Yes,No,No,No,Yes,1,39.7,710.05,0,37.37105263157895,0,0,0,0,0,1,0,1,0,0,0,0
7966-YOTQW,0,0,0,0,10,1,Yes,Yes,No,No,No,No,No,1,54.5,568.2,0,56.82000000000001,0,0,0,0,1,0,0,0,0,0,0,0
0461-CVKMU,1,0,1,1,23,1,No,No,Yes,Yes,Yes,No,No,0,83.8,1900.25,1,82.6195652173913,0,0,1,0,0,1,0,1,0,0,0,0
8806-EAGWC,0,0,0,0,3,1,No,No,No,No,No,Yes,No,0,55.15,159.15,1,53.050000000000004,0,0,0,0,0,0,1,0,0,0,0,0
8853-TZDGH,1,0,0,0,72,1,Yes,No,Yes,Yes,Yes,Yes,Yes,1,111.6,8012.75,0,111.28819444444444,0,1,1,0,0,0,0,0,0,0,0,1
7779-LGOVN,0,1,1,0,10,1,Yes,No,No,No,No,No,Yes,1,86.65,856.65,1,85.66499999999999,0,0,1,0,0,1,0,0,0,0,0,0
4324-BZCKL,1,0,1,1,10,1,No,No,Yes,Yes,No,No,No,1,55.55,551.3,0,55.129999999999995,0,0,0,0,0,0,1,0,0,0,0,0
6924-TDGMT,0,0,1,0,11,1,No,No internet service,No internet service,No internet service,No internet service,No internet service,No internet service,1,20.55,184.95,0,16.813636363636363,1,0,0,1,0,0,1,0,0,0,0,0
9710-ZUSHQ,1,1,0,0,37,1,Yes,Yes,Yes,No,No,Yes,Yes,1,106.75,4056.75,1,109.64189189189189,0,0,1,0,0,0,0,0,0,1,0,0
1536-YHDOE,0,0,1,1,17,1,Yes,Yes,No,No,Yes,No,No,1,62.1,1096.65,0,64.50882352941177,1,0,0,0,0,0,1,1,0,0,0,0
8123-QBNAZ,1,0,1,1,36,1,Yes,Yes,No,Yes,No,Yes,Yes,1,104.5,3684.95,0,102.35972222222222,0,0,1,0,1,0,0,0,1,0,0,0
3629-ZNKXA,0,1,0,0,17,1,No,No,Yes,Yes,No,Yes,Yes,1,101.8,1752.45,0,103.08529411764707,0,0,1,0,0,1,0,1,0,0,0,0
4827-LTQRJ,1,1,1,1,66,1,Yes,Yes,Yes,No,Yes,Yes,Yes,1,110.6,7210.85,0,109.25530303030304,1,0,1,0,1,0,0,0,0,0,0,1
7711-YIJWC,0,0,1,1,61,1,No,Yes,Yes,Yes,Yes,Yes,Yes,0,84.9,5264.5,0,86.30327868852459,1,0,0,0,0,0,0,0,0,0,0,1
5482-VXSXJ,0,0,0,0,22,1,No,No,Yes,No,No,Yes,Yes,1,93.2,2157.3,0,98.05909090909091,0,0,1,0,0,0,1,1,0,0,0,0
7365-BVCJH,0,0,0,0,1,0,No phone service,No,No,No,No,No,No,1,24.4,24.4,0,24.4,0,0,0,0,0,1,0,0,0,0,0,0
9620-ENEJV,1,0,0,0,6,1,No,No,No,No,No,No,No,0,70.55,433.95,0,72.325,0,0,1,0,1,0,0,0,0,0,0,0
4183-WCSEP,0,0,0,0,31,1,No,No,Yes,No,Yes,No,No,1,78.45,2435.15,1,78.55322580645162,0,0,1,0,0,1,0,0,1,0,0,0
2378-YIZKA,1,0,1,1,68,1,No,Yes,Yes,Yes,Yes,Yes,Yes,1,85.0,5607.75,0,82.46691176470588,0,1,0,0,1,0,0,0,0,0,0,1
5498-TXHLF,1,0,1,1,34,1,Yes,No,No,Yes,No,Yes,No,0,87.45,2874.15,1,84.53382352941176,0,0,1,0,0,1,0,0,1,0,0,0
0689-DSXGL,1,0,1,1,52,1,No,No,Yes,Yes,Yes,No,No,0,85.8,4433.3,0,85.25576923076923,0,0,1,0,0,0,0,0,0,0,1,0
6818-DJXAA,1,0,0,1,10,1,No,No,No,Yes,Yes,Yes,No,1,91.1,964.35,0,96.435,0,0,1,0,0,1,0,0,0,0,0,0
9722-UJOJR,0,0,1,1,29,1,No,No,No,No,No,No,No,1,70.75,1974.8,1,68.09655172413792,0,0,1,0,0,1,0,0,1,0,0,0
0464-WJTKO,1,0,1,1,72,1,No,No internet service,No internet service,No internet service,No internet service,No internet service,No internet service,0,20.1,1460.85,0,20.289583333333333,0,1,0,1,0,0,0,0,0,0,0,1
8902-ZEOVF,0,0,1,1,47,1,No,No internet service,No internet service,No internet service,No internet service,No internet service,No internet service,0,20.05,951.55,0,20.245744680851065,1,0,0,1,0,0,1,0,0,1,0,0
6778-EICRF,0,0,1,1,24,1,Yes,Yes,No,No,No,Yes,Yes,0,74.8,1821.2,0,75.88333333333334,1,0,0,0,0,0,1,1,0,0,0,0
2662-NNTDK,0,0,0,0,65,1,Yes,No internet service,No internet service,No internet service,No internet service,No internet service,No internet service,0,24.8,1600.95,0,24.63,1,0,0,1,1,0,0,0,0,0,0,1
4132-KALRO,1,0,0,0,4,1,Yes,No,No,No,Yes,Yes,Yes,1,100.85,399.25,0,99.8125,0,0,1,0,0,0,1,0,0,0,0,0
3902-FOIGH,0,1,1,0,12,1,Yes,No,Yes,No,No,Yes,Yes,1,101.35,1218.55,1,101.54583333333333,0,0,1,0,0,1,0,0,0,0,0,0
6772-KSATR,0,0,0,0,1,1,Yes,Yes,No,No,No,No,No,1,81.7,81.7,1,81.7,0,0,1,0,0,1,0,0,0,0,0,0
7112-OPOTK,0,0,0,0,33,1,No,No,No,No,No,No,No,0,68.25,2171.15,1,65.79242424242425,0,0,1,0,0,1,0,0,1,0,0,0
2874-YXVVA,1,0,0,0,34,1,No,No,Yes,Yes,Yes,Yes,Yes,1,105.1,3634.8,0,106.90588235294118,0,0,1,0,0,1,0,0,1,0,0,0
1245-HARPS,1,0,1,0,14,1,No,No internet service,No internet service,No internet service,No internet service,No internet service,No internet service,0,20.4,292.4,0,20.885714285714283,0,1,0,1,0,0,1,1,0,0,0,0
4210-QFJMF,1,0,0,0,4,1,No,No,No,No,No,No,Yes,1,79.15,317.25,1,79.3125,0,0,1,0,0,1,0,0,0,0,0,0
4323-ELYYB,0,0,1,1,13,1,No,No internet service,No internet service,No internet service,No internet service,No internet service,No internet service,0,20.0,218.55,0,16.81153846153846,1,0,0,1,0,0,1,1,0,0,0,0
4293-ETKAP,1,0,1,1,65,1,Yes,No,Yes,No,Yes,Yes,Yes,1,79.4,5071.9,0,78.02923076923076,0,1,0,0,0,0,0,0,0,0,0,1
6064-PUPMC,0,0,1,1,23,1,No,Yes,No,No,Yes,No,No,0,57.2,1423.35,0,61.88478260869565,1,0,0,0,1,0,0,1,0,0,0,0
6504-VBLFL,0,0,1,0,55,1,No,Yes,Yes,Yes,No,No,No,0,58.6,3068.6,0,55.79272727272727,0,1,0,0,0,1,0,0,0,0,1,0
6322-PJJDJ,0,0,1,0,49,1,No,No,Yes,No,No,Yes,Yes,1,94.8,4690.65,0,95.72755102040816,0,1,1,0,0,1,0,0,0,0,1,0
0330-BGYZE,0,0,1,0,60,1,Yes,No,Yes,Yes,No,Yes,Yes,0,102.5,6157.6,0,102.62666666666668,1,0,1,0,0,0,0,0,0,0,1,0
1085-LDWAM,1,0,1,1,69,1,No,No internet service,No internet service,No internet service,No internet service,No internet service,No internet service,1,20.35,1442.65,0,20.907971014492755,1,0,0,1,1,0,0,0,0,0,0,1
7586-ZATGZ,0,0,0,0,40,1,Yes,No,No,No,No,Yes,No,1,84.9,3369.05,0,84.22625000000001,0,0,1,0,0,1,0,0,0,1,0,0
7197-VOJMM,0,0,1,0,67,1,No,Yes,Yes,No,Yes,No,Yes,1,69.2,4671.65,0,69.72611940298506,0,1,0,0,1,0,0,0,0,0,0,1
3318-OSATS,0,1,0,0,35,1,Yes,No,No,No,No,Yes,Yes,1,95.45,3474.05,1,99.25857142857143,0,0,1,0,0,1,0,0,1,0,0,0
5828-AVIPD,0,0,1,1,19,1,Yes,No,No,No,Yes,Yes,Yes,1,100.95,1875.55,1,98.71315789473684,1,0,1,0,0,1,0,1,0,0,0,0
1843-TLSGD,1,0,1,1,13,1,No,No internet service,No internet service,No internet service,No internet service,No internet service,No internet service,0,20.85,272.35,0,20.950000000000003,0,1,0,1,0,0,1,1,0,0,0,0
9626-VFRGG,1,0,0,1,41,1,Yes,No,Yes,No,No,Yes,No,1,88.5,3645.05,0,88.90365853658537,0,0,1,0,0,0,0,0,0,1,0,0
7075-BNDVQ,1,0,0,0,4,0,No phone service,Yes,No,Yes,No,No,No,0,35.0,135.75,0,33.9375,0,0,0,0,0,0,1,0,0,0,0,0
9143-CANJF,1,0,1,1,24,1,No,Yes,No,No,Yes,No,No,0,55.15,1319.85,0,54.99375,0,0,0,0,0,1,0,1,0,0,0,0
7284-BUYEC,1,0,0,0,5,0,No phone service,No,Yes,No,No,Yes,Yes,1,50.95,229.4,0,45.88,0,0,0,0,1,0,0,0,0,0,0,0
2041-JIJCI,1,0,0,0,5,1,Yes,No,Yes,No,No,No,Yes,1,64.0,370.25,0,74.05,0,0,0,0,0,1,0,0,0,0,0,0
1086-LXKFY,1,0,1,1,1,1,No,No,No,No,No,No,No,1,69.1,69.1,1,69.1,0,0,1,0,0,0,1,0,0,0,0,0
4900-MSOMT,1,0,1,1,72,1,Yes,Yes,Yes,Yes,Yes,Yes,No,0,80.2,5714.2,0,79.36388888888888,0,1,0,0,0,0,0,0,0,0,0,1
2229-VWQJH,1,0,0,0,24,1,No,No,No,Yes,No,No,No,1,49.3,1233.25,0,51.385416666666664,0,0,0,0,1,0,0,1,0,0,0,0
9194-GFVOI,1,0,1,0,42,1,Yes,Yes,No,Yes,Yes,Yes,Yes,0,84.35,3571.6,0,85.03809523809524,0,1,0,0,1,0,0,0,0,1,0,0
1336-EZFZY,1,0,0,0,4,1,No,No internet service,No internet service,No internet service,No internet service,No internet service,No internet service,0,20.05,83.3,0,20.825,0,0,0,1,0,0,1,0,0,0,0,0
4282-MSACW,0,0,0,0,68,1,Yes,Yes,Yes,Yes,Yes,Yes,Yes,1,117.2,8035.95,0,118.17573529411764,1,0,1,0,1,0,0,0,0,0,0,1
1403-LKLIK,1,0,1,1,33,1,No,No internet service,No internet service,No internet service,No internet service,No internet service,No internet service,0,20.1,579.4,0,17.55757575757576,1,0,0,1,0,0,1,0,1,0,0,0
2636-ALXXZ,1,1,0,0,1,1,No,No,No,No,No,No,No,1,69.6,69.6,1,69.6,0,0,1,0,0,1,0,0,0,0,0,0
7774-OJSXI,0,0,0,0,31,1,Yes,No,Yes,Yes,No,Yes,Yes,1,103.45,3066.45,1,98.91774193548386,1,0,1,0,0,1,0,0,1,0,0,0
7786-WBJYI,1,0,0,0,4,1,Yes,No,Yes,No,No,No,No,0,77.95,305.55,1,76.3875,0,0,1,0,0,0,0,0,0,0,0,0
0136-IFMYD,0,1,1,0,69,1,Yes,No,Yes,Yes,Yes,Yes,Yes,1,109.95,7634.25,0,110.6413043478261,0,1,1,0,0,1,0,0,0,0,0,1
5144-TVGLP,0,1,0,0,38,1,Yes,No,No,No,No,Yes,Yes,0,94.75,3653.0,0,96.13157894736842,0,0,1,0,0,1,0,0,0,1,0,0
9643-AVVWI,1,0,1,1,3,1,No,No,Yes,No,Yes,No,No,1,80.0,241.3,0,80.43333333333334,0,0,1,0,0,1,0,0,0,0,0,0
0253-ZTEOB,1,0,1,1,48,1,Yes,No,Yes,No,Yes,Yes,Yes,0,79.65,3870.3,0,80.63125000000001,0,1,0,0,0,1,0,0,0,1,0,0
2706-QZIHY,1,0,1,0,15,1,Yes,No internet service,No internet service,No internet service,No internet service,No internet service,No internet service,0,25.2,387.9,0,25.86,0,1,0,1,0,0,1,1,0,0,0,0
6061-PQHMK,1,0,0,0,25,1,No,No internet service,No internet service,No internet service,No internet service,No internet service,No internet service,0,19.9,527.5,0,21.1,1,0,0,1,1,0,0,0,1,0,0,0
9885-CSMWE,1,1,0,0,1,1,No,No,No,No,No,Yes,No,0,78.45,78.45,1,78.45,0,0,1,0,0,1,0,0,0,0,0,0
6137-MFAJN,1,0,0,0,48,0,No phone service,Yes,Yes,No,No,Yes,No,1,44.8,2104.55,0,43.84479166666667,0,0,0,0,0,1,0,0,0,1,0,0
9122-UMROB,0,0,0,0,1,1,No,No internet service,No internet service,No internet service,No internet service,No internet service,No internet service,0,20.3,20.3,0,20.3,0,0,0,1,0,0,1,0,0,0,0,0
4232-JGKIY,0,0,0,0,1,1,No,No internet service,No internet service,No internet service,No internet service,No internet service,No internet service,0,19.2,19.2,0,19.2,0,0,0,1,0,1,0,0,0,0,0,0
2402-TAIRZ,1,0,0,0,37,1,No,No,Yes,Yes,No,No,No,0,80.05,3019.1,0,81.59729729729729,1,0,1,0,0,1,0,0,0,1,0,0
9659-ZTWSM,0,1,1,0,66,1,Yes,No,Yes,Yes,Yes,Yes,Yes,1,107.35,7051.95,0,106.84772727272727,1,0,1,0,0,0,0,0,0,0,0,1
9139-TWBAS,1,0,1,0,26,0,No phone service,Yes,Yes,Yes,No,Yes,No,0,47.85,1190.5,0,45.78846153846154,1,0,0,0,0,0,0,0,1,0,0,0
6685-GBWJZ,0,0,1,0,63,1,No,Yes,Yes,No,Yes,Yes,No,0,70.8,4448.8,0,70.61587301587302,1,0,0,0,1,0,0,0,0,0,0,1
5016-ETTFF,0,0,0,0,10,0,No phone service,No,No,Yes,No,No,No,0,29.5,255.25,1,25.525,0,0,0,0,0,0,1,0,0,0,0,0
3866-MDTUB,1,0,0,0,2,1,No,Yes,No,No,No,Yes,Yes,1,70.75,146.9,1,73.45,0,0,0,0,0,1,0,0,0,0,0,0
2195-VVRJF,0,1,1,0,18,1,No,Yes,No,No,No,No,Yes,1,59.1,1011.05,0,56.169444444444444,0,0,0,0,1,0,0,1,0,0,0,0
3913-RDSJZ,1,0,1,0,64,1,Yes,No internet service,No internet service,No internet service,No internet service,No internet service,No internet service,0,25.55,1714.95,0,26.79609375,0,1,0,1,0,0,1,0,0,0,0,1
8058-JMEQO,1,1,0,0,9,1,Yes,No,No,No,No,No,Yes,1,84.45,762.5,1,84.72222222222223,0,0,1,0,0,1,0,0,0,0,0,0
4203-QGNZA,1,0,0,1,28,1,No,No internet service,No internet service,No internet service,No internet service,No internet service,No internet service,0,20.25,535.35,0,19.119642857142857,0,0,0,1,0,0,1,0,1,0,0,0
5043-TRZWM,1,0,0,0,1,1,No,No,No,Yes,No,No,No,0,75.55,75.55,0,75.55,0,0,1,0,0,1,0,0,0,0,0,0
0697-ZMSWS,0,0,0,0,4,1,Yes,No,No,No,No,No,Yes,1,85.65,338.9,1,84.725,0,0,1,0,0,1,0,0,0,0,0,0
7657-DYEPJ,0,1,0,0,38,1,No,No,Yes,Yes,Yes,Yes,No,1,70.15,2497.35,1,65.71973684210526,1,0,0,0,1,0,0,0,0,1,0,0
9494-BDNNC,0,0,1,0,66,1,Yes,No,Yes,Yes,No,No,Yes,0,95.3,6273.4,0,95.05151515151515,1,0,1,0,0,1,0,0,0,0,0,1
1640-PLFMP,1,0,0,0,1,1,No,No,No,No,No,No,No,1,70.25,70.25,0,70.25,0,0,1,0,0,1,0,0,0,0,0,0
5366-OBVMR,1,0,1,0,18,1,No,No,No,No,Yes,No,No,1,50.3,908.75,0,50.486111111111114,0,0,0,0,0,0,1,1,0,0,0,0
8276-MQBYC,0,1,0,0,51,1,Yes,No,No,Yes,No,Yes,Yes,1,97.8,4913.3,1,96.33921568627451,0,0,1,0,0,1,0,0,0,0,1,0
7593-XFKDI,0,0,0,0,1,1,No,No,No,No,No,No,No,0,46.3,46.3,1,46.3,0,0,0,0,0,0,1,0,0,0,0,0
4573-JKNAE,0,0,0,1,12,1,No,No internet service,No internet service,No internet service,No internet service,No internet service,No internet service,0,19.35,212.3,0,17.691666666666666,0,1,0,1,0,0,0,0,0,0,0,0
0337-CNPZE,1,0,0,0,41,1,Yes,No,Yes,Yes,No,Yes,Yes,1,106.3,4443.45,1,108.37682926829268,0,0,1,0,0,1,0,0,0,1,0,0
9817-APLHW,0,0,0,0,12,1,Yes,No internet service,No internet service,No internet service,No internet service,No internet service,No internet service,0,25.0,316.2,0,26.349999999999998,0,0,0,1,0,1,0,0,0,0,0,0
8380-MQINP,1,0,1,1,55,1,No,No internet service,No internet service,No internet service,No internet service,No internet service,No internet service,0,20.3,1079.05,0,19.619090909090907,0,1,0,1,0,0,1,0,0,0,1,0
0840-DFEZH,1,0,0,0,7,1,Yes,No,No,No,No,No,No,1,75.35,564.65,0,80.66428571428571,0,0,1,0,0,1,0,0,0,0,0,0
1513-XNPPH,1,0,0,0,12,1,No,No,No,Yes,Yes,No,Yes,1,89.4,1095.65,1,91.30416666666667,0,0,1,0,0,1,0,0,0,0,0,0
8690-ZVLCL,1,0,1,1,68,1,Yes,Yes,Yes,Yes,Yes,Yes,Yes,0,88.0,6161.9,0,90.61617647058823,0,1,0,0,1,0,0,0,0,0,0,1
6015-VVHHE,1,1,0,0,5,1,Yes,No,No,No,No,Yes,No,1,83.15,446.05,1,89.21000000000001,0,0,1,0,1,0,0,0,0,0,0,0
1125-SNVCK,1,1,0,0,49,1,No,No,No,No,No,No,No,0,43.8,2106.05,0,42.98061224489796,0,0,0,0,0,0,1,0,0,0,1,0
0384-LPITE,0,0,0,0,40,0,No phone service,Yes,Yes,Yes,No,Yes,Yes,0,62.05,2511.55,0,62.78875000000001,1,0,0,0,1,0,0,0,0,1,0,0
4616-EWBNJ,1,0,0,0,16,1,No,No internet service,No internet service,No internet service,No internet service,No internet service,No internet service,0,20.1,318.6,0,19.9125,1,0,0,1,0,0,0,1,0,0,0,0
6347-DCUIK,0,0,0,0,10,1,Yes,No,No,No,No,No,No,1,74.15,811.8,1,81.17999999999999,0,0,1,0,0,0,1,0,0,0,0,0
1335-HQMKX,1,0,1,0,72,1,Yes,No,Yes,Yes,No,Yes,Yes,1,101.35,7323.15,0,101.71041666666666,1,0,1,0,0,1,0,0,0,0,0,1
2545-EBUPK,1,1,0,0,2,1,Yes,No,No,No,No,No,Yes,1,84.05,186.05,0,93.025,0,0,1,0,0,1,0,0,0,0,0,0
6923-AQONU,0,0,1,1,23,1,No,No internet service,No internet service,No internet service,No internet service,No internet service,No internet service,0,20.9,454.0,0,19.73913043478261,0,1,0,1,0,0,1,1,0,0,0,0
2172-EJXVF,1,1,0,0,71,1,Yes,No,Yes,Yes,No,Yes,Yes,1,105.9,7521.95,0,105.94295774647887,1,0,1,0,0,1,0,0,0,0,0,1
0897-FEGMU,1,0,1,0,11,1,Yes,No,No,Yes,No,Yes,Yes,1,99.5,1056.95,1,96.08636363636364,0,0,1,0,0,1,0,0,0,0,0,0
7663-RGWBC,0,0,0,0,1,1,No,No,No,No,No,No,No,1,44.15,44.15,1,44.15,0,0,0,0,0,0,1,0,0,0,0,0
1120-BMWUB,1,0,0,0,16,1,No,No,Yes,No,Yes,No,No,1,53.9,834.15,1,52.134375,0,0,0,0,0,0,1,1,0,0,0,0
9124-LHCJQ,1,0,0,0,1,1,Yes,No,No,No,No,No,Yes,1,85.45,85.45,1,85.45,0,0,1,0,0,0,1,0,0,0,0,0
4536-PLEQY,0,0,1,0,12,1,No,No,Yes,No,No,No,Yes,1,85.05,999.8,0,83.31666666666666,0,0,1,0,1,0,0,0,0,0,0,0
7029-IJEJK,1,0,0,0,54,0,No phone service,Yes,No,No,Yes,No,Yes,0,44.1,2369.7,0,43.88333333333333,1,0,0,0,0,0,0,0,0,0,1,0
8871-JLMHM,1,0,1,0,68,1,Yes,No,Yes,Yes,Yes,No,No,0,90.2,6297.65,0,92.6125,0,1,1,0,1,0,0,0,0,0,0,1
2235-ZGKPT,1,0,1,1,4,1,Yes,No,No,No,No,No,No,0,50.85,239.55,1,59.8875,0,0,0,0,0,0,1,0,0,0,0,0
3891-PUQOD,1,0,0,1,1,1,No,No,No,Yes,No,No,Yes,0,59.2,59.2,1,59.2,0,0,0,0,0,1,0,0,0,0,0,0
5447-VYTKW,0,0,0,0,27,1,No,Yes,No,No,Yes,No,No,0,53.45,1461.45,0,54.12777777777778,0,0,0,0,0,0,1,0,1,0,0,0
3623-FQBOX,0,0,0,0,21,1,No,No internet service,No internet service,No internet service,No internet service,No internet service,No internet service,1,19.95,416.4,0,19.82857142857143,0,0,0,1,0,0,1,1,0,0,0,0
0689-NKYLF,0,0,0,0,13,1,No,No,No,Yes,No,Yes,No,1,83.2,1060.6,1,81.58461538461538,0,0,1,0,0,1,0,1,0,0,0,0
8659-HDIYE,1,1,0,0,64,1,Yes,No,Yes,Yes,Yes,No,Yes,0,74.65,4869.35,0,76.08359375,0,0,0,0,1,0,0,0,0,0,0,1
3658-KIBGF,1,0,0,0,1,1,No,Yes,Yes,No,No,No,No,1,54.9,54.9,1,54.9,0,0,0,0,0,1,0,0,0,0,0,0
3474-BAFSJ,0,0,1,0,57,0,No phone service,No,Yes,Yes,Yes,Yes,Yes,1,57.5,3265.95,0,57.29736842105263,0,1,0,0,0,0,0,0,0,0,1,0
5519-YLDGW,1,0,1,0,21,1,Yes,Yes,No,Yes,No,Yes,Yes,1,103.9,2254.2,1,107.34285714285713,0,0,1,0,0,1,0,1,0,0,0,0
3865-ZFZIB,0,0,0,0,19,1,No,No internet service,No internet service,No internet service,No internet service,No internet service,No internet service,0,19.65,358.15,0,18.849999999999998,0,1,0,1,0,0,1,1,0,0,0,0
1855-AGAWH,0,0,1,0,31,1,No,No,No,Yes,No,Yes,Yes,1,93.8,2939.8,0,94.83225806451614,1,0,1,0,0,1,0,0,1,0,0,0
7109-CQYUZ,0,0,0,0,52,1,Yes,Yes,Yes,Yes,Yes,Yes,Yes,1,89.25,4652.4,0,89.46923076923076,0,1,0,0,0,0,1,0,0,0,1,0
1370-GGAWX,1,0,0,0,46,1,Yes,No,Yes,Yes,No,No,Yes,1,94.15,4408.45,0,95.8358695652174,1,0,1,0,0,1,0,0,0,1,0,0
4680-KUTAJ,1,1,0,0,11,1,Yes,Yes,No,No,No,No,No,1,55.6,580.8,0,52.8,0,0,0,0,0,1,0,0,0,0,0,0
5307-UVGNB,1,0,1,1,53,0,No phone service,Yes,Yes,Yes,No,No,Yes,1,48.7,2495.2,0,47.079245283018864,0,0,0,0,0,0,0,0,0,0,1,0
4946-EDSEW,1,0,1,1,11,1,No,No internet service,No internet service,No internet service,No internet service,No internet service,No internet service,1,19.25,180.3,1,16.39090909090909,0,0,0,1,0,0,1,0,0,0,0,0
2883-ILGWO,0,1,0,0,57,1,Yes,No,Yes,No,Yes,Yes,Yes,1,104.9,5913.95,0,103.75350877192982,0,0,1,0,0,0,0,0,0,0,1,0
2516-VQRRV,1,1,0,0,2,1,Yes,No,No,No,No,No,No,1,75.45,158.4,1,79.2,0,0,1,0,0,0,1,0,0,0,0,0
7580-UGXNC,1,1,0,0,2,1,No,Yes,Yes,No,No,No,No,0,54.85,104.2,1,52.1,0,0,0,0,0,0,1,0,0,0,0,0
3642-BYHDO,1,0,1,1,71,1,No,No internet service,No internet service,No internet service,No internet service,No internet service,No internet service,0,19.9,1389.35,0,19.56830985915493,0,1,0,1,0,0,0,0,0,0,0,1
9629-NHXFW,1,0,1,1,1,1,No,No internet service,No internet service,No internet service,No internet service,No internet service,No internet service,1,19.4,19.4,0,19.4,0,0,0,1,0,0,1,0,0,0,0,0
2696-RZVZW,0,0,1,0,68,1,Yes,No internet service,No internet service,No internet service,No internet service,No internet service,No internet service,0,25.05,1629.2,0,23.958823529411767,0,1,0,1,1,0,0,0,0,0,0,1
5766-FTRTS,0,0,1,0,72,1,No,Yes,Yes,Yes,Yes,Yes,Yes,0,84.45,6033.1,0,83.79305555555555,0,1,0,0,0,0,1,0,0,0,0,1
0396-HUJBP,1,0,0,0,2,1,No,No internet service,No internet service,No internet service,No internet service,No internet service,No internet service,0,19.3,44.4,0,22.2,0,0,0,1,0,0,1,0,0,0,0,0
5178-LMXOP,0,1,1,0,1,1,Yes,No,No,No,No,Yes,Yes,1,95.1,95.1,1,95.1,0,0,1,0,0,1,0,0,0,0,0,0
8879-ZKJOF,1,0,0,0,41,1,No,Yes,No,Yes,Yes,Yes,Yes,1,79.85,3320.75,0,80.9939024390244,1,0,0,0,0,0,0,0,0,1,0,0
6285-FTQBF,0,0,1,1,72,1,Yes,No internet service,No internet service,No internet service,No internet service,No internet service,No internet service,0,25.55,1867.7,0,25.94027777777778,0,1,0,1,1,0,0,0,0,0,0,1
8185-UPYBR,0,0,1,0,6,1,Yes,No,No,No,No,No,No,1,75.5,438.0,1,73.0,0,0,1,0,0,1,0,0,0,0,0,0
4585-HETAI,1,0,1,1,4,1,No,No,No,Yes,No,No,No,1,73.75,325.45,1,81.3625,0,0,1,0,0,1,0,0,0,0,0,0
7526-BEZQB,0,0,0,0,12,1,Yes,No,No,No,No,Yes,Yes,1,96.05,1148.1,1,95.675,0,0,1,0,0,1,0,0,0,0,0,0
1474-JUWSM,1,0,1,0,58,1,Yes,Yes,No,No,Yes,No,Yes,1,68.4,3972.25,0,68.48706896551724,1,0,0,0,0,1,0,0,0,0,1,0
3530-CRZSB,1,0,0,0,7,1,No,No internet service,No internet service,No internet service,No internet service,No internet service,No internet service,0,20.65,155.9,0,22.271428571428572,0,0,0,1,0,0,1,0,0,0,0,0
8498-XXGWA,1,0,1,0,65,1,No,Yes,No,Yes,No,No,No,1,55.15,3673.15,0,56.51,0,0,0,0,0,0,1,0,0,0,0,1
9617-INGJY,0,0,0,0,1,1,No,No,No,No,No,No,No,1,70.6,70.6,0,70.6,0,0,1,0,0,0,1,0,0,0,0,0
0621-TSSMU,0,0,1,0,56,1,No,No internet service,No internet service,No internet service,No internet service,No internet service,No internet service,0,19.95,1126.75,0,20.120535714285715,1,0,0,1,1,0,0,0,0,0,1,0
7234-KMNRQ,0,0,0,0,4,1,No,No internet service,No internet service,No internet service,No internet service,No internet service,No internet service,0,19.0,73.45,0,18.3625,0,0,0,1,0,0,1,0,0,0,0,0
7636-PEPNS,1,0,1,1,58,1,No,No,No,No,No,No,No,1,44.1,2413.05,0,41.60431034482759,1,0,0,0,0,0,1,0,0,0,1,0
4683-WYDOU,0,0,1,0,62,1,Yes,No,No,Yes,Yes,Yes,Yes,1,107.6,6912.7,0,111.49516129032257,0,1,1,0,0,0,0,0,0,0,0,1
9052-DHNKM,0,0,0,0,26,1,Yes,Yes,Yes,No,No,No,No,0,61.55,1581.95,0,60.84423076923077,1,0,0,0,0,1,0,0,1,0,0,0
6794-HKIAJ,0,0,0,0,62,1,Yes,Yes,Yes,Yes,No,No,No,0,90.7,5586.45,0,90.1040322580645,0,0,1,0,0,0,0,0,0,0,0,1
5578-NKCXI,1,0,1,1,58,1,No,Yes,Yes,No,No,Yes,Yes,0,99.25,5846.65,0,100.80431034482758,1,0,1,0,1,0,0,0,0,0,1,0
1642-HMARX,1,0,1,0,68,1,Yes,Yes,Yes,Yes,Yes,Yes,Yes,1,91.7,6424.7,0,94.48088235294118,0,1,0,0,0,1,0,0,0,0,0,1
3096-WPXBT,1,0,1,1,61,1,Yes,Yes,Yes,Yes,No,No,Yes,1,100.7,6018.65,0,98.66639344262295,1,0,1,0,1,0,0,0,0,0,0,1
8434-PNQZX,1,0,0,0,42,1,Yes,No,No,Yes,Yes,Yes,Yes,1,78.45,3373.4,0,80.31904761904762,0,1,0,0,1,0,0,0,0,1,0,0
5950-AAAGJ,0,0,0,0,18,1,Yes,No,No,No,No,Yes,No,0,84.3,1537.9,0,85.4388888888889,0,0,1,0,0,0,0,1,0,0,0,0
4299-OPXEJ,1,0,0,0,56,1,No,No internet service,No internet service,No internet service,No internet service,No internet service,No internet service,1,19.55,1080.55,0,19.295535714285712,0,1,0,1,0,0,0,0,0,0,1,0
4951-UKAAQ,1,0,0,0,4,1,Yes,No,Yes,No,No,No,Yes,1,88.95,355.2,1,88.8,0,0,1,0,0,1,0,0,0,0,0,0
9618-LFJRU,1,0,0,0,4,1,No,No internet service,No internet service,No internet service,No internet service,No internet service,No internet service,0,20.45,82.85,0,20.7125,0,0,0,1,1,0,0,0,0,0,0,0
6693-DJWTY,1,0,0,1,35,1,No,Yes,Yes,No,No,No,No,0,55.6,2016.45,0,57.612857142857145,1,0,0,0,1,0,0,0,1,0,0,0
0744-GKNGE,1,0,1,1,64,1,Yes,Yes,No,No,Yes,No,No,1,86.8,5327.25,0,83.23828125,0,0,1,0,0,0,0,0,0,0,0,1
6447-EGDIV,1,0,0,0,31,1,No,No internet service,No internet service,No internet service,No internet service,No internet service,No internet service,0,20.95,683.25,0,22.04032258064516,1,0,0,1,0,0,1,0,1,0,0,0
1167-OYZJF,1,1,1,0,67,1,No,No internet service,No internet service,No internet service,No internet service,No internet service,No internet service,1,20.05,1263.05,0,18.851492537313433,0,1,0,1,0,0,0,0,0,0,0,1
2108-YKQTY,1,0,0,0,4,1,No,No,Yes,No,No,No,No,0,50.7,151.3,1,37.825,0,0,0,0,1,0,0,0,0,0,0,0
4806-DXQCE,1,1,1,0,70,1,Yes,Yes,Yes,Yes,Yes,Yes,Yes,1,113.65,7714.65,0,110.20928571428571,0,1,1,0,0,1,0,0,0,0,0,1
4918-QLLIW,0,0,0,0,3,1,No,No,No,No,No,Yes,No,0,53.4,188.7,1,62.9,0,0,0,0,1,0,0,0,0,0,0,0
7056-IMHCC,0,1,1,0,53,1,Yes,No,Yes,No,No,Yes,Yes,1,101.9,5549.4,1,104.70566037735848,0,0,1,0,0,1,0,0,0,0,1,0
4854-SSLTN,0,0,1,1,2,1,No,Yes,Yes,No,Yes,No,No,0,59.5,130.5,0,65.25,0,1,0,0,0,0,1,0,0,0,0,0
5294-DMSFH,1,0,1,1,29,1,No,No,No,No,No,Yes,Yes,1,87.8,2621.75,0,90.40517241379311,0,0,1,0,1,0,0,0,1,0,0,0
4837-PZTIC,1,0,0,0,47,0,No phone service,Yes,No,Yes,Yes,No,No,0,41.9,1875.25,0,39.898936170212764,0,1,0,0,0,0,1,0,0,1,0,0
1625-JAIIY,1,0,1,1,68,1,Yes,No,No,No,No,Yes,No,1,83.0,5685.8,1,83.61470588235295,1,0,1,0,0,1,0,0,0,0,0,1
0603-OLQDC,0,0,0,1,12,1,No,Yes,No,No,No,Yes,Yes,1,69.85,837.5,0,69.79166666666667,0,0,0,0,0,0,1,0,0,0,0,0
3272-VUHPV,1,0,1,1,8,1,No,No,Yes,No,Yes,No,No,0,56.3,401.5,0,50.1875,0,0,0,0,0,0,0,0,0,0,0,0
4176-FXYBO,0,0,1,0,54,1,Yes,Yes,Yes,Yes,No,Yes,Yes,0,109.55,6118.95,0,113.31388888888888,0,0,1,0,0,1,0,0,0,0,1,0
1063-DHQJF,0,0,1,1,69,1,No,No,Yes,No,Yes,Yes,No,1,92.15,6480.9,0,93.92608695652173,0,1,1,0,0,0,1,0,0,0,0,1
8663-UPDGF,1,0,0,0,26,1,Yes,Yes,Yes,No,No,Yes,No,1,69.5,1800.05,0,69.2326923076923,0,0,0,0,0,0,0,0,1,0,0,0
6719-FGEDO,1,0,1,0,72,1,Yes,Yes,Yes,Yes,Yes,No,No,1,97.0,7104.2,0,98.66944444444444,0,1,1,0,0,0,0,0,0,0,0,1
1837-YQUCE,1,0,0,0,70,0,No phone service,Yes,No,Yes,Yes,Yes,Yes,1,58.35,4214.25,0,60.20357142857143,0,1,0,0,0,0,0,0,0,0,0,1
2947-DOMLJ,0,0,0,1,1,1,No,Yes,No,No,No,No,No,0,50.6,50.6,1,50.6,0,0,0,0,0,0,1,0,0,0,0,0
4112-LUEIZ,0,0,0,0,10,1,No,No,No,No,No,Yes,Yes,1,89.5,863.1,1,86.31,0,0,1,0,0,1,0,0,0,0,0,0
0369-ZGOVK,1,0,1,1,28,1,No,No,No,No,No,No,No,1,70.4,1992.2,0,71.15,1,0,1,0,0,0,0,0,1,0,0,0
4510-HIMLV,0,0,0,0,1,1,No,No,No,No,No,No,No,1,69.8,69.8,1,69.8,0,0,1,0,0,1,0,0,0,0,0,0
9919-KNPOO,1,0,1,0,21,1,Yes,No,No,No,No,Yes,Yes,1,94.3,1948.35,0,92.77857142857142,0,0,1,0,0,1,0,1,0,0,0,0
8749-JMNKX,0,1,1,0,51,1,Yes,Yes,No,Yes,No,Yes,No,1,93.8,4750.95,1,93.15588235294118,0,0,1,0,0,0,0,0,0,0,1,0
7872-BAAZR,1,0,1,1,53,1,No,No internet service,No internet service,No internet service,No internet service,No internet service,No internet service,0,19.55,1007.9,0,19.016981132075472,1,0,0,1,0,0,0,0,0,0,1,0
9391-LMANN,0,0,0,1,53,1,No,Yes,Yes,Yes,No,No,Yes,0,95.95,5036.9,0,95.03584905660377,1,0,1,0,0,1,0,0,0,0,1,0
2430-USGXP,0,0,1,0,24,1,Yes,No,No,Yes,No,Yes,Yes,1,101.05,2391.8,1,99.65833333333335,0,0,1,0,0,1,0,1,0,0,0,0
8174-TBVCF,1,0,1,0,70,1,Yes,Yes,Yes,Yes,Yes,Yes,Yes,1,94.8,6859.05,0,97.98642857142858,0,1,0,0,1,0,0,0,0,0,0,1
1698-XFZCI,0,0,0,0,61,1,Yes,Yes,Yes,Yes,No,Yes,Yes,1,107.75,6521.9,0,106.91639344262295,1,0,1,0,0,1,0,0,0,0,0,1
1877-HKBQX,1,0,0,0,11,1,No,Yes,No,No,Yes,No,No,1,54.6,617.85,0,56.16818181818182,1,0,0,0,0,0,1,0,0,0,0,0
4450-DLLMH,0,0,0,0,2,1,No,No,No,No,No,No,No,1,71.3,157.75,0,78.875,0,0,1,0,1,0,0,0,0,0,0,0
0428-AXXLJ,0,0,0,0,25,1,No,No internet service,No internet service,No internet service,No internet service,No internet service,No internet service,1,19.5,516.3,0,20.651999999999997,1,0,0,1,0,0,0,0,1,0,0,0
2746-DIJLO,1,0,0,0,41,1,Yes,No,Yes,No,No,No,No,1,56.3,2364.0,0,57.65853658536585,1,0,0,0,1,0,0,0,0,1,0,0
5955-ERIHD,0,0,1,0,18,1,Yes,No,No,No,No,Yes,Yes,1,94.7,1687.95,1,93.775,0,0,1,0,0,1,0,1,0,0,0,0
0917-EZOLA,0,1,1,0,72,1,Yes,No,Yes,Yes,No,Yes,Yes,1,104.15,7689.95,1,106.80486111111111,0,1,1,0,0,0,0,0,0,0,0,1
3508-VLHCZ,1,0,1,1,71,1,Yes,Yes,Yes,Yes,Yes,Yes,Yes,1,90.55,6239.05,0,87.87394366197184,0,1,0,0,1,0,0,0,0,0,0,1
4086-ATNFV,1,0,1,1,34,1,No,Yes,Yes,Yes,No,No,No,1,60.8,2042.05,0,60.06029411764706,1,0,0,0,0,0,1,0,1,0,0,0
0468-YRPXN,0,0,0,0,29,1,No,No,No,Yes,Yes,Yes,Yes,1,98.8,2807.1,0,96.79655172413793,0,0,1,0,1,0,0,0,1,0,0,0
5996-NRVXR,0,1,1,0,40,1,No,Yes,Yes,Yes,Yes,Yes,No,1,98.15,4116.8,0,102.92,1,0,1,0,1,0,0,0,0,1,0,0
3739-YBWAB,0,0,1,0,36,0,No phone service,Yes,No,Yes,No,No,No,0,35.35,1317.95,0,36.609722222222224,1,0,0,0,0,0,1,0,1,0,0,0
7047-FWEYA,1,0,1,0,46,1,Yes,No,Yes,No,Yes,Yes,Yes,1,103.15,4594.65,0,99.8836956521739,1,0,1,0,0,1,0,0,0,1,0,0
2000-MPKCA,1,0,0,0,58,1,Yes,Yes,Yes,Yes,No,Yes,Yes,1,107.75,6332.75,0,109.1853448275862,1,0,1,0,0,1,0,0,0,0,1,0
9762-YAQAA,0,0,0,0,39,1,Yes,No,Yes,No,No,No,No,0,81.4,3213.75,0,82.40384615384616,1,0,1,0,1,0,0,0,0,1,0,0
5949-EBSQK,0,0,1,1,4,1,No,No,No,No,Yes,No,Yes,0,61.45,229.55,1,57.3875,0,0,0,0,1,0,0,0,0,0,0,0
5473-KHBPS,1,0,1,1,52,1,Yes,No,Yes,Yes,No,Yes,No,1,95.7,4976.15,0,95.6951923076923,1,0,1,0,1,0,0,0,0,0,1,0
0100-DUVFC,0,1,1,0,70,1,Yes,No,Yes,Yes,No,Yes,Yes,1,104.8,7308.95,0,104.41357142857143,1,0,1,0,0,1,0,0,0,0,0,1
5397-TUPSH,0,1,1,0,65,1,No,No,No,No,No,No,No,1,70.95,4555.2,0,70.08,1,0,1,0,0,0,0,0,0,0,0,1
8950-MTZNV,0,0,0,0,1,1,No,No,No,No,No,No,No,1,44.95,44.95,0,44.95,0,0,0,0,0,0,1,0,0,0,0,0
0326-VDYXE,1,0,1,0,70,1,Yes,No,No,Yes,No,Yes,Yes,1,97.65,6982.5,0,99.75,1,0,1,0,0,1,0,0,0,0,0,1
6773-LQTVT,1,1,1,1,29,0,No phone service,No,Yes,Yes,No,No,No,1,35.65,1025.15,0,35.35,0,0,0,0,0,0,1,0,1,0,0,0
7274-RTAPZ,0,0,0,0,1,1,No,No,No,No,No,Yes,Yes,1,90.55,90.55,1,90.55,0,0,1,0,0,1,0,0,0,0,0,0
0436-TWFFZ,1,0,0,0,67,1,Yes,Yes,No,Yes,Yes,Yes,Yes,1,85.25,5714.2,0,85.2865671641791,0,1,0,0,0,0,1,0,0,0,0,1
8566-YPRGL,1,0,0,0,1,1,No,No internet service,No internet service,No internet service,No internet service,No internet service,No internet service,1,19.5,19.5,0,19.5,0,0,0,1,0,0,1,0,0,0,0,0
0311-UNPFF,1,0,0,0,26,1,No,No,No,No,No,Yes,Yes,1,88.8,2274.35,1,87.475,0,0,1,0,0,0,0,0,1,0,0,0
6609-MXJHJ,1,0,1,1,30,1,Yes,No internet service,No internet service,No internet service,No internet service,No internet service,No internet service,1,25.1,789.55,0,26.31833333333333,0,1,0,1,0,0,1,0,1,0,0,0
2669-OIDSD,1,0,1,0,48,1,No,No,No,Yes,Yes,Yes,Yes,1,100.05,4834.0,0,100.70833333333333,0,0,1,0,1,0,0,0,0,1,0,0
8400-WZICQ,1,0,1,1,55,1,No,Yes,Yes,No,No,No,No,0,55.7,3131.8,0,56.941818181818185,0,0,0,0,0,1,0,0,0,0,1,0
3834-XUIFC,0,0,0,0,7,1,Yes,No,No,No,No,No,Yes,1,85.2,602.55,1,86.07857142857142,0,0,1,0,0,0,1,0,0,0,0,0
9576-SYUHJ,0,0,0,0,37,1,Yes,Yes,No,No,No,Yes,No,1,91.15,3369.25,0,91.0608108108108,0,0,1,0,0,1,0,0,0,1,0,0
0410-IPFTY,1,0,1,0,31,1,No,No,Yes,No,No,No,Yes,1,83.85,2674.15,0,86.26290322580645,0,0,1,0,0,0,0,0,1,0,0,0
2831-EBWRN,0,0,0,0,4,1,No,No,No,No,No,No,No,1,45.9,199.75,0,49.9375,0,0,0,0,0,1,0,0,0,0,0,0
9430-NKQLY,0,0,1,1,72,1,Yes,No internet service,No internet service,No internet service,No internet service,No internet service,No internet service,1,25.1,1790.8,0,24.87222222222222,0,1,0,1,1,0,0,0,0,0,0,1
8414-MYSHR,0,1,0,0,5,1,No,No,No,No,No,Yes,Yes,1,91.4,449.75,1,89.95,0,0,1,0,0,1,0,0,0,0,0,0
0247-SLUJI,0,0,1,1,1,1,No,No internet service,No internet service,No internet service,No internet service,No internet service,No internet service,0,19.7,19.7,0,19.7,0,0,0,1,0,0,1,0,0,0,0,0
9402-ORRAH,1,1,0,0,15,1,No,No,No,No,No,Yes,Yes,1,91.5,1400.3,0,93.35333333333332,0,0,1,0,0,1,0,1,0,0,0,0
6483-OATDN,0,0,1,1,8,1,No,Yes,No,No,No,No,No,1,51.3,411.6,0,51.45,0,0,0,0,1,0,0,0,0,0,0,0
1293-HHSHJ,1,0,0,0,35,1,No,No internet service,No internet service,No internet service,No internet service,No internet service,No internet service,0,21.1,741.0,0,21.17142857142857,1,0,0,1,0,0,1,0,1,0,0,0
4840-ORQXB,1,1,0,0,56,1,Yes,No,Yes,Yes,No,Yes,Yes,0,104.75,5841.35,0,104.30982142857144,0,0,1,0,0,1,0,0,0,0,1,0
7599-FKVXZ,0,0,1,0,42,1,Yes,No,No,Yes,Yes,Yes,Yes,1,106.15,4512.7,1,107.4452380952381,0,0,1,0,0,0,0,0,0,1,0,0
3982-DQLUS,0,1,1,1,65,1,Yes,Yes,Yes,No,No,No,No,1,85.75,5688.45,0,87.51461538461538,0,0,1,0,0,1,0,0,0,0,0,1
8610-ZIKJJ,1,0,1,1,2,1,No,No internet service,No internet service,No internet service,No internet service,No internet service,No internet service,0,20.3,31.9,0,15.95,1,0,0,1,0,0,1,0,0,0,0,0
3756-VNWDH,0,1,1,0,65,1,Yes,Yes,No,No,No,Yes,Yes,1,100.75,6674.65,0,102.68692307692307,1,0,1,0,0,1,0,0,0,0,0,1
7801-KICAO,1,0,0,0,18,1,Yes,No,No,No,No,No,No,1,74.15,1345.75,0,74.76388888888889,0,0,1,0,0,1,0,1,0,0,0,0
7673-LPRNY,1,0,0,0,23,1,Yes,Yes,No,Yes,No,Yes,Yes,1,78.55,1843.05,0,80.13260869565217,1,0,0,0,0,1,0,1,0,0,0,0
8229-TNIQA,1,0,0,0,4,1,No,No,No,No,No,No,No,1,45.3,196.95,1,49.2375,0,0,0,0,0,0,1,0,0,0,0,0
6060-QBMGV,0,0,1,0,70,1,No,No internet service,No internet service,No internet service,No internet service,No internet service,No internet service,0,19.85,1433.8,0,20.482857142857142,0,1,0,1,1,0,0,0,0,0,0,1
7339-POGZN,1,0,0,0,4,1,Yes,No,No,No,No,No,No,0,50.7,214.55,0,53.6375,0,0,0,0,0,1,0,0,0,0,0,0
2828-SLQPF,0,0,0,0,19,1,No,No,No,No,No,No,No,1,45.0,865.85,0,45.57105263157895,0,0,0,0,0,0,0,1,0,0,0,0
4465-VDKIQ,1,0,0,0,18,1,No,No,Yes,Yes,No,No,No,0,77.8,1358.6,0,75.47777777777777,0,0,1,0,0,1,0,1,0,0,0,0
2921-XWDJH,1,1,1,0,38,1,No,Yes,No,No,No,No,Yes,1,83.45,3147.15,0,82.81973684210527,0,0,1,0,0,1,0,0,0,1,0,0
6221-AVQYL,0,0,0,0,2,1,Yes,No,No,No,No,No,No,1,73.25,131.05,1,65.525,0,0,1,0,1,0,0,0,0,0,0,0
2558-BUOZZ,0,0,0,0,47,1,Yes,Yes,Yes,No,No,Yes,No,0,94.8,4535.85,0,96.50744680851065,1,0,1,0,0,0,0,0,0,1,0,0
9257-AZMTZ,1,0,1,1,52,1,No,No internet service,No internet service,No internet service,No internet service,No internet service,No internet service,0,20.1,1078.75,0,20.745192307692307,0,1,0,1,0,0,0,0,0,0,1,0
0003-MKNFE,0,0,0,0,9,1,Yes,No,No,No,No,No,Yes,0,59.9,542.4,0,60.266666666666666,0,0,0,0,0,0,1,0,0,0,0,0
0975-UYDTX,1,0,1,0,26,1,Yes,Yes,Yes,Yes,Yes,Yes,Yes,1,90.1,2312.55,0,88.94423076923077,1,0,0,0,1,0,0,0,1,0,0,0
7743-EXURX,0,0,1,1,8,1,No,No,No,Yes,No,No,No,1,51.05,415.05,1,51.88125,0,0,0,0,0,1,0,0,0,0,0,0
4682-BLBUC,0,0,1,0,44,1,No,No,Yes,Yes,Yes,Yes,No,1,70.95,3250.45,0,73.87386363636364,1,0,0,0,0,1,0,0,0,1,0,0
0975-VOOVL,1,0,0,0,3,0,No phone service,No,Yes,No,No,No,No,0,29.2,98.5,0,32.833333333333336,0,0,0,0,0,0,1,0,0,0,0,0
5968-VXZLG,0,0,0,0,2,1,No,No,No,No,No,No,No,1,46.6,87.9,0,43.95,0,0,0,0,0,0,0,0,0,0,0,0
5569-KGJHX,1,0,1,1,9,1,Yes,No,No,No,No,Yes,No,1,85.35,754.65,1,83.85,0,0,1,0,0,0,0,0,0,0,0,0
4988-IQIGL,0,1,0,0,1,1,Yes,No,No,No,No,No,No,1,75.35,75.35,1,75.35,0,0,1,0,0,1,0,0,0,0,0,0
5201-FRKKS,0,0,0,0,25,1,No,Yes,No,No,No,No,No,0,74.3,1952.25,0,78.09,0,0,1,0,0,0,0,0,1,0,0,0
9799-CAYJJ,1,1,1,0,2,1,No,No,No,No,No,No,No,1,69.3,153.8,0,76.9,0,0,1,0,0,1,0,0,0,0,0,0
7730-IUTDZ,0,0,0,0,43,1,No,Yes,No,No,No,No,No,1,75.2,3198.6,1,74.38604651162791,0,0,1,0,0,1,0,0,0,1,0,0
0426-TIRNE,1,0,0,0,1,1,No,No internet service,No internet service,No internet service,No internet service,No internet service,No internet service,0,20.9,20.9,1,20.9,0,0,0,1,0,0,1,0,0,0,0,0
5443-SCMKX,1,0,1,0,58,1,Yes,No,Yes,Yes,No,No,Yes,1,94.3,5610.15,0,96.72672413793103,1,0,1,0,0,1,0,0,0,0,1,0
8295-KMENE,1,0,1,1,59,1,Yes,Yes,No,Yes,Yes,Yes,No,1,76.45,4519.5,0,76.60169491525424,0,1,0,0,0,0,1,0,0,0,1,0
6738-ISCBM,0,0,0,0,44,0,No phone service,Yes,No,Yes,No,Yes,Yes,1,54.0,2440.25,0,55.46022727272727,1,0,0,0,0,1,0,0,0,1,0,0
9821-BESNZ,0,0,0,0,66,1,Yes,No,Yes,No,Yes,Yes,Yes,1,104.25,6860.6,0,103.94848484848485,1,0,1,0,0,1,0,0,0,0,0,1
3678-MNGZX,0,0,1,1,68,1,No,No internet service,No internet service,No internet service,No internet service,No internet service,No internet service,0,19.95,1377.7,0,20.26029411764706,0,1,0,1,0,0,0,0,0,0,0,1
1335-NTIUC,0,0,0,0,9,0,No phone service,No,No,No,No,No,No,1,24.95,190.25,0,21.13888888888889,0,0,0,0,0,1,0,0,0,0,0,0
2916-BQZLN,0,0,0,0,19,1,Yes,Yes,No,Yes,No,No,No,1,84.75,1651.95,0,86.94473684210527,0,0,1,0,0,1,0,1,0,0,0,0
4558-CGYCZ,0,0,0,0,4,1,No,No internet service,No internet service,No internet service,No internet service,No internet service,No internet service,0,19.75,78.3,0,19.575,0,0,0,1,0,0,1,0,0,0,0,0
2368-GAKKQ,1,0,0,0,70,1,Yes,Yes,Yes,Yes,Yes,Yes,Yes,1,113.65,7939.25,0,113.41785714285714,0,1,1,0,0,0,0,0,0,0,0,1
8710-YGLWG,0,0,0,0,1,1,No,No,No,No,No,No,No,1,44.9,44.9,0,44.9,0,0,0,0,0,0,1,0,0,0,0,0
3199-XGZCY,1,0,0,0,8,1,Yes,No,No,No,No,No,No,1,75.25,576.7,0,72.0875,0,0,1,0,0,1,0,0,0,0,0,0
3785-KTYSH,0,0,0,0,53,1,Yes,No internet service,No internet service,No internet service,No internet service,No internet service,No internet service,0,24.6,1279.0,0,24.132075471698112,0,1,0,1,0,0,1,0,0,0,1,0
6814-ZPWFQ,0,1,0,0,51,1,Yes,No internet service,No internet service,No internet service,No internet service,No internet service,No internet service,0,25.0,1260.7,0,24.719607843137254,1,0,0,1,0,0,0,0,0,0,1,0
4063-EIKNQ,0,0,1,1,11,1,No,No internet service,No internet service,No internet service,No internet service,No internet service,No internet service,0,20.95,267.35,0,24.30454545454546,0,0,0,1,0,0,0,0,0,0,0,0
6993-YCOBK,0,0,1,1,60,1,Yes,Yes,No,Yes,Yes,Yes,Yes,1,110.6,6586.85,0,109.78083333333333,0,1,1,0,0,1,0,0,0,0,1,0
5206-HPJKM,0,0,0,0,17,1,No,Yes,Yes,No,No,No,No,1,55.5,934.15,0,54.949999999999996,0,0,0,0,1,0,0,1,0,0,0,0
7587-RZNME,0,0,0,0,3,1,No,No,No,No,No,No,No,1,43.3,123.65,1,41.21666666666667,0,0,0,0,0,1,0,0,0,0,0,0
0748-RDGGM,0,0,1,0,70,1,No,Yes,Yes,Yes,Yes,Yes,Yes,1,109.5,7534.65,1,107.63785714285714,1,0,1,0,0,0,0,0,0,0,0,1
8393-JMVMB,0,0,0,0,1,1,No,No internet service,No internet service,No internet service,No internet service,No internet service,No internet service,0,19.45,19.45,0,19.45,0,0,0,1,0,0,1,0,0,0,0,0
5019-GQVCR,0,1,0,0,43,1,Yes,No,No,No,No,Yes,No,1,84.85,3645.6,0,84.78139534883721,0,0,1,0,0,1,0,0,0,1,0,0
6036-TTFYU,1,0,1,0,16,1,No,No internet service,No internet service,No internet service,No internet service,No internet service,No internet service,0,19.6,314.45,0,19.653125,0,0,0,1,0,0,1,1,0,0,0,0
2550-AEVRU,1,0,1,1,57,1,No,Yes,Yes,No,No,No,No,0,53.45,3053.0,0,53.56140350877193,1,0,0,0,0,1,0,0,0,0,1,0
0969-RGKCU,0,0,1,1,37,1,No,No internet service,No internet service,No internet service,No internet service,No internet service,No internet service,0,19.8,677.05,0,18.298648648648648,1,0,0,1,1,0,0,0,0,1,0,0
0378-CJKPV,1,0,1,0,72,1,Yes,Yes,Yes,Yes,Yes,Yes,Yes,0,112.1,7965.95,0,110.63819444444444,0,1,1,0,1,0,0,0,0,0,0,1
4706-AXVKM,1,1,0,0,11,1,Yes,No,No,No,No,No,Yes,1,84.8,906.85,1,82.44090909090909,0,0,1,0,1,0,0,0,0,0,0,0
5889-JTMUL,1,1,1,0,50,1,Yes,No,Yes,Yes,No,Yes,No,1,95.05,4888.7,1,97.774,0,0,1,0,0,1,0,0,0,0,1,0
9026-RNUJS,0,1,0,0,5,1,No,No,No,Yes,No,No,No,0,50.35,237.25,1,47.45,0,0,0,0,0,1,0,0,0,0,0,0
3746-EUBYR,0,0,1,0,1,1,Yes,No,No,No,No,No,No,1,74.6,74.6,1,74.6,0,0,1,0,0,0,0,0,0,0,0,0
2332-EFBJY,0,0,0,0,16,1,No,No internet service,No internet service,No internet service,No internet service,No internet service,No internet service,1,19.7,342.4,1,21.4,0,0,0,1,0,0,1,1,0,0,0,0
2880-FPNAE,0,1,1,0,2,1,No,No,No,Yes,No,No,No,1,74.2,140.1,0,70.05,0,0,1,0,0,1,0,0,0,0,0,0
1703-MGIAB,1,0,0,0,17,1,Yes,No,No,Yes,Yes,Yes,No,1,69.0,1108.0,0,65.17647058823529,0,0,0,0,0,0,1,1,0,0,0,0
4311-QTTAI,1,0,0,0,16,1,No,No internet service,No internet service,No internet service,No internet service,No internet service,No internet service,0,19.35,295.55,0,18.471875,1,0,0,1,1,0,0,1,0,0,0,0
9474-PHLYD,1,0,0,0,15,1,No,No,No,Yes,No,No,Yes,1,59.45,892.65,1,59.51,0,0,0,0,0,1,0,1,0,0,0,0
4318-RAJVY,1,0,0,0,10,1,No,No internet service,No internet service,No internet service,No internet service,No internet service,No internet service,1,19.8,198.25,0,19.825,1,0,0,1,0,0,1,0,0,0,0,0
2165-VOEGB,1,0,0,1,46,1,No,Yes,Yes,No,Yes,Yes,Yes,1,105.2,4822.85,1,104.8445652173913,1,0,1,0,0,0,0,0,0,1,0,0
3612-YUNGG,0,0,1,1,64,1,Yes,No,Yes,Yes,Yes,Yes,Yes,1,109.2,6741.15,0,105.33046875,0,1,1,0,1,0,0,0,0,0,0,1
2254-DLXRI,1,0,0,0,1,1,Yes,No,Yes,No,No,No,No,1,79.15,79.15,0,79.15,0,0,1,0,0,0,1,0,0,0,0,0
5062-CJJKH,0,0,1,1,25,1,No,No,Yes,Yes,No,No,No,0,53.65,1355.45,0,54.218,1,0,0,0,0,0,1,0,1,0,0,0
9028-LIHRP,0,0,1,1,71,1,No,Yes,Yes,Yes,Yes,Yes,No,0,100.2,7209.0,0,101.53521126760563,0,1,1,0,1,0,0,0,0,0,0,1
2219-MVUSO,0,0,0,0,8,1,No,No,No,No,No,No,No,1,45.15,438.4,1,54.8,0,0,0,0,0,0,1,0,0,0,0,0
1053-MXTTK,1,0,1,1,72,1,No,Yes,Yes,Yes,Yes,Yes,Yes,1,108.65,7726.35,0,107.31041666666667,0,1,1,0,0,0,0,0,0,0,0,1
1530-ZTDOZ,1,0,1,0,49,0,No phone service,Yes,No,No,No,Yes,No,0,40.65,2070.75,0,42.26020408163265,0,0,0,0,0,0,0,0,0,0,1,0
1301-LOPVR,0,0,1,1,29,0,No phone service,Yes,Yes,Yes,Yes,No,Yes,1,55.35,1636.95,0,56.44655172413793,1,0,0,0,1,0,0,0,1,0,0,0
0853-TWRVK,0,0,1,0,72,1,Yes,Yes,Yes,Yes,Yes,No,Yes,0,105.6,7581.5,0,105.29861111111111,0,1,1,0,0,0,0,0,0,0,0,1
8914-RBTSB,0,0,1,0,31,1,Yes,No,Yes,Yes,No,Yes,No,0,93.8,3019.5,1,97.40322580645162,0,0,1,0,0,1,0,0,1,0,0,0
6212-ATMLK,1,0,0,0,50,1,Yes,No,No,No,No,Yes,Yes,1,95.7,4729.75,0,94.595,0,0,1,0,0,1,0,0,0,0,1,0
8200-LGKSR,0,0,1,0,71,1,Yes,Yes,No,Yes,Yes,Yes,Yes,0,83.2,6126.1,0,86.2830985915493,0,1,0,0,0,1,0,0,0,0,0,1
1568-BEKZM,0,1,1,0,70,1,Yes,Yes,Yes,Yes,Yes,Yes,Yes,0,90.05,6333.4,0,90.47714285714285,0,1,0,0,1,0,0,0,0,0,0,1
0670-ANMUU,0,0,0,0,71,1,Yes,Yes,No,No,Yes,No,Yes,0,97.65,6687.85,0,94.19507042253521,1,0,1,0,1,0,0,0,0,0,0,1
6897-RWMUB,0,0,1,1,61,1,No,Yes,Yes,Yes,Yes,No,No,1,68.05,4158.25,0,68.16803278688525,0,1,0,0,0,0,0,0,0,0,0,1
0963-ZBDRN,0,0,0,0,32,1,No,No,No,No,Yes,Yes,Yes,1,96.2,3183.4,1,99.48125,0,0,1,0,0,1,0,0,1,0,0,0
7594-RQHXR,1,0,0,1,1,1,No,No,No,No,No,No,Yes,1,79.6,79.6,1,79.6,0,0,1,0,0,1,0,0,0,0,0,0
6999-CHVCF,0,0,0,0,68,1,Yes,Yes,Yes,Yes,No,No,Yes,1,102.1,7149.35,0,105.1375,0,1,1,0,0,0,0,0,0,0,0,1
6134-KWTBV,0,0,0,0,62,1,Yes,No internet service,No internet service,No internet service,No internet service,No internet service,No internet service,0,23.4,1429.65,0,23.058870967741935,0,1,0,1,0,0,0,0,0,0,0,1
1077-HUUJM,1,0,0,1,7,1,No,No,No,No,No,No,No,1,71.05,472.65,0,67.52142857142857,0,0,1,0,0,1,0,0,0,0,0,0
6331-EWIEB,0,0,0,0,20,1,Yes,No,No,No,No,Yes,No,1,85.25,1734.5,1,86.725,0,0,1,0,0,1,0,1,0,0,0,0
0895-LNKRC,0,0,1,1,6,1,No,No internet service,No internet service,No internet service,No internet service,No internet service,No internet service,0,19.45,113.5,0,18.916666666666668,1,0,0,1,0,0,1,0,0,0,0,0
2045-BMBTJ,1,1,0,0,33,0,No phone service,Yes,Yes,Yes,No,Yes,Yes,1,59.45,1884.65,0,57.11060606060607,0,0,0,0,0,0,0,0,1,0,0,0
8417-GSODA,0,0,1,1,28,1,Yes,No,No,No,No,Yes,Yes,0,92.2,2568.15,0,91.71964285714286,1,0,1,0,0,0,0,0,1,0,0,0
5171-EPLKN,0,0,0,0,27,1,No,No internet service,No internet service,No internet service,No internet service,No internet service,No internet service,0,19.85,470.0,0,17.40740740740741,0,1,0,1,1,0,0,0,1,0,0,0
4452-QIIEB,0,0,0,0,7,1,No,No,No,No,No,No,No,0,43.9,278.4,0,39.771428571428565,0,0,0,0,0,0,1,0,0,0,0,0
5998-VVEJY,0,0,0,0,26,1,Yes,No,No,No,Yes,No,No,1,80.5,2088.8,1,80.33846153846154,0,0,1,0,0,1,0,0,1,0,0,0
1624-NALOJ,0,1,0,0,5,1,Yes,No,Yes,No,No,No,Yes,1,89.8,502.6,1,100.52000000000001,0,0,1,0,0,1,0,0,0,0,0,0
6741-EGCBI,0,1,0,0,30,1,Yes,Yes,No,No,No,No,Yes,1,90.5,2595.85,0,86.52833333333334,0,0,1,0,1,0,0,0,1,0,0,0
7820-ZYGNY,0,0,0,0,63,1,Yes,No,Yes,No,No,No,Yes,0,90.45,5825.5,0,92.46825396825396,1,0,1,0,1,0,0,0,0,0,0,1
4317-VTEOA,0,0,0,0,1,1,No,No,Yes,No,No,No,No,1,50.75,50.75,1,50.75,0,0,0,0,0,1,0,0,0,0,0,0
9677-AVKED,1,0,0,1,53,1,Yes,No,Yes,Yes,Yes,Yes,Yes,1,84.6,4449.75,0,83.95754716981132,1,0,0,0,0,1,0,0,0,0,1,0
1670-SVOWZ,1,0,1,1,14,1,No,No,Yes,No,Yes,No,Yes,1,89.65,1208.35,1,86.31071428571428,0,0,1,0,1,0,0,1,0,0,0,0
2227-JRSJX,1,0,0,0,21,1,No,No,Yes,No,Yes,Yes,Yes,1,99.15,1956.4,0,93.16190476190476,0,0,1,0,0,0,0,1,0,0,0,0
9847-HNVGP,0,0,0,0,17,1,No,No internet service,No internet service,No internet service,No internet service,No internet service,No internet service,0,19.95,310.6,0,18.27058823529412,1,0,0,1,0,0,1,1,0,0,0,0
6696-YDAYZ,0,0,1,1,16,1,No,No internet service,No internet service,No internet service,No internet service,No internet service,No internet service,0,20.5,290.55,0,18.159375,0,1,0,1,0,0,1,1,0,0,0,0
8980-WQFWL,1,0,0,0,35,1,No,No,No,Yes,No,No,Yes,1,62.1,2096.1,0,59.888571428571424,0,0,0,0,0,1,0,0,1,0,0,0
1730-ZMAME,1,1,0,0,32,1,No,No,No,No,No,No,Yes,1,79.5,2665.0,0,83.28125,0,0,1,0,0,1,0,0,1,0,0,0
6506-EYCNH,1,0,1,1,28,1,No,No internet service,No internet service,No internet service,No internet service,No internet service,No internet service,1,19.55,543.8,0,19.42142857142857,0,0,0,1,0,0,0,0,1,0,0,0
4634-JLRJT,1,0,0,0,1,1,No,No internet service,No internet service,No internet service,No internet service,No internet service,No internet service,1,20.35,20.35,0,20.35,0,0,0,1,0,0,1,0,0,0,0,0
9501-UKKNL,0,0,0,0,59,0,No phone service,No,No,No,Yes,Yes,Yes,1,51.7,3005.8,0,50.94576271186441,0,0,0,0,0,1,0,0,0,0,1,0
2560-QTSBS,1,0,1,1,72,1,Yes,No internet service,No internet service,No internet service,No internet service,No internet service,No internet service,1,23.3,1623.15,0,22.543750000000003,1,0,0,1,0,0,0,0,0,0,0,1
7541-YLXCL,0,0,0,0,36,1,No,No,Yes,No,Yes,No,Yes,1,65.4,2498.4,1,69.4,1,0,0,0,0,0,1,0,1,0,0,0
4795-WRNVT,1,0,0,0,40,1,No,Yes,Yes,No,No,Yes,No,0,65.1,2586.0,0,64.65,0,0,0,0,0,0,1,0,0,1,0,0
6080-TCMYC,0,0,1,1,40,1,Yes,No,No,Yes,No,No,No,1,81.2,3292.3,0,82.3075,0,0,1,0,0,1,0,0,0,1,0,0
0260-ZDLGK,1,0,0,1,9,1,No,No,No,Yes,Yes,Yes,Yes,1,72.9,651.4,1,72.37777777777778,0,0,0,0,0,0,1,0,0,0,0,0
7860-UXCRM,0,0,1,1,63,1,No,Yes,Yes,Yes,Yes,Yes,No,0,74.5,4674.55,0,74.19920634920635,0,1,0,0,1,0,0,0,0,0,0,1
6357-JJPQT,1,0,0,0,3,1,No,No,No,No,No,Yes,No,1,80.5,232.35,0,77.45,0,0,1,0,0,1,0,0,0,0,0,0
2292-XQWSV,0,0,1,1,40,0,No phone service,No,Yes,Yes,Yes,Yes,Yes,0,60.3,2448.5,0,61.2125,1,0,0,0,0,0,1,0,0,1,0,0
9552-TGUZV,0,0,1,0,8,1,No,Yes,No,No,No,No,No,1,75.0,658.1,0,82.2625,0,0,1,0,0,0,1,0,0,0,0,0
5913-INRQV,0,1,1,0,34,1,No,Yes,No,No,Yes,Yes,No,0,90.15,3128.8,0,92.02352941176471,1,0,1,0,0,0,1,0,1,0,0,0
8722-NGNBH,0,0,0,0,5,0,No phone service,Yes,No,Yes,Yes,No,No,0,40.0,223.45,1,44.69,0,0,0,0,0,0,1,0,0,0,0,0
6210-KBBPI,0,1,0,0,9,1,Yes,No,Yes,No,No,Yes,Yes,1,99.45,919.4,1,102.15555555555555,0,0,1,0,1,0,0,0,0,0,0,0
9643-YBLUR,0,0,1,0,9,1,Yes,No,Yes,Yes,No,No,Yes,1,69.05,653.95,0,72.66111111111111,0,0,0,0,1,0,0,0,0,0,0,0
8734-FNWVH,0,0,1,1,31,1,Yes,No,No,No,No,No,Yes,0,59.7,1825.5,0,58.88709677419355,0,0,0,0,0,0,0,0,1,0,0,0
9447-YPTBX,1,0,1,0,50,1,No,No internet service,No internet service,No internet service,No internet service,No internet service,No internet service,1,19.85,943.1,0,18.862000000000002,1,0,0,1,0,0,0,0,0,0,1,0
0133-BMFZO,1,0,0,0,2,1,No,Yes,Yes,No,Yes,No,No,1,86.25,181.65,1,90.825,0,0,1,0,0,1,0,0,0,0,0,0
6128-CZOMY,1,0,0,0,1,1,No,No,No,No,No,No,No,1,45.65,45.65,1,45.65,0,0,0,0,0,1,0,0,0,0,0,0
9540-JYROE,0,0,0,0,8,1,No,No,No,No,No,No,No,1,70.1,551.35,1,68.91875,0,0,1,0,0,0,1,0,0,0,0,0
9026-LHEVG,1,0,0,0,9,0,No phone service,No,Yes,No,No,No,Yes,0,40.75,359.4,0,39.93333333333333,0,0,0,0,0,1,0,0,0,0,0,0
2260-USTRB,1,1,0,0,2,1,No,No,No,No,No,No,No,1,70.2,115.95,1,57.975,0,0,1,0,0,0,0,0,0,0,0,0
3656-TKRVZ,1,0,0,0,3,1,No,Yes,Yes,No,No,No,No,0,55.35,165.2,1,55.06666666666666,0,0,0,0,0,1,0,0,0,0,0,0
7011-CVEUC,0,0,1,0,25,1,No,No,No,No,Yes,Yes,Yes,1,95.7,2338.35,0,93.53399999999999,0,0,1,0,1,0,0,0,1,0,0,0
6185-TASNN,0,1,0,0,1,1,No,No,No,No,No,No,No,0,46.3,46.3,0,46.3,0,0,0,0,0,1,0,0,0,0,0,0
7925-PNRGI,1,0,1,1,45,1,Yes,Yes,Yes,Yes,Yes,Yes,No,0,81.3,3541.1,0,78.69111111111111,0,0,0,0,0,0,1,0,0,1,0,0
8623-TMRBY,0,1,1,1,51,1,Yes,No,Yes,Yes,No,No,No,1,84.2,4146.05,1,81.29509803921569,0,0,1,0,0,1,0,0,0,0,1,0
1552-CZCLL,1,0,1,1,55,1,No,No internet service,No internet service,No internet service,No internet service,No internet service,No internet service,0,20.0,1087.25,0,19.76818181818182,0,0,0,1,1,0,0,0,0,0,1,0
3038-PQIUY,1,0,0,0,38,1,Yes,Yes,Yes,Yes,No,No,No,1,66.15,2522.4,0,66.37894736842105,0,0,0,0,0,0,0,0,0,1,0,0
1501-SGHBW,0,0,0,0,2,1,No,No,No,No,No,No,No,0,45.85,81.0,1,40.5,0,0,0,0,0,0,1,0,0,0,0,0
9313-CDOGY,0,0,1,1,38,1,No,No internet service,No internet service,No internet service,No internet service,No internet service,No internet service,0,19.6,717.3,0,18.876315789473683,0,0,0,1,0,1,0,0,0,1,0,0
8148-BPLZQ,0,0,0,0,34,1,No,No,Yes,No,No,No,No,1,49.8,1734.2,0,51.00588235294118,0,0,0,0,0,1,0,0,1,0,0,0
2623-DRYAM,1,0,1,0,70,1,Yes,No,No,Yes,No,Yes,Yes,1,101.75,7069.3,0,100.99000000000001,1,0,1,0,0,1,0,0,0,0,0,1
9987-LUTYD,1,0,0,0,13,1,No,Yes,No,No,Yes,No,No,0,55.15,742.9,0,57.146153846153844,1,0,0,0,0,0,1,1,0,0,0,0
3208-YPIOE,0,0,0,0,39,1,Yes,No,No,No,No,No,No,0,75.25,3017.65,1,77.37564102564103,0,0,1,0,0,1,0,0,0,1,0,0
4488-KQFDT,1,0,0,0,61,1,Yes,No,Yes,Yes,No,Yes,Yes,1,103.95,6423.0,0,105.29508196721312,1,0,1,0,0,1,0,0,0,0,0,1
2612-RANWT,1,0,0,0,12,1,Yes,No,No,Yes,No,Yes,Yes,1,100.15,1164.3,1,97.02499999999999,0,0,1,0,0,0,0,0,0,0,0,0
5693-PIPCS,0,0,0,0,41,1,No,No,Yes,No,Yes,Yes,Yes,1,99.65,4220.35,0,102.93536585365854,0,1,1,0,1,0,0,0,0,1,0,0
0491-KAPQG,0,0,0,0,21,1,Yes,No,No,No,No,No,No,1,73.7,1558.7,0,74.22380952380952,0,0,1,0,0,1,0,1,0,0,0,0
1925-LFCZZ,0,1,0,0,55,0,No phone service,No,No,Yes,No,Yes,Yes,1,50.05,2743.45,0,49.880909090909086,1,0,0,0,0,0,0,0,0,0,1,0
8039-EQPIM,0,0,1,0,69,0,No phone service,Yes,No,Yes,Yes,Yes,Yes,0,60.25,4055.5,0,58.77536231884058,0,1,0,0,0,0,0,0,0,0,0,1
6900-PXRMS,0,1,1,1,26,1,Yes,No,Yes,Yes,No,Yes,Yes,0,105.75,2710.25,1,104.24038461538461,0,0,1,0,0,1,0,0,1,0,0,0
8707-RMEZH,1,1,1,0,69,1,No,Yes,Yes,No,No,No,Yes,0,87.3,6055.55,0,87.76159420289855,1,0,1,0,1,0,0,0,0,0,0,1
3346-BRMIS,1,1,1,0,18,0,No phone service,No,No,Yes,No,Yes,Yes,1,48.35,810.7,1,45.03888888888889,0,0,0,0,0,1,0,1,0,0,0,0
3209-ZPKFI,0,0,1,1,47,1,Yes,No,Yes,No,No,No,No,0,54.25,2538.2,0,54.00425531914893,0,0,0,0,0,1,0,0,0,1,0,0
6479-VDGRK,1,0,1,1,72,1,No,Yes,Yes,Yes,Yes,Yes,Yes,0,85.3,6129.2,0,85.12777777777778,0,1,0,0,0,0,0,0,0,0,0,1
9373-WSLOY,0,1,1,0,33,0,No phone service,No,Yes,Yes,Yes,Yes,No,1,50.0,1750.85,0,53.056060606060605,0,0,0,0,0,1,0,0,1,0,0,0
2933-FILNV,1,0,1,1,2,0,No phone service,No,No,No,No,No,No,1,24.4,36.55,1,18.275,0,0,0,0,0,0,1,0,0,0,0,0
3569-JFODW,1,0,1,1,72,1,Yes,Yes,Yes,Yes,Yes,Yes,Yes,0,90.95,6652.45,0,92.39513888888888,0,1,0,0,1,0,0,0,0,0,0,1
9819-FBNSV,0,1,1,0,37,1,No,No,No,No,No,No,No,1,72.25,2575.45,0,69.60675675675675,0,0,1,0,0,0,0,0,0,1,0,0
9544-PYPSJ,1,1,1,1,62,1,Yes,No,Yes,Yes,No,No,Yes,1,96.1,6019.35,0,97.08629032258065,0,0,1,0,1,0,0,0,0,0,0,1
1591-XWLGB,1,0,1,0,71,1,No,No internet service,No internet service,No internet service,No internet service,No internet service,No internet service,0,19.85,1379.6,0,19.430985915492958,0,1,0,1,1,0,0,0,0,0,0,1
0396-UKGAI,0,0,0,1,23,1,No,No,Yes,No,Yes,No,No,1,55.3,1284.2,0,55.834782608695654,0,0,0,0,0,0,0,1,0,0,0,0
3243-ZHOHY,1,0,0,0,16,1,No,No internet service,No internet service,No internet service,No internet service,No internet service,No internet service,0,20.1,296.15,0,18.509375,1,0,0,1,0,0,1,1,0,0,0,0
5186-EJEGL,0,0,0,0,9,1,No,Yes,No,Yes,Yes,Yes,No,1,69.5,653.25,0,72.58333333333333,0,0,0,0,0,0,1,0,0,0,0,0
7527-QNRUS,0,0,1,1,17,1,Yes,No internet service,No internet service,No internet service,No internet service,No internet service,No internet service,1,25.15,412.6,0,24.27058823529412,0,1,0,1,0,0,1,1,0,0,0,0
9986-BONCE,1,0,0,0,4,1,No,No internet service,No internet service,No internet service,No internet service,No internet service,No internet service,0,20.95,85.5,1,21.375,0,0,0,1,0,0,0,0,0,0,0,0
2722-JMONI,1,1,1,0,1,1,No,Yes,No,No,No,No,No,1,49.55,49.55,1,49.55,0,0,0,0,0,1,0,0,0,0,0,0
2203-GHNWN,1,0,1,0,24,1,Yes,No,No,Yes,No,No,No,1,79.65,1928.7,0,80.3625,0,0,1,0,0,0,1,1,0,0,0,0
3878-AVSOQ,1,1,0,0,1,1,No,No,No,No,No,No,No,1,71.25,71.25,0,71.25,0,0,1,0,0,1,0,0,0,0,0,0
3258-SYSWS,0,1,0,0,72,1,Yes,Yes,Yes,Yes,Yes,Yes,Yes,0,113.8,7845.8,0,108.96944444444445,0,1,1,0,0,0,0,0,0,0,0,1
5296-PSYVW,1,0,1,0,72,1,Yes,No internet service,No internet service,No internet service,No internet service,No internet service,No internet service,0,24.55,1750.7,0,24.31527777777778,0,1,0,1,0,1,0,0,0,0,0,1
6319-QSUSR,1,0,0,1,11,1,No,No internet service,No internet service,No internet service,No internet service,No internet service,No internet service,0,19.7,216.2,0,19.654545454545453,0,0,0,1,1,0,0,0,0,0,0,0
4083-EUGRJ,0,0,0,0,9,1,No,No internet service,No internet service,No internet service,No internet service,No internet service,No internet service,0,20.25,178.5,1,19.833333333333332,0,0,0,1,0,0,1,0,0,0,0,0
7579-OOPEC,1,1,1,0,2,1,No,No,Yes,No,No,No,No,0,50.15,115.1,1,57.55,0,0,0,0,1,0,0,0,0,0,0,0
0512-FLFDW,1,1,1,0,60,1,Yes,No,No,Yes,No,Yes,Yes,1,100.5,6029.0,0,100.48333333333333,1,0,1,0,1,0,0,0,0,0,1,0
1771-OADNZ,0,1,1,0,29,1,Yes,No,Yes,Yes,No,No,Yes,1,95.9,2745.2,1,94.66206896551724,0,0,1,0,0,1,0,0,1,0,0,0
0487-CRLZF,1,0,0,0,49,1,No,No,No,Yes,Yes,Yes,Yes,1,74.45,3721.9,0,75.95714285714286,0,1,0,0,0,0,0,0,0,0,1,0
2107-FBPTK,1,1,0,0,30,1,Yes,No,Yes,Yes,No,Yes,Yes,1,104.1,3121.1,0,104.03666666666666,0,0,1,0,0,1,0,0,1,0,0,0
9451-WLYRI,1,0,1,0,53,1,No,No internet service,No internet service,No internet service,No internet service,No internet service,No internet service,0,19.05,990.45,0,18.687735849056605,1,0,0,1,1,0,0,0,0,0,1,0
8219-VYBVI,0,0,0,1,39,1,Yes,No internet service,No internet service,No internet service,No internet service,No internet service,No internet service,0,25.0,1004.35,0,25.752564102564104,0,1,0,1,0,0,1,0,0,1,0,0
1991-VOPLL,1,0,0,0,9,1,No,No internet service,No internet service,No internet service,No internet service,No internet service,No internet service,0,19.05,157.65,0,17.516666666666666,0,0,0,1,0,0,1,0,0,0,0,0
9738-QLWTP,0,0,0,0,39,1,No,No,No,Yes,Yes,No,No,0,81.9,3219.75,0,82.5576923076923,1,0,1,0,0,1,0,0,0,1,0,0
1016-DJTSV,0,1,0,0,8,1,No,No,No,No,No,No,No,1,69.7,572.85,0,71.60625,0,0,1,0,0,1,0,0,0,0,0,0
9419-IPPBE,1,0,1,1,51,1,Yes,No,No,Yes,No,No,Yes,1,90.15,4554.85,0,89.31078431372549,1,0,1,0,0,1,0,0,0,0,1,0
0174-QRVVY,0,0,1,1,71,1,Yes,No internet service,No internet service,No internet service,No internet service,No internet service,No internet service,0,25.35,1847.55,0,26.021830985915493,0,1,0,1,1,0,0,0,0,0,0,1
5699-BNCAS,0,1,0,0,71,1,Yes,No internet service,No internet service,No internet service,No internet service,No internet service,No internet service,1,24.65,1766.75,0,24.883802816901408,0,1,0,1,0,0,1,0,0,0,0,1
2900-PHPLN,1,1,1,0,70,1,No,No internet service,No internet service,No internet service,No internet service,No internet service,No internet service,1,19.55,1462.05,0,20.88642857142857,0,1,0,1,1,0,0,0,0,0,0,1
0612-RTZZA,1,1,0,0,1,0,No phone service,No,No,No,No,No,No,0,25.25,25.25,1,25.25,0,0,0,0,0,1,0,0,0,0,0,0
8106-GWQOK,0,0,1,0,38,0,No phone service,Yes,Yes,No,Yes,Yes,Yes,1,60.0,2193.2,0,57.715789473684204,0,1,0,0,0,0,0,0,0,1,0,0
8751-EDEKA,1,0,1,0,28,1,No,No,Yes,Yes,No,No,Yes,0,89.9,2433.5,0,86.91071428571429,0,0,1,0,1,0,0,0,1,0,0,0
6878-GGDWG,1,0,1,0,32,1,No,No internet service,No internet service,No internet service,No internet service,No internet service,No internet service,0,19.4,641.15,0,20.0359375,0,0,0,1,0,0,0,0,1,0,0,0
4039-PIMHX,0,1,1,0,49,1,No,No,Yes,No,No,No,No,0,49.8,2398.4,0,48.946938775510205,0,1,0,0,0,0,1,0,0,0,1,0
8450-LUGUK,1,0,1,1,37,1,Yes,No internet service,No internet service,No internet service,No internet service,No internet service,No internet service,1,24.1,861.85,0,23.293243243243243,0,1,0,1,0,0,0,0,0,1,0,0
3604-WLABM,1,0,0,0,10,1,No,No,No,Yes,Yes,No,No,0,54.25,583.0,0,58.3,0,0,0,0,0,1,0,0,0,0,0,0
0795-GMVQO,0,0,1,0,67,1,Yes,Yes,Yes,Yes,No,Yes,Yes,0,109.9,7332.4,0,109.43880597014925,1,0,1,0,1,0,0,0,0,0,0,1
2259-OUUSZ,0,0,0,0,7,0,No phone service,No,No,Yes,Yes,No,No,1,35.5,249.55,0,35.65,1,0,0,0,1,0,0,0,0,0,0,0
1142-IHLOO,1,0,0,0,51,1,No,No,No,No,No,Yes,Yes,0,87.55,4475.9,0,87.7627450980392,1,0,1,0,1,0,0,0,0,0,1,0
6410-LEFEN,1,0,0,0,9,1,No,No,No,No,No,No,No,0,45.15,416.45,1,46.27222222222222,0,0,0,0,0,1,0,0,0,0,0,0
4633-MKHYU,1,0,0,0,9,1,No,No,No,No,No,Yes,Yes,1,88.4,788.6,0,87.62222222222222,0,0,1,0,0,0,1,0,0,0,0,0
6257-RJOHI,0,0,0,0,4,1,No,No,No,No,Yes,No,No,1,50.8,202.3,0,50.575,0,0,0,0,0,0,1,0,0,0,0,0
1545-JFUML,0,0,1,0,71,1,Yes,Yes,Yes,Yes,No,Yes,No,1,99.0,6994.6,0,98.51549295774649,0,1,1,0,0,1,0,0,0,0,0,1
3194-ORPIK,1,0,1,1,50,1,Yes,No,No,No,No,Yes,No,1,84.4,4116.15,1,82.323,0,0,1,0,0,0,0,0,0,0,1,0
7826-VVKWT,1,1,1,1,24,1,No,No,No,Yes,No,Yes,Yes,1,96.55,2263.45,0,94.31041666666665,0,1,1,0,0,1,0,1,0,0,0,0
1353-GHZOS,0,0,1,0,22,1,No,Yes,No,No,No,Yes,No,1,59.75,1374.35,0,62.470454545454544,1,0,0,0,0,0,0,1,0,0,0,0
2587-EKXTS,0,0,0,0,44,1,Yes,Yes,Yes,Yes,No,Yes,Yes,1,111.5,4915.15,0,111.70795454545454,0,0,1,0,0,1,0,0,0,1,0,0
5442-BXVND,1,0,1,1,33,1,Yes,No internet service,No internet service,No internet service,No internet service,No internet service,No internet service,0,24.25,838.5,0,25.40909090909091,0,0,0,1,0,0,0,0,1,0,0,0
8816-VXNZD,1,0,0,0,1,1,Yes,No,No,No,No,No,No,1,75.1,75.1,1,75.1,0,0,1,0,0,1,0,0,0,0,0,0
9378-FXTIZ,1,0,1,0,54,1,Yes,No,No,No,No,Yes,Yes,1,70.15,3715.65,1,68.80833333333334,1,0,0,0,1,0,0,0,0,0,1,0
1723-HKXJQ,0,0,0,0,42,1,Yes,No,Yes,No,No,Yes,Yes,1,101.75,4273.45,1,101.74880952380951,0,0,1,0,0,1,0,0,0,1,0,0
7825-GKXMW,1,0,0,0,1,1,No,No,No,No,No,No,No,0,45.8,45.8,1,45.8,0,0,0,0,0,1,0,0,0,0,0,0
9753-OYLBX,1,0,0,0,1,1,No,No internet service,No internet service,No internet service,No internet service,No internet service,No internet service,0,20.5,20.5,0,20.5,0,0,0,1,0,0,1,0,0,0,0,0
2364-UFROM,0,0,0,0,30,1,No,Yes,Yes,No,Yes,Yes,No,0,70.4,2044.75,0,68.15833333333333,1,0,0,0,0,1,0,0,1,0,0,0
6656-JWRQX,1,0,0,0,1,0,No phone service,No,No,No,Yes,No,No,0,30.55,30.55,0,30.55,0,0,0,0,0,0,1,0,0,0,0,0
6473-ULUHT,0,0,1,1,16,1,Yes,Yes,Yes,No,Yes,Yes,Yes,0,84.9,1398.25,0,87.390625,0,0,0,0,0,1,0,1,0,0,0,0
1240-KNSEZ,0,0,0,0,1,1,No,No internet service,No internet service,No internet service,No internet service,No internet service,No internet service,1,20.1,20.1,1,20.1,0,0,0,1,0,0,1,0,0,0,0,0
0836-SEYLU,0,0,1,0,9,0,No phone service,No,No,No,Yes,Yes,No,0,40.65,328.95,1,36.55,0,0,0,0,0,0,1,0,0,0,0,0
4433-JCGCG,0,1,1,0,46,1,Yes,No,No,Yes,No,Yes,Yes,1,101.0,4680.05,1,101.74021739130436,0,0,1,0,0,1,0,0,0,1,0,0
3716-BDVDB,0,0,0,0,1,1,No,No,No,No,No,No,No,1,69.1,69.1,1,69.1,0,0,1,0,0,1,0,0,0,0,0,0
7688-AWMDX,0,0,1,0,71,1,No,Yes,No,No,Yes,No,No,0,54.5,3778.2,0,53.21408450704225,0,1,0,0,0,0,0,0,0,0,0,1
2842-BCQGE,0,0,0,0,43,1,Yes,No,No,No,No,No,No,1,75.35,3161.4,0,73.52093023255814,0,0,1,0,1,0,0,0,0,1,0,0
7244-QWYHG,0,0,1,0,50,0,No phone service,Yes,No,No,Yes,Yes,No,1,44.45,2188.45,0,43.769,1,0,0,0,0,0,0,0,0,0,1,0
5899-MQZZL,1,0,0,0,13,1,Yes,No,No,No,No,No,No,1,75.0,999.45,1,76.88076923076923,0,0,1,0,0,0,1,1,0,0,0,0
6849-OYAMU,0,0,1,1,19,1,No,No,Yes,No,Yes,Yes,Yes,0,100.0,1888.65,1,99.40263157894738,1,0,1,0,0,0,0,1,0,0,0,0
5312-UXESG,1,0,0,0,41,1,Yes,No,No,Yes,No,Yes,Yes,0,98.05,3990.6,0,97.33170731707317,0,0,1,0,0,0,0,0,0,1,0,0
9488-HGMJH,1,1,0,0,1,1,No,No,No,No,No,No,No,1,71.15,71.15,1,71.15,0,0,1,0,0,1,0,0,0,0,0,0
6038-GCYEC,1,0,0,0,24,0,No phone service,No,Yes,Yes,No,Yes,Yes,1,54.15,1240.25,1,51.677083333333336,0,0,0,0,1,0,0,1,0,0,0,0
2150-WLKUW,1,0,1,0,40,1,Yes,No,Yes,No,No,Yes,No,0,63.9,2635.0,0,65.875,1,0,0,0,0,0,0,0,0,1,0,0
7159-FVYPK,1,0,1,1,3,1,Yes,No,Yes,Yes,No,Yes,No,1,69.15,235.0,0,78.33333333333333,0,0,0,0,0,0,0,0,0,0,0,0
7032-LMBHI,1,0,0,0,37,1,Yes,Yes,No,No,No,Yes,No,0,64.65,2347.85,0,63.4554054054054,1,0,0,0,0,0,0,0,0,1,0,0
1150-WFARN,1,0,1,1,67,1,Yes,Yes,No,Yes,Yes,Yes,Yes,1,108.75,7156.2,1,106.80895522388059,0,1,1,0,1,0,0,0,0,0,0,1
6088-BXMRG,1,0,1,1,32,1,Yes,No,Yes,No,No,Yes,Yes,1,98.85,3089.6,0,96.55,0,0,1,0,0,1,0,0,1,0,0,0
3144-AUDBS,1,0,1,0,6,1,No,No,No,No,Yes,No,No,1,49.15,270.8,1,45.13333333333333,0,0,0,0,0,1,0,0,0,0,0,0
4821-SJHJV,1,0,1,1,32,1,Yes,Yes,No,No,No,Yes,No,0,89.6,2901.8,0,90.68125,0,0,1,0,0,1,0,0,1,0,0,0
7346-MEDWM,1,0,0,0,59,1,Yes,No,Yes,Yes,No,No,No,1,83.25,4949.1,0,83.88305084745764,0,0,1,0,0,1,0,0,0,0,1,0
1137-DGOWI,1,0,1,0,30,1,No,No,Yes,Yes,Yes,No,Yes,0,70.25,2198.9,0,73.29666666666667,1,0,0,0,0,0,0,0,1,0,0,0
5616-PRTNT,0,0,0,1,20,1,No,No internet service,No internet service,No internet service,No internet service,No internet service,No internet service,1,19.4,374.5,1,18.725,0,0,0,1,0,1,0,1,0,0,0,0
3812-LRZIR,1,0,1,1,27,1,Yes,No internet service,No internet service,No internet service,No internet service,No internet service,No internet service,0,24.5,761.95,0,28.22037037037037,0,1,0,1,0,1,0,0,1,0,0,0
4818-QIUFN,1,1,0,0,20,1,Yes,Yes,No,No,No,No,No,1,79.15,1520.9,1,76.045,0,0,1,0,0,1,0,1,0,0,0,0
9483-GCPWE,0,0,0,1,9,1,No,No internet service,No internet service,No internet service,No internet service,No internet service,No internet service,0,20.1,190.25,0,21.13888888888889,1,0,0,1,0,0,1,0,0,0,0,0
4227-OJHAL,1,0,1,1,68,1,Yes,Yes,Yes,Yes,No,Yes,No,1,73.0,5163.0,0,75.92647058823529,1,0,0,0,1,0,0,0,0,0,0,1
9220-CXRSC,1,0,1,1,69,1,Yes,Yes,No,No,Yes,No,No,0,61.4,4059.85,0,58.83840579710145,0,1,0,0,1,0,0,0,0,0,0,1
4993-JCRGJ,0,0,0,0,26,1,Yes,No,No,Yes,Yes,No,No,1,84.3,2281.6,0,87.75384615384615,0,0,1,0,0,0,1,0,1,0,0,0
9537-JALFH,0,0,1,1,69,1,No,No internet service,No internet service,No internet service,No internet service,No internet service,No internet service,0,19.9,1356.7,0,19.66231884057971,0,1,0,1,0,0,0,0,0,0,0,1
6698-OXETB,0,0,0,0,11,1,No,No internet service,No internet service,No internet service,No internet service,No internet service,No internet service,0,20.4,231.45,0,21.04090909090909,0,1,0,1,0,0,1,0,0,0,0,0
2103-ZRXFN,0,0,0,0,1,1,Yes,No,No,No,No,No,No,0,50.75,50.75,0,50.75,0,0,0,0,0,0,1,0,0,0,0,0
3724-BSCVH,0,0,1,1,10,1,No,No internet service,No internet service,No internet service,No internet service,No internet service,No internet service,0,20.45,242.4,0,24.240000000000002,1,0,0,1,0,0,1,0,0,0,0,0
4877-TSOFF,1,0,1,1,55,1,Yes,Yes,Yes,No,Yes,No,Yes,1,75.75,4264.25,0,77.53181818181818,1,0,0,0,0,0,0,0,0,0,1,0
9209-NWPGU,0,0,0,0,44,1,No,Yes,No,No,Yes,Yes,No,0,65.4,2774.55,0,63.05795454545455,1,0,0,0,0,1,0,0,0,1,0,0
6961-VCPMC,0,1,1,0,46,1,No,No,No,No,No,No,Yes,1,80.4,3605.2,1,78.37391304347825,0,0,1,0,0,1,0,0,0,1,0,0
7306-YDSOI,0,0,1,1,69,1,No,Yes,Yes,Yes,No,No,No,1,59.75,4069.9,0,58.984057971014494,0,1,0,0,0,0,0,0,0,0,0,1
5288-AHOUP,0,1,0,0,11,1,No,No,No,No,No,No,Yes,1,78.5,874.2,0,79.47272727272728,0,0,1,0,0,1,0,0,0,0,0,0
6688-UZPWD,1,0,1,0,11,1,Yes,No,Yes,No,No,Yes,Yes,1,102.0,1145.35,1,104.12272727272726,0,0,1,0,0,1,0,0,0,0,0,0
0655-YDGFJ,0,0,0,0,29,1,No,No,No,Yes,No,No,No,0,48.95,1323.7,0,45.6448275862069,0,0,0,0,0,0,0,0,1,0,0,0
8468-EHYJA,1,0,1,0,57,1,Yes,Yes,No,No,No,Yes,Yes,1,99.65,5497.05,0,96.43947368421053,0,0,1,0,0,1,0,0,0,0,1,0
6823-SIDFQ,0,0,0,0,28,1,No,No internet service,No internet service,No internet service,No internet service,No internet service,No internet service,0,18.25,534.7,0,19.09642857142857,1,0,0,1,1,0,0,0,1,0,0,0
1097-FSPVW,1,0,0,0,42,1,No,Yes,No,Yes,No,No,No,0,54.55,2455.05,0,58.453571428571436,0,0,0,0,1,0,0,0,0,1,0,0
2839-RFSQE,1,0,0,0,2,1,No,No internet service,No internet service,No internet service,No internet service,No internet service,No internet service,0,20.65,38.7,1,19.35,0,0,0,1,0,0,1,0,0,0,0,0
8328-SKJNO,0,0,0,1,23,0,No phone service,Yes,Yes,No,Yes,No,No,0,40.65,947.4,0,41.19130434782608,1,0,0,0,0,0,0,1,0,0,0,0
7010-ZMVBF,1,0,1,1,18,1,No,No internet service,No internet service,No internet service,No internet service,No internet service,No internet service,0,20.45,357.0,0,19.833333333333332,0,0,0,1,0,0,1,1,0,0,0,0
5201-CBWYG,0,0,1,1,62,1,Yes,No internet service,No internet service,No internet service,No internet service,No internet service,No internet service,0,24.8,1476.25,0,23.81048387096774,1,0,0,1,0,0,0,0,0,0,0,1
0968-GSIKN,1,0,0,0,1,1,No,No,No,No,No,No,No,1,70.8,70.8,1,70.8,0,0,1,0,0,0,1,0,0,0,0,0
1965-DDBWU,0,0,0,0,16,1,Yes,No,No,No,Yes,No,Yes,1,89.05,1448.6,1,90.5375,0,0,1,0,1,0,0,1,0,0,0,0
9057-SIHCH,1,0,0,0,3,1,Yes,No,No,No,No,Yes,Yes,1,96.6,291.9,1,97.3,0,0,1,0,0,1,0,0,0,0,0,0
6352-GIGGQ,0,0,0,0,67,1,Yes,Yes,Yes,Yes,Yes,Yes,Yes,1,88.8,5903.15,0,88.10671641791045,1,0,0,0,0,0,0,0,0,0,0,1
3635-QQRQD,0,0,0,0,62,1,No,No internet service,No internet service,No internet service,No internet service,No internet service,No internet service,1,20.05,1201.65,0,19.381451612903227,0,1,0,1,1,0,0,0,0,0,0,1
6771-XWBDM,1,0,1,0,57,1,Yes,No,Yes,Yes,No,Yes,Yes,1,104.5,5921.35,1,103.88333333333334,0,0,1,0,1,0,0,0,0,0,1,0
2897-DOVND,0,0,0,0,2,1,No,No,No,No,No,No,No,1,69.8,146.65,0,73.325,0,0,1,0,0,1,0,0,0,0,0,0
3082-YVEKW,1,0,1,1,23,1,Yes,Yes,No,Yes,Yes,Yes,No,1,77.15,1759.4,0,76.49565217391304,0,1,0,0,0,0,0,1,0,0,0,0
0191-EQUUH,1,0,0,1,25,0,No phone service,Yes,No,No,Yes,No,No,0,35.05,844.45,0,33.778,0,1,0,0,0,0,0,0,1,0,0,0
7134-HBPBS,1,1,0,0,72,1,Yes,No,Yes,Yes,Yes,Yes,Yes,1,108.1,7774.05,0,107.97291666666666,0,1,1,0,0,0,0,0,0,0,0,1
3489-HHPFY,1,0,1,0,2,1,Yes,No,No,No,No,Yes,No,1,84.05,134.05,0,67.025,0,0,1,0,0,1,0,0,0,0,0,0
2926-JEJJC,1,0,0,0,8,1,No,No internet service,No internet service,No internet service,No internet service,No internet service,No internet service,1,20.2,140.95,0,17.61875,1,0,0,1,0,0,0,0,0,0,0,0
8601-QACRS,1,0,0,0,5,1,Yes,No,No,No,No,No,No,1,50.6,249.95,1,49.989999999999995,0,0,0,0,0,0,1,0,0,0,0,0
4950-BDEUX,0,0,0,0,35,0,No phone service,No,No,Yes,No,Yes,Yes,0,49.2,1701.65,0,48.61857142857143,0,0,0,0,0,1,0,0,1,0,0,0
5789-LDFXO,0,0,0,0,24,1,Yes,No internet service,No internet service,No internet service,No internet service,No internet service,No internet service,0,24.6,592.65,0,24.693749999999998,1,0,0,1,0,1,0,1,0,0,0,0
0508-OOLTO,1,0,1,1,2,1,No,No,No,No,No,No,No,1,71.65,135.75,0,67.875,0,0,1,0,0,1,0,0,0,0,0,0
2984-TBYKU,0,0,1,1,72,1,Yes,Yes,Yes,Yes,Yes,No,Yes,1,104.9,7732.65,0,107.39791666666666,0,1,1,0,1,0,0,0,0,0,0,1
9822-WMWVG,1,0,0,0,41,1,Yes,Yes,Yes,Yes,Yes,Yes,No,1,106.5,4282.4,0,104.44878048780487,0,0,1,0,0,1,0,0,0,1,0,0
2391-SOORI,0,0,0,1,4,1,No,Yes,No,No,No,No,No,0,49.35,219.65,1,54.9125,0,0,0,0,0,1,0,0,0,0,0,0
9040-KZVWO,0,0,0,0,26,1,No,No,Yes,No,No,No,No,0,75.5,2018.1,0,77.61923076923077,1,0,1,0,0,0,0,0,1,0,0,0
2645-QTLMB,0,0,0,0,7,1,No,No,Yes,No,No,Yes,Yes,1,94.25,669.0,1,95.57142857142857,0,0,1,0,0,1,0,0,0,0,0,0
4806-HIPDW,1,0,1,0,1,1,No,No,No,No,No,No,No,1,68.95,68.95,1,68.95,0,0,1,0,0,1,0,0,0,0,0,0
1548-ARAGG,1,0,1,1,4,1,Yes,No,Yes,No,Yes,No,No,1,58.5,224.85,0,56.2125,0,0,0,0,0,0,1,0,0,0,0,0
6339-RZCBJ,0,0,0,0,48,1,No,No,Yes,Yes,Yes,Yes,Yes,0,78.9,3771.5,0,78.57291666666667,0,1,0,0,1,0,0,0,0,1,0,0
4424-TKOPW,0,1,0,0,2,1,Yes,No,No,No,No,Yes,Yes,1,93.85,196.75,1,98.375,0,0,1,0,0,1,0,0,0,0,0,0
4415-WNGVR,1,1,1,0,12,1,No,Yes,No,Yes,Yes,Yes,Yes,1,79.2,943.85,0,78.65416666666667,1,0,0,0,0,1,0,0,0,0,0,0
2522-AHJXR,0,0,1,0,60,1,Yes,Yes,No,Yes,Yes,Yes,Yes,1,109.45,6572.85,0,109.5475,0,0,1,0,0,0,0,0,0,0,1,0
0412-UCCNP,0,0,0,0,55,1,No,Yes,No,Yes,Yes,No,No,1,59.2,3175.85,0,57.74272727272727,0,1,0,0,0,1,0,0,0,0,1,0
1816-FLZDK,0,0,0,0,1,0,No phone service,No,No,No,Yes,No,No,0,29.15,29.15,0,29.15,0,0,0,0,0,0,1,0,0,0,0,0
7096-UCLNH,0,0,0,0,1,1,No,No internet service,No internet service,No internet service,No internet service,No internet service,No internet service,0,20.05,20.05,0,20.05,0,0,0,1,0,0,1,0,0,0,0,0
8443-ZRDBZ,0,0,0,0,4,1,Yes,No,No,No,No,No,No,1,76.05,318.9,1,79.725,0,0,1,0,0,1,0,0,0,0,0,0
9136-ALYBR,0,0,0,0,1,0,No phone service,No,No,No,No,No,No,1,24.45,24.45,1,24.45,0,0,0,0,0,0,1,0,0,0,0,0
4615-PIVVU,1,0,0,0,42,1,No,No,No,Yes,Yes,No,Yes,0,66.5,2762.75,0,65.7797619047619,0,1,0,0,1,0,0,0,0,1,0,0
8885-QSQBX,1,0,0,0,1,1,No,Yes,No,No,No,No,No,0,49.55,49.55,0,49.55,0,0,0,0,0,0,0,0,0,0,0,0
7479-NITWS,0,0,0,0,7,1,Yes,No,No,Yes,No,Yes,No,1,89.35,631.85,1,90.26428571428572,0,0,1,0,1,0,0,0,0,0,0,0
8617-ENBDS,0,0,0,0,3,1,No,No,No,Yes,No,No,No,1,73.6,232.5,0,77.5,0,0,1,0,1,0,0,0,0,0,0,0
9385-NXKDA,1,0,1,0,72,1,Yes,Yes,Yes,Yes,No,Yes,Yes,1,82.65,5919.35,0,82.21319444444445,0,1,0,0,1,0,0,0,0,0,0,1
0430-IHCDJ,0,0,0,0,15,1,Yes,No,No,No,No,No,No,1,49.0,749.25,0,49.95,0,0,0,0,0,1,0,1,0,0,0,0
2959-MJHIC,0,0,1,0,4,1,No,No,No,No,No,Yes,No,1,80.35,307.4,1,76.85,0,0,1,0,0,1,0,0,0,0,0,0
6674-KVJHG,1,0,0,0,11,1,Yes,No internet service,No internet service,No internet service,No internet service,No internet service,No internet service,0,25.2,245.15,0,22.286363636363635,1,0,0,1,0,1,0,0,0,0,0,0
1814-DKOLC,1,0,0,0,5,1,Yes,No internet service,No internet service,No internet service,No internet service,No internet service,No internet service,0,25.45,134.75,0,26.95,0,0,0,1,0,0,1,0,0,0,0,0
4201-JMNGR,1,1,0,0,1,1,No,Yes,No,Yes,No,No,No,1,55.8,55.8,1,55.8,0,0,0,0,0,1,0,0,0,0,0,0
9351-HXDMR,0,0,1,0,72,1,Yes,Yes,No,Yes,Yes,Yes,Yes,1,110.9,8240.85,0,114.45625000000001,0,1,1,0,1,0,0,0,0,0,0,1
3537-HPKQT,1,0,1,0,55,1,Yes,No,Yes,No,No,No,No,1,77.75,4266.4,0,77.57090909090908,0,0,1,0,1,0,0,0,0,0,1,0
2129-ALKBS,1,0,1,1,40,1,Yes,No internet service,No internet service,No internet service,No internet service,No internet service,No internet service,1,26.2,1077.5,0,26.9375,0,0,0,1,0,1,0,0,0,1,0,0
5821-MMEIL,1,0,1,0,57,1,No,No internet service,No internet service,No internet service,No internet service,No internet service,No internet service,0,19.9,1115.6,0,19.5719298245614,0,1,0,1,0,0,0,0,0,0,1,0
5960-WPXQM,0,0,0,0,1,1,No,No,No,No,No,Yes,No,1,79.05,79.05,1,79.05,0,0,1,0,0,1,0,0,0,0,0,0
0684-AOSIH,0,0,1,0,1,1,No,Yes,No,No,No,Yes,Yes,1,95.0,95.0,1,95.0,0,0,1,0,0,1,0,0,0,0,0,0
8260-NGFNY,1,0,0,0,1,0,No phone service,No,No,No,No,No,No,0,25.2,25.2,1,25.2,0,0,0,0,0,0,1,0,0,0,0,0
1309-XGFSN,0,1,1,1,52,1,Yes,No,Yes,Yes,No,Yes,Yes,1,80.85,4079.55,0,78.45288461538462,1,0,0,0,0,1,0,0,0,0,1,0
1866-RZZQS,0,1,0,0,41,1,Yes,No,No,Yes,No,Yes,Yes,1,98.4,4187.75,1,102.14024390243902,0,0,1,0,0,1,0,0,0,1,0,0
6968-URWQU,0,0,1,0,43,1,No,No,No,No,No,Yes,No,1,56.35,2391.15,0,55.608139534883726,1,0,0,0,0,0,1,0,0,1,0,0
4742-TXUEX,1,0,1,1,47,1,No,No internet service,No internet service,No internet service,No internet service,No internet service,No internet service,0,19.3,890.5,0,18.9468085106383,0,1,0,1,0,0,0,0,0,1,0,0
9631-XEYKE,0,0,0,0,3,1,Yes,No,No,No,No,No,No,0,50.4,137.25,0,45.75,0,0,0,0,0,0,0,0,0,0,0,0
8631-NBHFZ,0,1,1,1,66,1,Yes,Yes,Yes,Yes,Yes,Yes,No,0,79.4,5154.6,1,78.10000000000001,0,1,0,0,1,0,0,0,0,0,0,1
1335-MXCSE,0,0,1,1,55,1,No,No,No,Yes,Yes,No,No,1,55.25,3119.9,0,56.72545454545455,0,1,0,0,1,0,0,0,0,0,1,0
8873-TMKGR,0,0,0,0,29,1,No,No internet service,No internet service,No internet service,No internet service,No internet service,No internet service,0,19.1,529.5,0,18.25862068965517,1,0,0,1,0,0,1,0,1,0,0,0
8800-JOOCF,1,0,0,1,12,1,Yes,No,No,No,No,Yes,No,1,84.05,966.55,0,80.54583333333333,0,0,1,0,0,1,0,0,0,0,0,0
1469-LBJQJ,1,0,1,0,66,1,Yes,No,Yes,Yes,No,Yes,Yes,1,105.2,6936.85,0,105.10378787878788,0,0,1,0,0,1,0,0,0,0,0,1
4958-XCBDQ,0,1,0,0,35,1,Yes,No,No,Yes,No,Yes,Yes,1,101.4,3496.3,1,99.89428571428572,0,0,1,0,0,1,0,0,1,0,0,0
8337-UPOAQ,0,1,1,0,10,1,Yes,No,No,Yes,No,No,Yes,1,89.8,914.3,1,91.42999999999999,0,0,1,0,0,1,0,0,0,0,0,0
0064-YIJGF,0,0,1,1,27,1,Yes,No,No,No,No,No,No,1,75.75,1929.0,0,71.44444444444444,0,0,1,0,0,0,0,0,1,0,0,0
2386-OWURY,1,0,0,0,58,1,No,No,No,No,Yes,Yes,Yes,1,95.3,5817.7,0,100.3051724137931,0,0,1,0,0,1,0,0,0,0,1,0
1725-IQNIY,0,0,1,0,54,1,No,Yes,Yes,Yes,Yes,Yes,Yes,0,109.75,6110.2,1,113.15185185185184,0,1,1,0,0,0,0,0,0,0,1,0
0310-VQXAM,0,0,0,0,9,1,No,No internet service,No internet service,No internet service,No internet service,No internet service,No internet service,0,19.85,178.8,0,19.866666666666667,0,0,0,1,0,0,1,0,0,0,0,0
6598-RFFVI,0,0,0,0,2,1,No,No internet service,No internet service,No internet service,No internet service,No internet service,No internet service,0,19.3,28.3,1,14.15,1,0,0,1,1,0,0,0,0,0,0,0
3453-RTHJQ,0,0,0,0,6,1,No,No,No,No,No,No,No,1,69.1,435.0,0,72.5,0,0,1,0,0,1,0,0,0,0,0,0
6712-OAWRH,1,1,0,0,26,1,No,No,No,No,No,Yes,Yes,1,91.25,2351.8,1,90.45384615384616,0,0,1,0,0,1,0,0,1,0,0,0
6278-FEPBZ,1,0,0,0,9,1,No,No internet service,No internet service,No internet service,No internet service,No internet service,No internet service,0,20.25,186.15,0,20.683333333333334,0,0,0,1,0,0,1,0,0,0,0,0
4280-DLSHD,0,0,1,0,8,1,No,No,Yes,Yes,No,No,No,1,54.75,445.85,0,55.73125,0,0,0,0,0,0,1,0,0,0,0,0
1508-DFXCU,0,0,0,0,12,1,No,No,No,No,No,Yes,No,1,81.45,912.0,0,76.0,0,0,1,0,0,1,0,0,0,0,0,0
8614-VGMMV,1,0,0,0,15,1,Yes,No,No,No,No,No,No,1,49.1,679.55,1,45.30333333333333,0,0,0,0,0,1,0,1,0,0,0,0
7868-BGSZA,0,0,1,0,43,1,Yes,Yes,No,Yes,No,Yes,Yes,1,80.2,3581.6,0,83.29302325581395,1,0,0,0,0,1,0,0,0,1,0,0
2800-QQUSO,0,0,0,0,42,1,Yes,No,No,No,Yes,Yes,Yes,1,100.3,4222.95,0,100.54642857142856,0,0,1,0,0,1,0,0,0,1,0,0
2930-UOTMB,1,0,0,0,31,1,Yes,Yes,No,Yes,Yes,No,No,0,65.25,1994.3,1,64.33225806451613,0,0,0,0,1,0,0,0,1,0,0,0
7973-DZRKH,1,0,0,1,66,1,Yes,Yes,No,Yes,Yes,No,No,1,90.95,5930.05,0,89.84924242424243,0,1,1,0,1,0,0,0,0,0,0,1
5914-DVBWJ,1,1,0,0,18,1,Yes,No,Yes,No,Yes,No,No,1,85.45,1505.85,1,83.65833333333333,0,0,1,0,0,1,0,1,0,0,0,0
7698-YFGEZ,0,0,0,0,1,1,No,No internet service,No internet service,No internet service,No internet service,No internet service,No internet service,0,20.0,20.0,0,20.0,0,0,0,1,0,0,1,0,0,0,0,0
2533-QVMSK,0,0,1,0,61,1,Yes,No,Yes,No,Yes,Yes,No,1,94.1,5638.3,1,92.43114754098362,0,1,1,0,0,1,0,0,0,0,0,1
9773-PEQBZ,0,0,0,0,10,1,Yes,No,Yes,No,No,No,No,0,79.85,797.25,0,79.725,0,0,1,0,0,1,0,0,0,0,0,0
8644-XLFBW,0,1,0,0,1,1,No,No,No,No,No,No,No,1,71.65,71.65,1,71.65,0,0,1,0,0,1,0,0,0,0,0,0
0650-BWOZN,1,1,0,0,18,1,No,No,Yes,No,No,No,No,1,73.55,1359.45,0,75.525,0,0,1,0,0,1,0,1,0,0,0,0
8625-AZYZY,0,0,1,0,24,1,Yes,No,Yes,Yes,No,Yes,Yes,1,104.65,2542.45,1,105.93541666666665,0,0,1,0,0,1,0,1,0,0,0,0
7785-RDVIG,1,0,1,1,3,1,No,No internet service,No internet service,No internet service,No internet service,No internet service,No internet service,0,19.3,54.7,0,18.233333333333334,0,0,0,1,0,0,1,0,0,0,0,0
9602-WCXPI,0,0,0,0,50,1,No,No internet service,No internet service,No internet service,No internet service,No internet service,No internet service,0,20.15,989.05,0,19.781,1,0,0,1,1,0,0,0,0,0,1,0
2903-YYTBW,0,0,1,1,1,1,No,No,No,No,No,No,No,0,44.55,44.55,0,44.55,0,0,0,0,0,1,0,0,0,0,0,0
3620-MWJNE,0,0,0,0,2,1,No,Yes,No,No,Yes,No,No,1,54.45,87.3,0,43.65,0,0,0,0,0,0,1,0,0,0,0,0
8573-JGCZW,0,0,0,0,17,1,No,No internet service,No internet service,No internet service,No internet service,No internet service,No internet service,1,19.65,351.55,0,20.679411764705883,1,0,0,1,0,0,0,1,0,0,0,0
6837-HAEVO,0,0,1,1,69,1,Yes,No,Yes,Yes,No,Yes,Yes,1,105.0,7297.75,0,105.76449275362319,0,1,1,0,0,1,0,0,0,0,0,1
6701-YVNQG,0,0,1,0,72,1,Yes,Yes,Yes,Yes,Yes,Yes,Yes,1,88.7,6301.7,0,87.52361111111111,0,1,0,0,1,0,0,0,0,0,0,1
9306-CPCBC,1,0,0,0,3,1,Yes,No,No,No,No,No,No,1,74.25,210.3,1,70.10000000000001,0,0,1,0,0,1,0,0,0,0,0,0
4304-XUMGI,0,1,1,1,50,1,Yes,Yes,Yes,Yes,No,No,Yes,1,75.15,3822.45,0,76.449,0,1,0,0,0,0,0,0,0,0,1,0
9504-YAZWB,1,0,0,0,53,1,No,No internet service,No internet service,No internet service,No internet service,No internet service,No internet service,0,20.25,1048.45,0,19.782075471698114,0,1,0,1,0,0,1,0,0,0,1,0
8819-ZBYNA,1,0,1,0,58,1,Yes,Yes,Yes,No,Yes,Yes,Yes,1,109.1,6393.65,0,110.2353448275862,0,1,1,0,1,0,0,0,0,0,1,0
6174-NRBTZ,0,0,0,0,46,0,No phone service,Yes,No,No,No,No,No,1,30.75,1489.3,0,32.37608695652174,1,0,0,0,0,0,0,0,0,1,0,0
9481-IEBZY,0,1,1,0,72,1,Yes,Yes,Yes,Yes,Yes,Yes,Yes,1,112.9,8061.5,0,111.96527777777777,0,0,1,0,1,0,0,0,0,0,0,1
1833-VGRUM,1,1,0,0,1,1,Yes,No,No,No,No,No,No,1,74.2,74.2,1,74.2,0,0,1,0,0,1,0,0,0,0,0,0
6137-NICCO,1,0,1,1,6,1,Yes,No,Yes,Yes,No,Yes,No,1,94.05,518.75,0,86.45833333333333,0,0,1,0,0,0,1,0,0,0,0,0
9065-ZCPQX,0,0,1,0,72,1,Yes,Yes,Yes,Yes,Yes,No,Yes,0,78.85,5763.15,0,80.04374999999999,0,1,0,0,0,0,0,0,0,0,0,1
6402-EJMWF,0,0,0,0,4,1,No,No,No,No,No,No,Yes,1,55.3,238.5,0,59.625,0,0,0,0,0,0,1,0,0,0,0,0
3620-EHIMZ,1,0,1,1,52,1,No,No internet service,No internet service,No internet service,No internet service,No internet service,No internet service,0,19.35,1031.7,0,19.840384615384615,0,1,0,1,0,0,1,0,0,0,1,0
6870-ECSHE,1,0,0,0,2,1,No,No internet service,No internet service,No internet service,No internet service,No internet service,No internet service,0,20.45,34.8,0,17.4,1,0,0,1,0,0,1,0,0,0,0,0
8747-UDCOI,1,0,1,0,65,1,No,No internet service,No internet service,No internet service,No internet service,No internet service,No internet service,0,19.35,1319.95,0,20.306923076923077,0,1,0,1,0,0,0,0,0,0,0,1
8374-XGEJJ,0,1,1,0,43,1,Yes,No,Yes,No,No,Yes,Yes,1,101.0,4388.4,1,102.05581395348837,0,0,1,0,0,1,0,0,0,1,0,0
2656-TABEH,0,0,1,0,4,1,Yes,No,Yes,No,No,Yes,Yes,1,100.2,420.2,1,105.05,0,0,1,0,0,1,0,0,0,0,0,0
6946-LMSQS,0,1,1,0,25,1,Yes,Yes,No,No,No,No,Yes,1,89.05,2177.45,1,87.098,1,0,1,0,0,1,0,0,1,0,0,0
4626-OZDTJ,1,0,1,0,51,1,Yes,No,Yes,No,Yes,Yes,Yes,1,78.65,3950.85,0,77.46764705882353,1,0,0,0,1,0,0,0,0,0,1,0
9169-BSVIN,0,0,0,0,12,1,Yes,No,No,Yes,No,Yes,Yes,0,74.75,827.05,0,68.92083333333333,0,0,0,0,0,0,0,0,0,0,0,0
2325-ZUSFD,1,0,1,1,57,1,No,Yes,No,No,No,Yes,Yes,1,70.1,3913.3,1,68.65438596491228,1,0,0,0,0,0,0,0,0,0,1,0
8194-PEEBY,1,0,1,1,24,1,No,No internet service,No internet service,No internet service,No internet service,No internet service,No internet service,0,19.9,533.5,0,22.229166666666668,1,0,0,1,0,0,1,1,0,0,0,0
6872-HXFNF,1,0,1,0,64,1,Yes,No,No,Yes,Yes,No,No,0,58.35,3756.45,0,58.69453125,1,0,0,0,0,0,0,0,0,0,0,1
3932-CMDTD,1,0,0,0,4,1,No,No,Yes,Yes,Yes,Yes,Yes,1,105.65,443.9,1,110.975,1,0,1,0,0,1,0,0,0,0,0,0
7714-YXSMB,1,0,0,0,26,1,Yes,No,No,Yes,No,Yes,Yes,1,100.5,2599.95,0,99.99807692307692,0,0,1,0,0,0,0,0,1,0,0,0
8387-UGUSU,1,0,1,1,15,1,No,No internet service,No internet service,No internet service,No internet service,No internet service,No internet service,0,20.05,284.3,0,18.953333333333333,0,0,0,1,0,0,1,1,0,0,0,0
1080-BWSYE,0,1,1,0,64,1,Yes,No internet service,No internet service,No internet service,No internet service,No internet service,No internet service,0,25.65,1740.8,0,27.2,0,1,0,1,1,0,0,0,0,0,0,1
4039-HEUNW,0,1,1,0,36,1,Yes,No,Yes,No,No,Yes,Yes,1,96.5,3436.1,1,95.44722222222222,0,0,1,0,0,1,0,0,1,0,0,0
1194-HVAIF,1,0,1,0,27,1,Yes,No,No,No,No,Yes,Yes,0,95.0,2462.55,0,91.20555555555556,0,0,1,0,1,0,0,0,1,0,0,0
0812-WUPTB,0,1,1,0,1,1,No,No,No,No,No,No,No,0,70.85,70.85,1,70.85,0,0,1,0,0,0,1,0,0,0,0,0
3594-UVONA,1,0,0,0,35,1,Yes,Yes,No,Yes,Yes,Yes,Yes,1,85.95,3110.1,1,88.86,1,0,0,0,1,0,0,0,1,0,0,0
0004-TLHLJ,0,0,0,0,4,1,No,No,No,Yes,No,No,No,1,73.9,280.85,1,70.2125,0,0,1,0,0,1,0,0,0,0,0,0
1767-TGTKO,1,0,1,1,8,1,No,No,No,No,No,No,No,1,45.45,411.75,0,51.46875,0,0,0,0,0,1,0,0,0,0,0,0
8439-LTUGF,0,0,0,0,10,1,No,No internet service,No internet service,No internet service,No internet service,No internet service,No internet service,1,20.0,198.6,0,19.86,0,0,0,1,1,0,0,0,0,0,0,0
8805-JNRAZ,1,0,0,0,2,1,No,No,Yes,No,No,No,No,0,49.2,103.7,0,51.85,0,0,0,0,0,0,1,0,0,0,0,0
5089-IFSDP,1,0,1,0,58,1,Yes,Yes,Yes,Yes,No,Yes,Yes,1,109.45,6144.55,1,105.94051724137931,0,1,1,0,0,0,0,0,0,0,1,0
6418-HNFED,0,0,1,0,51,1,No,Yes,Yes,Yes,Yes,Yes,Yes,1,83.25,4089.45,0,80.18529411764706,0,1,0,0,1,0,0,0,0,0,1,0
0206-OYVOC,1,0,1,1,46,1,No,No internet service,No internet service,No internet service,No internet service,No internet service,No internet service,1,19.25,864.2,0,18.786956521739132,0,1,0,1,0,0,1,0,0,1,0,0
7291-CDTMJ,0,0,0,0,1,1,No,No internet service,No internet service,No internet service,No internet service,No internet service,No internet service,1,19.65,19.65,0,19.65,0,0,0,1,0,0,0,0,0,0,0,0
7128-GGCNO,0,0,0,0,46,1,Yes,No,No,No,No,No,No,0,72.8,3249.4,0,70.63913043478261,0,0,1,0,0,0,0,0,0,1,0,0
0237-YFUTL,1,0,1,0,50,1,Yes,Yes,Yes,No,Yes,Yes,Yes,1,109.65,5405.8,0,108.116,0,0,1,0,0,0,0,0,0,0,1,0
7691-KGKGP,0,0,1,1,53,1,No,No,Yes,No,Yes,Yes,No,0,65.0,3363.8,0,63.46792452830189,0,0,0,0,1,0,0,0,0,0,1,0
6710-HSJRD,0,0,1,0,61,1,Yes,No,Yes,Yes,Yes,Yes,Yes,1,114.1,7132.15,0,116.92049180327868,0,0,1,0,0,1,0,0,0,0,0,1
3675-EQOZA,0,0,0,0,5,1,No,No internet service,No internet service,No internet service,No internet service,No internet service,No internet service,0,20.65,93.55,0,18.71,0,0,0,1,0,0,0,0,0,0,0,0
0840-DCNZE,0,0,0,0,47,1,No,Yes,Yes,Yes,Yes,Yes,Yes,1,86.95,4138.9,0,88.06170212765957,1,0,0,0,0,0,0,0,0,1,0,0
1732-FEKLD,1,0,0,0,54,1,Yes,No,Yes,Yes,No,Yes,No,1,94.75,5121.75,0,94.84722222222223,1,0,1,0,0,0,0,0,0,0,1,0
9862-KJTYK,0,0,0,1,19,0,No phone service,No,No,No,No,No,No,1,25.35,566.1,0,29.794736842105266,0,0,0,0,1,0,0,1,0,0,0,0
0479-HMSWA,1,0,0,1,26,1,No,No,Yes,Yes,Yes,Yes,Yes,1,105.45,2715.3,0,104.4346153846154,0,1,1,0,0,1,0,0,1,0,0,0
5854-KSRBJ,0,0,1,1,70,1,Yes,No internet service,No internet service,No internet service,No internet service,No internet service,No internet service,0,25.4,1782.05,0,25.457857142857144,0,1,0,1,0,0,1,0,0,0,0,1
0365-BZUWY,0,0,1,0,17,1,Yes,No,Yes,Yes,No,Yes,Yes,1,102.55,1742.5,0,102.5,0,0,1,0,0,1,0,1,0,0,0,0
4817-VYYWS,1,0,0,0,30,1,Yes,No,Yes,No,No,Yes,Yes,1,100.2,2983.8,1,99.46000000000001,0,0,1,0,0,1,0,0,1,0,0,0
5701-SVCWR,1,0,0,1,1,1,Yes,No internet service,No internet service,No internet service,No internet service,No internet service,No internet service,0,24.0,24.0,0,24.0,0,0,0,1,0,0,1,0,0,0,0,0
3129-AAQOU,1,0,1,1,19,1,Yes,No internet service,No internet service,No internet service,No internet service,No internet service,No internet service,0,25.6,485.9,0,25.573684210526313,0,1,0,1,0,0,1,1,0,0,0,0
4922-CVPDX,1,0,1,0,26,1,No,No,Yes,Yes,No,Yes,Yes,1,73.5,1905.7,0,73.29615384615384,0,1,0,0,1,0,0,0,1,0,0,0
1396-QWFBJ,1,0,1,1,21,1,No,No,Yes,No,No,No,No,1,74.05,1565.7,1,74.55714285714286,0,0,1,0,0,0,0,1,0,0,0,0
1357-BIJKI,0,0,1,0,50,1,Yes,No,Yes,No,No,Yes,Yes,1,98.25,4858.7,0,97.17399999999999,1,0,1,0,0,1,0,0,0,0,1,0
1099-BTKWT,1,0,1,0,68,0,No phone service,Yes,No,Yes,No,Yes,Yes,1,54.4,3723.65,0,54.75955882352941,1,0,0,0,0,1,0,0,0,0,0,1
5299-SJCZT,0,0,0,0,3,1,Yes,No,No,Yes,No,Yes,Yes,1,101.55,298.35,1,99.45,0,0,1,0,0,0,0,0,0,0,0,0
2018-PZKMU,0,0,1,1,9,1,No,No,No,Yes,Yes,Yes,Yes,0,103.1,970.45,0,107.82777777777778,0,0,1,0,0,1,0,0,0,0,0,0
7340-KEFQE,1,0,1,1,51,0,No phone service,Yes,No,No,Yes,No,No,0,34.2,1782.0,0,34.94117647058823,0,1,0,0,0,0,0,0,0,0,1,0
4570-QHXHL,1,0,0,0,9,1,No,No,No,No,No,No,No,1,43.75,405.7,0,45.077777777777776,0,0,0,0,0,1,0,0,0,0,0,0
2403-BCASL,0,1,1,1,41,1,Yes,No,Yes,Yes,Yes,Yes,Yes,1,111.95,4534.9,1,110.60731707317072,1,0,1,0,0,1,0,0,0,1,0,0
7392-YYPYJ,0,0,0,0,22,1,Yes,No,Yes,No,No,Yes,Yes,1,100.65,2415.95,0,109.81590909090909,0,0,1,0,0,1,0,1,0,0,0,0
2898-LSJGD,1,0,1,1,21,0,No phone service,Yes,No,Yes,No,Yes,Yes,1,55.95,1157.05,1,55.09761904761905,1,0,0,0,0,1,0,1,0,0,0,0
2223-GDSHL,0,0,1,1,71,1,Yes,Yes,Yes,Yes,Yes,Yes,Yes,1,116.05,8297.5,0,116.86619718309859,0,1,1,0,0,0,0,0,0,0,0,1
7359-PTSXY,0,0,0,0,1,1,No,No,No,No,No,No,No,0,45.75,45.75,1,45.75,0,0,0,0,0,1,0,0,0,0,0,0
9470-RTWDV,0,0,1,1,26,1,Yes,No,No,Yes,Yes,Yes,Yes,1,82.0,2083.1,0,80.11923076923077,1,0,0,0,1,0,0,0,1,0,0,0
2176-OSJUV,0,0,1,0,71,1,Yes,Yes,Yes,No,Yes,No,No,0,65.15,4681.75,0,65.94014084507042,0,1,0,0,0,0,0,0,0,0,0,1
9348-YVOMK,0,0,0,0,4,1,No,No,No,No,No,No,No,1,44.8,176.2,0,44.05,0,0,0,0,1,0,0,0,0,0,0,0
8104-OSKWT,1,0,0,0,12,1,Yes,Yes,No,No,No,No,No,1,79.8,1001.2,0,83.43333333333334,0,0,1,0,0,1,0,0,0,0,0,0
4521-YEEHE,1,0,1,0,18,1,Yes,No,No,No,Yes,Yes,No,1,88.85,1594.75,0,88.59722222222223,0,0,1,0,0,1,0,1,0,0,0,0
4090-KPJIP,1,0,0,0,3,1,Yes,No,No,No,No,No,No,1,74.95,212.4,0,70.8,0,0,1,0,0,1,0,0,0,0,0,0
3786-WOVKF,1,1,1,0,72,1,Yes,Yes,Yes,No,No,Yes,Yes,1,106.85,7677.4,0,106.63055555555555,1,0,1,0,0,0,0,0,0,0,0,1
4503-BDXBD,0,0,0,0,11,1,No,No,Yes,No,No,No,No,0,74.95,815.5,1,74.13636363636364,0,0,1,0,0,1,0,0,0,0,0,0
6086-ESGRL,1,0,0,0,1,1,No,No,No,No,No,No,Yes,0,80.15,80.15,1,80.15,0,0,1,0,1,0,0,0,0,0,0,0
2592-HODOV,0,0,0,0,13,1,No,No internet service,No internet service,No internet service,No internet service,No internet service,No internet service,0,19.3,259.65,0,19.97307692307692,1,0,0,1,1,0,0,1,0,0,0,0
3886-CERTZ,1,0,1,0,72,1,Yes,No,Yes,Yes,Yes,Yes,Yes,1,109.25,8109.8,1,112.63611111111112,1,0,1,0,0,1,0,0,0,0,0,1
7995-ZHHNZ,0,0,1,0,42,1,Yes,Yes,No,No,No,No,No,0,56.1,2386.85,0,56.8297619047619,1,0,0,0,1,0,0,0,0,1,0,0
3824-RHKVR,1,0,0,0,17,1,No,No internet service,No internet service,No internet service,No internet service,No internet service,No internet service,0,19.7,340.35,0,20.02058823529412,0,0,0,1,1,0,0,1,0,0,0,0
5816-SCGFC,1,1,0,0,7,1,No,No,Yes,No,No,No,No,1,51.3,419.35,0,59.90714285714286,0,0,0,0,0,0,1,0,0,0,0,0
5989-AXPUC,1,0,1,0,68,1,Yes,Yes,Yes,Yes,Yes,Yes,Yes,0,118.6,7990.05,0,117.50073529411765,0,1,1,0,0,0,1,0,0,0,0,1
4979-HPRFL,0,0,1,1,56,1,Yes,No internet service,No internet service,No internet service,No internet service,No internet service,No internet service,0,24.15,1402.25,0,25.040178571428573,0,1,0,1,0,0,0,0,0,0,1,0
8590-OHDIW,1,0,1,1,38,1,No,No internet service,No internet service,No internet service,No internet service,No internet service,No internet service,0,20.3,749.35,0,19.719736842105263,1,0,0,1,0,0,1,0,0,1,0,0
8015-IHCGW,1,0,1,1,72,1,Yes,Yes,Yes,Yes,Yes,Yes,Yes,1,115.5,8425.15,0,117.01597222222222,0,1,1,0,0,1,0,0,0,0,0,1
2332-TODQS,1,0,0,0,48,1,Yes,No internet service,No internet service,No internet service,No internet service,No internet service,No internet service,0,25.05,1171.5,0,24.40625,1,0,0,1,1,0,0,0,0,1,0,0
9278-VZKCD,1,1,1,0,52,1,Yes,Yes,Yes,Yes,No,Yes,Yes,1,109.1,5647.95,0,108.61442307692307,0,0,1,0,0,1,0,0,0,0,1,0
8008-OTEZX,1,0,1,1,35,1,No,No internet service,No internet service,No internet service,No internet service,No internet service,No internet service,0,19.65,708.8,0,20.25142857142857,1,0,0,1,0,0,1,0,1,0,0,0
2773-OVBPK,0,0,1,0,67,1,Yes,No,Yes,Yes,Yes,Yes,Yes,1,111.3,7567.2,0,112.94328358208955,0,1,1,0,0,0,0,0,0,0,0,1
5999-LCXAO,1,0,0,0,1,0,No phone service,Yes,No,No,No,No,No,0,29.9,29.9,0,29.9,0,0,0,0,0,0,1,0,0,0,0,0
5206-XZZQI,0,0,0,0,53,1,No,No,Yes,No,Yes,No,No,1,80.6,4348.1,0,82.03962264150944,0,0,1,0,0,0,1,0,0,0,1,0
4803-LBYPN,0,0,1,1,34,1,No,No internet service,No internet service,No internet service,No internet service,No internet service,No internet service,0,20.8,635.9,0,18.70294117647059,0,0,0,1,0,0,1,0,1,0,0,0
5759-RCVCB,1,0,0,0,3,0,No phone service,No,No,No,No,Yes,No,0,35.2,108.95,1,36.31666666666667,0,0,0,0,1,0,0,0,0,0,0,0
6372-RFVNS,1,0,1,0,1,1,No,No,No,No,No,Yes,No,0,78.8,78.8,1,78.8,0,0,1,0,0,1,0,0,0,0,0,0
2139-FQHLM,0,0,0,0,19,1,No,No,No,Yes,Yes,Yes,No,0,89.95,1682.4,0,88.54736842105264,0,0,1,0,0,0,1,1,0,0,0,0
8261-GWDBQ,1,1,1,0,60,1,Yes,Yes,Yes,Yes,Yes,Yes,Yes,1,116.05,6925.9,0,115.43166666666666,0,1,1,0,0,0,0,0,0,0,1,0
1093-YSWCA,0,0,0,0,11,1,No,No internet service,No internet service,No internet service,No internet service,No internet service,No internet service,0,19.55,223.15,0,20.286363636363635,0,1,0,1,1,0,0,0,0,0,0,0
8938-UMKPI,1,0,0,0,47,1,Yes,No,Yes,Yes,No,Yes,Yes,1,106.4,5127.95,1,109.10531914893616,0,0,1,0,0,1,0,0,0,1,0,0
0991-BRRFB,0,0,0,0,18,1,No,Yes,No,No,No,No,No,0,49.4,874.8,1,48.599999999999994,0,0,0,0,0,1,0,1,0,0,0,0
3882-IYOIJ,1,0,1,1,60,1,Yes,Yes,Yes,Yes,Yes,Yes,Yes,0,115.25,6758.45,0,112.64083333333333,0,1,1,0,1,0,0,0,0,0,1,0
8749-TZYEC,0,0,1,0,72,1,Yes,No internet service,No internet service,No internet service,No internet service,No internet service,No internet service,0,24.8,1874.3,0,26.031944444444445,0,1,0,1,1,0,0,0,0,0,0,1
1755-FZQEC,0,0,0,0,39,1,No,No internet service,No internet service,No internet service,No internet service,No internet service,No internet service,0,19.9,791.15,0,20.285897435897436,1,0,0,1,0,0,1,0,0,1,0,0
3115-JPJDD,1,0,1,0,59,1,No,Yes,No,Yes,No,No,No,1,81.25,4639.45,0,78.63474576271186,1,0,1,0,1,0,0,0,0,0,1,0
5600-KTXFM,0,0,1,1,2,1,No,No,No,No,No,No,No,0,69.95,143.9,0,71.95,0,0,1,0,0,0,1,0,0,0,0,0
3871-IKPYH,0,1,0,0,1,1,No,No,No,No,No,No,No,0,69.1,69.1,1,69.1,0,0,1,0,0,1,0,0,0,0,0,0
6319-IEJWJ,0,0,1,1,20,1,No,No,No,No,No,Yes,Yes,1,90.2,1776.55,1,88.8275,0,0,1,0,0,1,0,1,0,0,0,0
9025-AOMKI,1,0,0,0,6,1,Yes,No,No,No,No,Yes,Yes,1,93.55,536.4,1,89.39999999999999,0,0,1,0,0,0,0,0,0,0,0,0
6339-TBELP,0,0,0,0,71,1,Yes,No,No,Yes,Yes,No,No,1,86.4,6172.0,0,86.92957746478874,0,1,1,0,1,0,0,0,0,0,0,1
7964-YESJC,1,0,1,0,24,1,Yes,Yes,Yes,Yes,No,No,No,0,66.3,1559.45,0,64.97708333333334,0,0,0,0,0,0,1,1,0,0,0,0
6173-GOLSU,0,1,1,0,67,1,Yes,No,No,No,No,Yes,Yes,1,94.65,6079.0,0,90.73134328358209,0,0,1,0,1,0,0,0,0,0,0,1
5275-SQEIZ,0,0,0,0,1,1,No,No,No,No,No,No,Yes,1,80.85,80.85,1,80.85,0,0,1,0,0,0,1,0,0,0,0,0
7716-YTYHG,1,0,1,1,48,1,Yes,No,No,No,No,No,Yes,1,82.05,4029.95,1,83.95729166666666,1,0,1,0,0,0,1,0,0,1,0,0
9938-ZREHM,1,0,1,0,37,1,Yes,No,Yes,No,Yes,No,Yes,0,72.1,2658.4,0,71.84864864864865,1,0,0,0,0,0,1,0,0,1,0,0
7950-XWOVN,0,0,0,0,11,0,No phone service,No,Yes,Yes,No,No,No,0,34.7,383.55,0,34.86818181818182,0,0,0,0,0,0,1,0,0,0,0,0
4390-KYULV,0,0,1,0,3,1,No,No internet service,No internet service,No internet service,No internet service,No internet service,No internet service,1,20.55,51.15,1,17.05,0,0,0,1,1,0,0,0,0,0,0,0
4647-MUZON,1,0,1,0,18,1,No,No,No,Yes,No,Yes,Yes,1,95.95,1745.5,0,96.97222222222223,0,0,1,0,1,0,0,1,0,0,0,0
9702-AIUJO,0,0,1,1,50,1,No,No,No,No,No,No,No,1,44.8,2230.85,0,44.617,1,0,0,0,0,0,0,0,0,0,1,0
8849-PRIQJ,1,0,1,1,67,1,Yes,Yes,No,Yes,Yes,Yes,Yes,1,109.4,7281.6,0,108.68059701492538,1,0,1,0,0,1,0,0,0,0,0,1
8851-RAGOV,1,0,1,0,25,1,No,Yes,Yes,No,Yes,No,Yes,1,71.05,1837.7,0,73.508,0,0,0,0,0,0,1,0,1,0,0,0
1304-NECVQ,1,1,0,0,2,1,Yes,No,No,Yes,No,No,No,1,78.55,149.55,1,74.775,0,0,1,0,0,1,0,0,0,0,0,0
5396-IZEPB,0,0,0,0,9,1,No,No internet service,No internet service,No internet service,No internet service,No internet service,No internet service,0,19.7,180.7,0,20.077777777777776,0,0,0,1,1,0,0,0,0,0,0,0
1729-VLAZJ,1,0,0,1,10,0,No phone service,Yes,Yes,No,Yes,No,No,0,40.25,411.45,0,41.144999999999996,1,0,0,0,0,0,1,0,0,0,0,0
8285-ABVLB,1,0,1,0,70,1,No,No internet service,No internet service,No internet service,No internet service,No internet service,No internet service,0,19.85,1328.35,0,18.97642857142857,0,1,0,1,1,0,0,0,0,0,0,1
0701-TJSEF,0,0,0,0,9,1,No,Yes,No,Yes,Yes,No,Yes,1,68.25,576.95,0,64.10555555555555,0,0,0,0,0,0,0,0,0,0,0,0
5712-VBOXD,1,0,0,0,4,1,No,No internet service,No internet service,No internet service,No internet service,No internet service,No internet service,1,20.15,68.45,0,17.1125,0,0,0,1,1,0,0,0,0,0,0,0
6629-LADHQ,1,0,0,0,2,1,No,Yes,No,No,No,No,No,0,50.95,123.05,0,61.525,0,0,0,0,0,0,1,0,0,0,0,0
8945-GRKHX,1,0,0,1,1,1,No,No,No,No,No,No,Yes,0,78.65,78.65,1,78.65,0,0,1,0,0,1,0,0,0,0,0,0
1559-DTODC,0,0,0,0,19,0,No phone service,No,No,No,No,No,No,1,25.15,468.35,0,24.650000000000002,0,0,0,0,0,0,0,1,0,0,0,0
4797-MIWUM,0,0,1,1,7,1,No,No internet service,No internet service,No internet service,No internet service,No internet service,No internet service,1,20.25,174.7,0,24.957142857142856,0,0,0,1,0,0,0,0,0,0,0,0
6959-UWKHF,0,0,0,0,1,1,No,No,No,No,No,No,No,1,42.9,42.9,1,42.9,0,0,0,0,0,1,0,0,0,0,0,0
8720-RQSBJ,0,1,0,0,1,1,No,No,No,No,No,No,No,0,44.0,44.0,0,44.0,0,0,0,0,0,1,0,0,0,0,0,0
4537-CIBHB,1,0,1,1,9,1,No,No internet service,No internet service,No internet service,No internet service,No internet service,No internet service,0,20.25,172.35,0,19.15,1,0,0,1,0,0,1,0,0,0,0,0
3815-SLMEF,1,0,0,0,3,0,No phone service,Yes,No,No,Yes,No,No,0,34.25,139.35,1,46.449999999999996,0,0,0,0,0,0,1,0,0,0,0,0
5154-VEKBL,1,0,0,0,9,0,No phone service,Yes,No,Yes,Yes,Yes,Yes,0,58.5,539.85,1,59.983333333333334,0,0,0,0,0,0,1,0,0,0,0,0
4324-AHJKS,1,0,0,0,5,1,No,Yes,No,Yes,No,No,No,0,55.8,300.4,0,60.08,0,0,0,0,1,0,0,0,0,0,0,0
4355-CVPVS,1,0,1,1,56,1,No,No,No,No,No,Yes,Yes,0,88.9,4968.0,0,88.71428571428571,1,0,1,0,0,0,0,0,0,0,1,0
4495-LHSSK,1,0,0,1,18,1,Yes,Yes,No,No,No,No,No,0,57.65,992.7,0,55.150000000000006,0,0,0,0,0,0,1,1,0,0,0,0
5655-JSMZM,0,1,0,0,49,1,Yes,No,No,No,No,Yes,Yes,1,96.2,4718.25,1,96.29081632653062,0,0,1,0,0,1,0,0,0,0,1,0
5915-ANOEI,0,0,1,0,70,1,Yes,Yes,Yes,Yes,Yes,Yes,No,0,79.15,5536.5,0,79.09285714285714,0,1,0,0,0,0,1,0,0,0,0,1
9861-PDSZP,1,0,0,0,72,1,Yes,No,Yes,Yes,Yes,Yes,Yes,1,108.05,7806.6,0,108.42500000000001,0,1,1,0,1,0,0,0,0,0,0,1
4505-EXZHB,1,1,0,0,6,1,No,No,No,Yes,No,No,No,0,74.4,434.1,1,72.35000000000001,0,0,1,0,0,1,0,0,0,0,0,0
7225-CBZPL,0,1,1,0,17,1,Yes,No,No,No,No,Yes,Yes,1,94.8,1563.9,0,91.99411764705883,0,0,1,0,0,1,0,1,0,0,0,0
6704-UTUKK,0,0,1,0,29,0,No phone service,No,No,No,No,Yes,Yes,1,45.9,1332.4,0,45.9448275862069,0,0,0,0,0,1,0,0,1,0,0,0
4587-VVTOX,1,0,1,0,6,1,Yes,No,Yes,Yes,No,Yes,Yes,1,105.3,545.2,1,90.86666666666667,0,0,1,0,0,1,0,0,0,0,0,0
2019-HDCZY,0,0,1,0,63,1,Yes,No,No,Yes,No,Yes,Yes,0,102.6,6296.75,0,99.9484126984127,0,1,1,0,0,1,0,0,0,0,0,1
4652-NNHNY,0,0,1,0,16,1,Yes,No,No,No,No,No,No,1,73.85,1284.2,1,80.2625,0,0,1,0,0,0,0,1,0,0,0,0
8788-DOXSU,0,0,0,0,59,1,No,No,No,Yes,No,No,Yes,1,61.35,3645.5,0,61.78813559322034,1,0,0,0,0,0,0,0,0,0,1,0
7404-JLKQG,1,0,0,0,3,1,No,No,No,Yes,No,Yes,No,0,57.55,161.45,0,53.81666666666666,0,0,0,0,0,1,0,0,0,0,0,0
7421-ZLUPA,1,0,0,0,8,0,No phone service,No,Yes,No,No,No,No,1,29.25,226.95,0,28.36875,0,0,0,0,0,0,1,0,0,0,0,0
8972-HJWNV,1,1,1,0,7,1,Yes,No,No,No,No,No,Yes,1,84.55,646.85,1,92.40714285714286,0,0,1,0,0,1,0,0,0,0,0,0
3274-NSDWE,1,0,0,0,68,1,No,No internet service,No internet service,No internet service,No internet service,No internet service,No internet service,0,19.6,1441.65,0,21.20073529411765,0,1,0,1,1,0,0,0,0,0,0,1
2632-IVXVF,1,0,1,1,68,1,Yes,Yes,No,Yes,Yes,Yes,Yes,0,111.75,7511.3,0,110.46029411764707,0,1,1,0,1,0,0,0,0,0,0,1
3692-JHONH,1,1,1,0,52,1,Yes,No,Yes,Yes,No,Yes,Yes,1,106.5,5621.85,0,108.11250000000001,1,0,1,0,0,1,0,0,0,0,1,0
8915-NNTRC,0,0,1,1,72,1,Yes,Yes,Yes,No,Yes,Yes,Yes,1,107.7,7919.8,0,109.99722222222222,0,1,1,0,1,0,0,0,0,0,0,1
5914-GXMDA,1,0,1,0,32,1,No,No internet service,No internet service,No internet service,No internet service,No internet service,No internet service,0,19.3,593.2,0,18.5375,1,0,0,1,0,0,1,0,1,0,0,0
7463-IFMQU,1,0,1,0,72,1,No,No internet service,No internet service,No internet service,No internet service,No internet service,No internet service,0,20.05,1423.65,0,19.772916666666667,0,1,0,1,0,0,0,0,0,0,0,1
2920-RNCEZ,0,0,1,1,1,1,No,No,No,No,No,No,No,1,69.95,69.95,0,69.95,0,0,1,0,1,0,0,0,0,0,0,0
2541-YGPKE,0,0,1,1,42,1,No,Yes,No,No,Yes,No,Yes,0,63.7,2763.35,0,65.79404761904762,1,0,0,0,1,0,0,0,0,1,0,0
8515-OCTJS,1,0,0,0,25,1,Yes,No internet service,No internet service,No internet service,No internet service,No internet service,No internet service,0,24.75,692.1,1,27.684,0,1,0,1,1,0,0,0,1,0,0,0
5382-TEMLV,0,0,0,0,45,1,No,Yes,No,No,No,No,No,1,50.9,2298.55,0,51.07888888888889,0,0,0,0,0,0,0,0,0,1,0,0
3441-CGZJH,1,0,1,1,43,0,No phone service,Yes,No,Yes,Yes,Yes,Yes,1,60.4,2640.55,0,61.40813953488372,1,0,0,0,1,0,0,0,0,1,0,0
9592-ERDKV,0,0,1,0,37,1,Yes,Yes,No,Yes,No,Yes,Yes,0,79.25,2911.8,0,78.6972972972973,1,0,0,0,0,0,1,0,0,1,0,0
2860-RANUS,1,1,0,0,20,1,Yes,No,No,No,No,No,Yes,1,85.8,1727.5,1,86.375,0,0,1,0,1,0,0,1,0,0,0,0
5261-QSHQM,1,0,0,0,4,0,No phone service,No,No,No,No,No,No,1,24.45,86.6,1,21.65,0,0,0,0,0,1,0,0,0,0,0,0
4778-IZARL,0,0,1,0,63,1,No,Yes,Yes,Yes,Yes,Yes,Yes,1,110.1,6705.7,0,106.43968253968254,0,1,1,0,1,0,0,0,0,0,0,1
0432-CAJZV,0,0,0,0,3,1,No,No,No,No,No,Yes,Yes,0,90.7,237.65,0,79.21666666666667,0,0,1,0,0,0,1,0,0,0,0,0
7008-LZVOZ,0,0,1,1,66,1,Yes,No internet service,No internet service,No internet service,No internet service,No internet service,No internet service,1,25.3,1672.35,0,25.33863636363636,0,1,0,1,1,0,0,0,0,0,0,1
8868-WOZGU,0,0,0,0,28,1,Yes,No,Yes,Yes,No,Yes,Yes,1,105.7,2979.5,1,106.41071428571429,0,0,1,0,0,1,0,0,1,0,0,0
1200-TUZHR,1,1,0,0,8,1,Yes,No,No,No,No,No,Yes,0,85.2,695.75,0,86.96875,0,0,1,0,0,1,0,0,0,0,0,0
9365-CSLBQ,0,0,0,1,71,1,Yes,No internet service,No internet service,No internet service,No internet service,No internet service,No internet service,0,24.35,1654.6,0,23.304225352112674,0,1,0,1,0,0,1,0,0,0,0,1
1334-FJSVR,0,0,0,0,1,0,No phone service,No,No,No,No,No,No,1,24.25,24.25,1,24.25,0,0,0,0,0,1,0,0,0,0,0,0
5884-FBCTL,1,0,1,1,72,1,Yes,No internet service,No internet service,No internet service,No internet service,No internet service,No internet service,0,25.1,1857.85,0,25.803472222222222,0,1,0,1,0,0,0,0,0,0,0,1
7130-CTCUS,0,1,1,0,16,1,No,Yes,Yes,No,No,No,No,1,54.55,825.1,0,51.56875,0,0,0,0,0,0,0,1,0,0,0,0
6242-FEGFD,0,0,1,0,66,1,Yes,Yes,Yes,Yes,Yes,No,No,0,96.6,6424.25,0,97.33712121212122,0,1,1,0,0,0,1,0,0,0,0,1
7625-XCQRH,1,0,0,0,11,1,Yes,No,No,No,No,No,No,1,76.5,837.95,1,76.17727272727274,0,0,1,0,0,1,0,0,0,0,0,0
6194-HBGQN,0,0,0,0,51,1,Yes,Yes,Yes,Yes,Yes,Yes,No,1,81.15,4126.2,0,80.90588235294118,1,0,0,0,1,0,0,0,0,0,1,0
7634-WSWDB,1,0,0,1,8,0,No phone service,Yes,No,No,No,No,Yes,1,38.5,330.8,0,41.35,0,0,0,0,0,1,0,0,0,0,0,0
6986-IXNDM,0,0,0,0,14,1,No,No,No,No,No,Yes,Yes,1,92.9,1337.45,0,95.53214285714286,0,0,1,0,0,1,0,1,0,0,0,0
1731-TVIUK,1,0,0,0,4,1,Yes,No,Yes,No,Yes,No,Yes,1,93.5,362.2,1,90.55,0,0,1,0,0,1,0,0,0,0,0,0
2987-BJXIK,1,0,0,0,70,1,Yes,Yes,Yes,Yes,No,Yes,Yes,0,84.7,5991.05,0,85.58642857142857,0,1,0,0,0,0,1,0,0,0,0,1
9769-TSBZE,1,0,0,1,70,1,Yes,Yes,Yes,No,Yes,No,No,0,66.0,4891.5,0,69.87857142857143,0,1,0,0,0,1,0,0,0,0,0,1
0406-BPDVR,1,1,1,0,54,1,Yes,No,Yes,No,No,Yes,Yes,1,101.5,5373.1,1,99.50185185185185,1,0,1,0,1,0,0,0,0,0,1,0
0618-XWMSS,0,0,0,1,28,1,No,Yes,No,No,No,No,No,1,74.9,2068.55,1,73.87678571428572,0,0,1,0,0,0,0,0,1,0,0,0
1395-WSWXR,0,0,0,0,24,1,No,No internet service,No internet service,No internet service,No internet service,No internet service,No internet service,0,20.75,487.05,0,20.29375,0,1,0,1,0,0,1,1,0,0,0,0
6023-GSSXW,1,0,1,0,69,1,No,No,Yes,No,No,No,Yes,1,61.45,4131.2,0,59.87246376811594,0,1,0,0,1,0,0,0,0,0,0,1
6752-APNJL,0,0,1,1,42,1,No,Yes,Yes,No,No,No,No,0,54.5,2301.15,0,54.78928571428572,0,0,0,0,0,0,1,0,0,1,0,0
5276-KQWHG,1,1,0,0,2,1,No,No,No,No,No,No,No,1,69.6,131.65,1,65.825,0,0,1,0,0,1,0,0,0,0,0,0
0420-HLGXF,1,1,0,0,39,1,Yes,No,No,Yes,No,Yes,Yes,1,99.75,4036.0,0,103.48717948717949,0,0,1,0,0,1,0,0,0,1,0,0
7446-KQISO,0,0,1,1,45,1,Yes,No,Yes,Yes,Yes,Yes,Yes,1,109.75,4900.65,0,108.90333333333332,0,1,1,0,0,0,0,0,0,1,0,0
9823-EALYC,0,0,1,1,72,1,Yes,Yes,Yes,Yes,Yes,Yes,No,1,80.85,5727.45,0,79.54791666666667,0,1,0,0,0,0,0,0,0,0,0,1
0582-AVCLN,1,0,0,0,38,1,No,No internet service,No internet service,No internet service,No internet service,No internet service,No internet service,0,20.3,743.05,0,19.553947368421053,0,1,0,1,0,0,1,0,0,1,0,0
5803-NQJZO,0,0,1,0,72,1,Yes,Yes,Yes,Yes,Yes,No,No,1,67.8,4804.65,0,66.73124999999999,0,1,0,0,0,0,0,0,0,0,0,1
2565-JSLRY,0,0,0,0,1,1,Yes,No internet service,No internet service,No internet service,No internet service,No internet service,No internet service,1,24.05,24.05,1,24.05,0,0,0,1,0,0,1,0,0,0,0,0
2607-DHDAK,0,0,1,1,72,1,No,No internet service,No internet service,No internet service,No internet service,No internet service,No internet service,1,19.8,1414.65,0,19.647916666666667,0,1,0,1,1,0,0,0,0,0,0,1
1073-XXCZD,0,0,1,0,55,1,Yes,No internet service,No internet service,No internet service,No internet service,No internet service,No internet service,0,25.7,1443.65,0,26.24818181818182,0,1,0,1,0,0,0,0,0,0,1,0
0743-HRVFF,1,0,1,1,51,0,No phone service,No,No,Yes,Yes,Yes,Yes,1,56.15,2898.95,0,56.84215686274509,1,0,0,0,0,1,0,0,0,0,1,0
4006-HKYHO,0,0,0,0,63,1,No,Yes,Yes,Yes,Yes,Yes,Yes,1,86.7,5309.5,0,84.27777777777777,0,1,0,0,0,0,0,0,0,0,0,1
3727-JEZTU,1,0,0,0,1,1,No,No internet service,No internet service,No internet service,No internet service,No internet service,No internet service,0,20.4,20.4,0,20.4,0,0,0,1,0,0,1,0,0,0,0,0
8143-ETQTI,1,0,1,1,23,1,No,No internet service,No internet service,No internet service,No internet service,No internet service,No internet service,1,19.65,451.55,0,19.632608695652173,0,1,0,1,0,0,1,1,0,0,0,0
6689-KXGBO,1,0,0,0,1,1,No,No,Yes,No,No,No,No,0,50.55,50.55,1,50.55,0,0,0,0,0,1,0,0,0,0,0,0
9667-TKTVZ,1,0,0,0,2,1,Yes,No,No,No,Yes,No,No,1,54.35,117.05,0,58.525,0,0,0,0,0,0,1,0,0,0,0,0
3657-COGMW,1,1,0,0,52,1,Yes,Yes,Yes,Yes,No,Yes,Yes,0,108.1,5839.3,0,112.29423076923078,0,0,1,0,1,0,0,0,0,0,1,0
8570-KLJYJ,1,0,0,0,36,1,Yes,Yes,No,No,No,No,No,0,54.45,1893.5,0,52.59722222222222,1,0,0,0,0,0,1,0,1,0,0,0
7754-IXRMC,1,0,0,0,1,1,No,No,No,No,No,No,No,0,45.35,45.35,0,45.35,0,0,0,0,0,0,1,0,0,0,0,0
9473-CBZOP,1,0,0,0,28,1,Yes,Yes,No,Yes,No,No,No,0,59.0,1654.45,0,59.0875,1,0,0,0,0,0,1,0,1,0,0,0
2969-WGHQO,1,0,1,1,7,1,No,Yes,Yes,Yes,No,Yes,No,0,69.45,477.05,0,68.15,1,0,0,0,0,1,0,0,0,0,0,0
6615-NGGZJ,0,0,0,0,14,1,Yes,No,Yes,No,No,Yes,Yes,1,100.55,1415.55,1,101.11071428571428,0,0,1,0,0,1,0,1,0,0,0,0
4334-HOWRP,0,1,1,0,72,0,No phone service,Yes,Yes,Yes,Yes,Yes,Yes,1,64.95,4546.0,0,63.138888888888886,0,1,0,0,1,0,0,0,0,0,0,1
4255-DDUOU,1,0,1,1,1,1,No,No internet service,No internet service,No internet service,No internet service,No internet service,No internet service,1,20.5,20.5,1,20.5,0,0,0,1,0,0,1,0,0,0,0,0
5863-OOKCL,1,0,0,0,10,1,No,No internet service,No internet service,No internet service,No internet service,No internet service,No internet service,0,18.85,163.2,0,16.32,0,0,0,1,0,0,1,0,0,0,0,0
1686-STUHN,0,0,0,0,42,1,No,No internet service,No internet service,No internet service,No internet service,No internet service,No internet service,0,19.8,849.9,0,20.235714285714284,1,0,0,1,0,0,0,0,0,1,0,0
1329-VHWNP,1,0,0,0,7,0,No phone service,No,No,No,No,No,No,0,25.05,189.95,0,27.135714285714283,0,0,0,0,0,0,0,0,0,0,0,0
2984-MIIZL,0,0,0,0,4,1,No,No,No,Yes,No,No,No,1,74.8,321.9,1,80.475,0,0,1,0,0,0,0,0,0,0,0,0
0266-GMEAO,0,0,1,1,72,1,Yes,Yes,Yes,Yes,Yes,Yes,Yes,1,114.3,8058.55,0,111.92430555555556,0,1,1,0,1,0,0,0,0,0,0,1
5590-YRFJT,1,0,1,0,20,0,No phone service,No,No,No,No,No,No,1,24.45,482.8,1,24.14,0,0,0,0,0,1,0,1,0,0,0,0
5574-NXZIU,0,0,0,0,63,1,No,Yes,Yes,Yes,Yes,Yes,Yes,0,109.2,7049.75,0,111.90079365079364,0,1,1,0,1,0,0,0,0,0,0,1
0019-GFNTW,1,0,0,0,56,0,No phone service,Yes,Yes,Yes,Yes,No,No,0,45.05,2560.1,0,45.716071428571425,0,1,0,0,0,0,0,0,0,0,1,0
4256-ZWTZI,1,0,0,1,5,1,No,No,No,No,Yes,No,No,1,51.0,286.8,0,57.36,0,0,0,0,0,0,1,0,0,0,0,0
8309-PPCED,1,0,1,0,72,1,Yes,No,Yes,Yes,Yes,Yes,Yes,1,110.45,7982.5,0,110.86805555555556,0,1,1,0,0,0,0,0,0,0,0,1
4098-NAUKP,0,1,1,1,68,1,Yes,No,Yes,Yes,No,No,No,1,84.65,5683.6,0,83.58235294117648,0,0,1,0,0,1,0,0,0,0,0,1
5196-WPYOW,0,0,1,1,67,1,No,Yes,Yes,No,Yes,No,No,0,60.05,3994.05,0,59.61268656716418,1,0,0,0,0,0,1,0,0,0,0,1
4608-LCIMN,0,0,1,1,8,1,No,No,No,No,No,No,No,0,44.65,369.15,0,46.14375,0,0,0,0,0,0,0,0,0,0,0,0
1485-YDHMM,0,0,1,1,52,1,Yes,No,Yes,No,Yes,No,Yes,1,93.25,4631.7,0,89.07115384615385,0,0,1,0,0,0,0,0,0,0,1,0
4054-CUMIA,1,0,1,1,18,1,No,No internet service,No internet service,No internet service,No internet service,No internet service,No internet service,1,20.25,401.95,0,22.330555555555556,0,0,0,1,0,0,1,1,0,0,0,0
0603-TPMIB,1,0,1,1,59,1,Yes,No internet service,No internet service,No internet service,No internet service,No internet service,No internet service,0,25.45,1534.05,0,26.000847457627117,0,1,0,1,0,0,1,0,0,0,1,0
2525-GVKQU,1,0,0,0,60,1,No,No internet service,No internet service,No internet service,No internet service,No internet service,No internet service,0,20.6,1093.0,0,18.216666666666665,0,1,0,1,0,0,1,0,0,0,1,0
8161-QYMTT,0,0,0,0,7,1,Yes,No,No,No,No,Yes,Yes,1,94.1,701.3,0,100.18571428571428,0,0,1,0,0,1,0,0,0,0,0,0
9581-GVBXT,0,0,1,1,59,0,No phone service,Yes,No,Yes,No,No,No,0,34.8,1980.3,0,33.56440677966101,1,0,0,0,0,0,1,0,0,0,1,0
5862-BRIXZ,0,0,0,0,46,0,No phone service,Yes,No,Yes,Yes,Yes,Yes,1,60.75,2893.4,0,62.9,0,1,0,0,0,0,0,0,0,1,0,0
5404-GGUKR,0,0,0,0,5,1,No,No,Yes,No,No,No,No,1,51.35,262.3,0,52.46,0,0,0,0,0,1,0,0,0,0,0,0
3308-JSGML,0,1,1,0,59,0,No phone service,Yes,No,Yes,Yes,Yes,Yes,1,64.05,3886.85,0,65.87881355932203,0,1,0,0,1,0,0,0,0,0,1,0
2126-GSEGL,1,0,1,0,70,1,Yes,No,Yes,Yes,Yes,Yes,Yes,1,84.8,5917.55,0,84.53642857142857,0,1,0,0,0,0,0,0,0,0,0,1
3677-TNKIO,1,0,0,0,14,1,No,No,No,No,No,No,No,1,71.0,914.0,1,65.28571428571429,0,0,1,0,1,0,0,1,0,0,0,0
0440-QEXBZ,1,0,0,0,44,1,Yes,No,No,No,No,No,No,1,50.15,2139.1,0,48.61590909090909,0,0,0,0,0,0,1,0,0,1,0,0
2434-EEVDB,1,0,1,0,64,1,Yes,Yes,No,Yes,No,Yes,No,1,94.6,5948.7,0,92.9484375,0,1,1,0,1,0,0,0,0,0,0,1
6762-QVYJO,1,0,1,1,58,0,No phone service,Yes,No,Yes,Yes,Yes,Yes,0,59.75,3624.35,0,62.48879310344827,0,1,0,0,0,0,1,0,0,0,1,0
6199-IWKGC,1,1,1,0,46,1,Yes,No,No,No,Yes,Yes,Yes,0,100.25,4753.85,0,103.3445652173913,1,0,1,0,0,1,0,0,0,1,0,0
2675-DHUTR,0,1,1,0,58,1,Yes,No,Yes,No,No,Yes,Yes,1,98.9,5780.7,0,99.66724137931034,0,0,1,0,0,1,0,0,0,0,1,0
8152-VETUR,1,0,1,0,72,1,Yes,No,Yes,No,No,Yes,Yes,1,97.7,6869.7,0,95.4125,0,1,1,0,1,0,0,0,0,0,0,1
9667-EQRXU,1,1,0,0,30,0,No phone service,No,No,Yes,No,Yes,No,1,40.3,1172.95,1,39.098333333333336,0,0,0,0,0,1,0,0,1,0,0,0
7446-YPODE,0,1,0,0,11,1,Yes,Yes,Yes,No,No,No,No,0,60.25,662.95,0,60.26818181818182,0,0,0,0,0,0,0,0,0,0,0,0
9522-BNTHX,1,1,0,0,34,0,No phone service,No,Yes,Yes,No,Yes,Yes,1,56.25,1765.95,0,51.93970588235294,0,0,0,0,0,1,0,0,1,0,0,0
4676-WLUHT,0,0,0,0,54,0,No phone service,Yes,Yes,No,No,No,Yes,0,46.2,2431.95,0,45.036111111111104,0,1,0,0,0,0,0,0,0,0,1,0
3329-WDIOK,1,0,0,0,3,0,No phone service,No,Yes,No,No,Yes,Yes,1,50.6,155.35,1,51.78333333333333,0,0,0,0,0,1,0,0,0,0,0,0
7980-MHFLQ,1,0,1,1,72,1,Yes,No internet service,No internet service,No internet service,No internet service,No internet service,No internet service,0,24.9,1859.2,0,25.822222222222223,0,1,0,1,0,0,1,0,0,0,0,1
2873-ZLIWT,1,0,1,1,40,1,Yes,No,No,Yes,Yes,No,No,1,84.85,3303.05,1,82.57625,0,0,1,0,0,1,0,0,0,1,0,0
3415-TAILE,1,0,1,1,2,1,No,No,No,No,No,Yes,Yes,0,65.7,134.35,1,67.175,0,0,0,0,0,0,1,0,0,0,0,0
0757-WCUUZ,0,0,1,1,54,1,Yes,No,No,Yes,No,No,Yes,0,63.35,3409.1,0,63.13148148148148,0,1,0,0,1,0,0,0,0,0,1,0
1629-DQQVB,1,0,0,0,14,1,No,Yes,No,No,No,No,No,0,50.1,709.5,0,50.67857142857143,0,0,0,0,0,0,0,1,0,0,0,0
1915-IOFGU,1,0,0,0,1,1,No,No,No,No,No,No,No,0,70.5,70.5,1,70.5,0,0,1,0,0,1,0,0,0,0,0,0
3045-XETSH,1,0,0,0,10,1,Yes,No,Yes,Yes,No,No,Yes,1,94.85,953.45,1,95.345,0,0,1,0,0,1,0,0,0,0,0,0
0374-AACSZ,1,0,0,0,1,1,No,Yes,No,No,No,No,No,0,50.15,50.15,0,50.15,0,0,0,0,0,1,0,0,0,0,0,0
7239-HZZCX,0,0,0,0,1,1,No,No internet service,No internet service,No internet service,No internet service,No internet service,No internet service,0,19.75,19.75,1,19.75,0,0,0,1,0,0,1,0,0,0,0,0
4872-VXRIL,0,0,0,0,56,1,Yes,Yes,Yes,No,Yes,No,No,1,64.65,3665.55,0,65.45625,1,0,0,0,0,0,0,0,0,0,1,0
9140-CZQZZ,1,0,1,0,68,1,No,Yes,Yes,No,Yes,Yes,Yes,1,79.6,5515.8,0,81.11470588235295,0,1,0,0,0,0,0,0,0,0,0,1
3423-HHXAO,1,0,1,1,14,1,No,No internet service,No internet service,No internet service,No internet service,No internet service,No internet service,1,19.5,272.0,0,19.428571428571427,1,0,0,1,0,0,1,1,0,0,0,0
9938-TKDGL,0,0,1,1,68,1,No,Yes,No,No,Yes,Yes,Yes,1,99.55,6668.0,0,98.05882352941177,0,1,1,0,0,1,0,0,0,0,0,1
0531-ZZJWQ,0,1,1,0,55,1,Yes,No,No,No,No,No,No,1,74.0,4052.4,0,73.68,0,0,1,0,0,1,0,0,0,0,1,0
6537-QLGEX,1,0,0,0,16,0,No phone service,Yes,No,No,No,Yes,No,1,38.9,664.4,0,41.525,0,0,0,0,0,1,0,1,0,0,0,0
2688-BHGOG,0,1,0,0,9,1,No,No,No,No,No,No,Yes,1,79.55,718.55,0,79.83888888888889,0,0,1,0,0,1,0,0,0,0,0,0
7683-CBDKJ,0,0,1,1,14,1,No,Yes,Yes,No,No,Yes,No,1,65.45,937.6,1,66.97142857142858,0,0,0,0,0,1,0,1,0,0,0,0
0946-CLJTI,0,1,1,0,58,1,Yes,No,No,Yes,No,Yes,Yes,1,98.7,5812.6,1,100.21724137931035,0,0,1,0,0,1,0,0,0,0,1,0
3160-TYXLT,0,0,0,0,53,0,No phone service,Yes,Yes,No,No,No,Yes,1,46.3,2546.85,0,48.053773584905656,0,0,0,0,0,0,0,0,0,0,1,0
1325-USMEC,0,0,1,0,70,1,Yes,Yes,Yes,Yes,No,Yes,No,1,99.35,6944.5,0,99.20714285714286,0,1,1,0,1,0,0,0,0,0,0,1
0916-QOFDP,1,1,1,1,14,1,Yes,No,No,No,No,Yes,Yes,1,95.8,1346.3,0,96.16428571428571,0,0,1,0,0,1,0,1,0,0,0,0
0628-CNQRM,0,0,1,1,22,1,No,Yes,No,Yes,Yes,Yes,No,1,67.5,1544.05,1,70.18409090909091,1,0,0,0,0,0,0,1,0,0,0,0
5606-AMZBO,1,0,1,0,10,1,Yes,Yes,No,No,No,No,No,1,78.15,765.15,0,76.515,0,0,1,0,1,0,0,0,0,0,0,0
6199-IPCAO,1,0,1,1,29,1,Yes,No internet service,No internet service,No internet service,No internet service,No internet service,No internet service,0,26.1,692.55,0,23.88103448275862,0,1,0,1,0,0,1,0,1,0,0,0
7665-TOALD,1,0,0,0,1,1,No,No,No,No,No,No,No,1,69.6,69.6,1,69.6,0,0,1,0,0,1,0,0,0,0,0,0
0112-QWPNC,0,0,1,0,49,1,Yes,Yes,No,Yes,Yes,Yes,Yes,0,84.35,4059.35,1,82.84387755102041,1,0,0,0,0,1,0,0,0,0,1,0
0324-BRPCJ,1,1,1,0,68,1,Yes,No,Yes,No,No,Yes,Yes,1,100.2,6851.65,1,100.7595588235294,0,0,1,0,0,1,0,0,0,0,0,1
2777-PHDEI,1,0,0,0,1,1,No,No,No,No,No,Yes,No,0,78.05,78.05,1,78.05,0,0,1,0,0,1,0,0,0,0,0,0
5640-CAXOA,1,0,0,0,30,0,No phone service,No,No,No,Yes,No,Yes,1,40.35,1187.05,0,39.568333333333335,1,0,0,0,1,0,0,0,1,0,0,0
2235-EZAIK,1,0,1,0,72,1,Yes,Yes,Yes,Yes,Yes,Yes,No,0,79.2,5401.9,0,75.02638888888889,0,1,0,0,1,0,0,0,0,0,0,1
3847-BAERP,1,0,0,0,10,1,No,No internet service,No internet service,No internet service,No internet service,No internet service,No internet service,1,20.9,247.0,0,24.7,0,0,0,1,0,0,1,0,0,0,0,0
1196-AMORA,0,0,0,0,7,1,Yes,No,No,No,No,No,No,0,73.6,520.0,1,74.28571428571429,0,0,1,0,0,1,0,0,0,0,0,0
4282-YMKNA,1,0,0,0,9,1,Yes,No,No,No,No,No,No,1,74.75,706.6,1,78.51111111111112,0,0,1,0,0,1,0,0,0,0,0,0
1453-RZFON,1,0,0,1,1,1,No,Yes,No,No,No,No,No,0,49.9,49.9,0,49.9,0,0,0,0,0,0,1,0,0,0,0,0
8263-OKETD,1,0,0,0,20,1,Yes,No,Yes,No,Yes,No,Yes,1,68.9,1370.35,0,68.5175,0,0,0,0,1,0,0,1,0,0,0,0
0670-KDOMA,1,0,0,0,1,1,No,No internet service,No internet service,No internet service,No internet service,No internet service,No internet service,1,20.25,20.25,0,20.25,0,0,0,1,0,0,1,0,0,0,0,0
2476-YGEFM,1,0,0,0,29,1,Yes,No,No,No,No,No,No,1,76.0,2215.25,0,76.38793103448276,0,0,1,0,1,0,0,0,1,0,0,0
8687-BAFGU,0,0,0,0,1,1,No,No,No,No,Yes,No,No,0,74.0,74.0,0,74.0,0,0,1,0,0,1,0,0,0,0,0,0
0641-EVBOJ,0,0,0,0,3,1,No,Yes,No,No,Yes,No,No,1,82.3,214.4,0,71.46666666666667,0,0,1,0,0,0,1,0,0,0,0,0
0829-XXPLX,1,0,0,0,20,1,No,Yes,No,Yes,No,Yes,No,1,89.4,1871.15,0,93.5575,0,0,1,0,0,0,0,1,0,0,0,0
9974-JFBHQ,0,0,0,1,64,1,No,No,Yes,No,Yes,Yes,Yes,1,99.15,6171.2,0,96.425,0,0,1,0,1,0,0,0,0,0,0,1
5356-RHIPP,0,0,0,0,1,1,No,No internet service,No internet service,No internet service,No internet service,No internet service,No internet service,1,20.2,20.2,1,20.2,0,0,0,1,0,0,1,0,0,0,0,0
6624-JDRDS,1,0,0,0,6,0,No phone service,Yes,No,No,No,No,No,0,29.45,161.45,0,26.90833333333333,0,0,0,0,0,0,0,0,0,0,0,0
0608-JDVEC,0,0,1,0,50,1,No,No internet service,No internet service,No internet service,No internet service,No internet service,No internet service,0,19.8,1013.2,0,20.264,0,1,0,1,0,1,0,0,0,0,1,0
9780-FKVVF,0,0,0,0,6,1,No,Yes,No,No,No,No,Yes,1,59.15,336.7,0,56.11666666666667,0,0,0,0,0,0,0,0,0,0,0,0
1919-RTPQD,0,0,1,1,7,1,No,No,No,No,No,No,No,0,44.75,333.65,0,47.66428571428571,0,0,0,0,0,1,0,0,0,0,0,0
5214-NLTIT,0,0,1,1,72,1,Yes,No,No,Yes,No,No,Yes,1,90.8,6511.8,0,90.44166666666666,0,1,1,0,1,0,0,0,0,0,0,1
3345-PBBFH,0,0,1,0,8,1,No,No,Yes,No,No,No,No,1,49.55,393.45,0,49.18125,0,0,0,0,0,0,0,0,0,0,0,0
5055-BRMNE,1,0,1,1,67,1,Yes,Yes,No,No,Yes,Yes,Yes,0,106.7,7009.5,0,104.61940298507463,0,1,1,0,1,0,0,0,0,0,0,1
9189-JWSHV,1,1,1,0,24,1,Yes,No,No,No,No,Yes,Yes,1,93.55,2264.05,1,94.33541666666667,0,0,1,0,0,1,0,1,0,0,0,0
2190-PHBHR,1,0,1,0,72,1,Yes,Yes,Yes,No,No,No,Yes,1,94.45,6921.7,0,96.13472222222222,0,1,1,0,1,0,0,0,0,0,0,1
2650-GYRYL,0,0,1,1,33,1,No,No internet service,No internet service,No internet service,No internet service,No internet service,No internet service,1,19.45,600.25,0,18.189393939393938,1,0,0,1,0,0,0,0,1,0,0,0
0746-JTRFU,0,0,0,0,2,0,No phone service,No,No,No,No,No,No,1,25.05,56.35,1,28.175,0,0,0,0,0,1,0,0,0,0,0,0
5208-FVQKB,0,0,1,0,70,1,No,Yes,Yes,No,Yes,No,Yes,0,67.95,4664.15,0,66.63071428571428,0,1,0,0,0,0,1,0,0,0,0,1
7184-LRUUR,1,0,0,0,22,1,No,No,Yes,Yes,No,Yes,No,0,65.25,1441.8,0,65.53636363636363,1,0,0,0,0,0,0,1,0,0,0,0
6627-CFOSN,1,0,0,0,59,1,Yes,Yes,Yes,Yes,No,No,Yes,1,99.45,5623.7,0,95.31694915254236,0,0,1,0,0,0,0,0,0,0,1,0
3982-JGSFD,0,0,0,0,36,1,No,No internet service,No internet service,No internet service,No internet service,No internet service,No internet service,1,20.35,695.85,0,19.329166666666666,1,0,0,1,1,0,0,0,1,0,0,0
1574-DYCWE,1,0,1,1,51,1,No,No internet service,No internet service,No internet service,No internet service,No internet service,No internet service,0,19.95,1028.75,0,20.17156862745098,0,1,0,1,0,0,1,0,0,0,1,0
7247-XOZPB,0,0,1,0,53,1,Yes,Yes,No,Yes,Yes,Yes,No,0,77.4,4155.95,0,78.41415094339622,1,0,0,0,0,0,0,0,0,0,1,0
2466-FCCPT,1,0,1,1,20,1,No,No internet service,No internet service,No internet service,No internet service,No internet service,No internet service,0,19.7,395.6,0,19.78,1,0,0,1,0,0,0,1,0,0,0,0
6211-WWLTF,0,0,1,0,63,1,No,Yes,No,Yes,No,Yes,Yes,0,99.7,6330.4,0,100.48253968253968,0,1,1,0,1,0,0,0,0,0,0,1
4826-TZEVA,1,0,0,0,40,1,No,No,Yes,No,No,No,No,0,74.8,2971.7,0,74.29249999999999,0,0,1,0,1,0,0,0,0,1,0,0
6016-NXBNJ,0,0,0,0,35,1,No,No internet service,No internet service,No internet service,No internet service,No internet service,No internet service,1,19.15,638.0,0,18.228571428571428,1,0,0,1,0,0,1,0,1,0,0,0
9138-EFSMO,0,0,1,1,26,1,No,No,No,No,No,No,Yes,0,78.95,2034.25,0,78.24038461538461,1,0,1,0,0,0,0,0,1,0,0,0
0576-WNXXC,0,1,1,0,27,1,Yes,No,Yes,Yes,No,No,Yes,1,95.55,2510.2,1,92.97037037037036,0,0,1,0,0,1,0,0,1,0,0,0
4632-XJMEX,0,0,0,1,53,1,No,Yes,Yes,No,Yes,No,No,0,62.85,3419.5,0,64.51886792452831,1,0,0,0,1,0,0,0,0,0,1,0
8910-LEDAG,0,1,1,0,34,1,No,No,No,No,No,No,No,0,71.55,2427.35,0,71.39264705882353,0,0,1,0,1,0,0,0,1,0,0,0
3452-GWUIN,1,1,1,0,19,1,Yes,No,No,No,No,Yes,Yes,1,94.95,1760.25,0,92.64473684210526,0,0,1,0,0,1,0,1,0,0,0,0
2716-GFZOR,0,0,1,0,43,1,No,Yes,Yes,Yes,No,No,No,1,86.1,3551.65,0,82.59651162790698,0,0,1,0,1,0,0,0,0,1,0,0
3724-UCSHY,0,0,1,1,6,1,No,No internet service,No internet service,No internet service,No internet service,No internet service,No internet service,0,19.55,122.9,0,20.483333333333334,0,0,0,1,0,0,1,0,0,0,0,0
8626-XHBIE,0,0,0,1,56,1,Yes,No internet service,No internet service,No internet service,No internet service,No internet service,No internet service,1,24.8,1424.2,0,25.432142857142857,0,1,0,1,0,0,1,0,0,0,1,0
4628-CTTLA,0,0,0,0,57,0,No phone service,No,Yes,No,No,Yes,No,1,39.3,2111.45,1,37.04298245614035,0,0,0,0,0,1,0,0,0,0,1,0
3192-LNKRK,0,0,1,1,34,1,No,No,No,Yes,No,Yes,No,1,84.05,2909.95,0,85.58676470588235,0,0,1,0,0,0,1,0,1,0,0,0
4439-YRNVD,1,0,0,0,10,0,No phone service,No,Yes,No,Yes,No,No,0,36.25,374.0,0,37.4,0,0,0,0,0,1,0,0,0,0,0,0
2876-VBBBL,1,0,0,0,1,1,No,No internet service,No internet service,No internet service,No internet service,No internet service,No internet service,1,20.25,20.25,1,20.25,0,0,0,1,0,0,1,0,0,0,0,0
6834-NXDCA,1,0,0,0,13,0,No phone service,No,No,No,No,No,No,1,23.9,300.8,1,23.138461538461538,0,0,0,0,0,1,0,1,0,0,0,0
2208-UGTGR,0,0,0,0,56,1,Yes,No,Yes,No,No,Yes,Yes,0,98.6,5581.05,0,99.66160714285715,0,0,1,0,0,1,0,0,0,0,1,0
3005-TYFRD,1,0,1,0,55,1,Yes,No,Yes,Yes,No,Yes,Yes,1,103.65,5676.65,0,103.21181818181817,0,0,1,0,1,0,0,0,0,0,1,0
8670-MEFCP,1,0,1,1,36,1,Yes,Yes,Yes,Yes,Yes,Yes,Yes,1,92.9,3379.25,0,93.86805555555556,0,1,0,0,1,0,0,0,1,0,0,0
3079-BCHLN,0,0,1,0,47,1,No,No internet service,No internet service,No internet service,No internet service,No internet service,No internet service,0,19.9,942.95,0,20.06276595744681,1,0,0,1,0,0,0,0,0,1,0,0
7777-UNYHB,1,0,1,1,12,1,No,No internet service,No internet service,No internet service,No internet service,No internet service,No internet service,1,20.1,232.4,0,19.366666666666667,0,0,0,1,1,0,0,0,0,0,0,0
5597-GLBUC,1,0,0,0,1,1,No,No,No,Yes,No,Yes,No,1,85.45,85.45,1,85.45,0,0,1,0,0,1,0,0,0,0,0,0
7278-CKDNC,0,1,0,0,24,1,Yes,No,Yes,No,No,No,No,1,80.5,2088.45,0,87.01875,0,0,1,0,0,1,0,1,0,0,0,0
2748-MYRVK,1,0,0,0,63,1,Yes,No,Yes,No,No,Yes,Yes,0,99.9,6137.0,1,97.41269841269842,1,0,1,0,0,0,0,0,0,0,0,1
8450-UYIBU,1,1,0,0,35,0,No phone service,No,No,Yes,No,Yes,No,1,39.85,1434.6,0,40.988571428571426,0,0,0,0,0,1,0,0,1,0,0,0
2969-VAPYH,1,0,0,0,67,1,No,Yes,Yes,No,Yes,No,No,0,60.5,3870.0,0,57.76119402985075,1,0,0,0,1,0,0,0,0,0,0,1
4822-YCXMX,0,0,0,0,25,1,Yes,No,No,No,No,No,Yes,1,84.8,2043.45,1,81.738,0,0,1,0,0,1,0,0,1,0,0,0
7181-OQCUT,0,0,0,0,21,1,Yes,Yes,No,Yes,No,Yes,Yes,0,103.85,2215.0,0,105.47619047619048,0,0,1,0,0,0,1,1,0,0,0,0
8474-UMLNT,1,0,0,0,13,1,No,Yes,Yes,No,Yes,No,Yes,0,67.8,842.25,0,64.78846153846153,0,0,0,0,0,0,0,1,0,0,0,0
9821-POOTN,0,0,1,0,35,1,Yes,No,No,No,No,No,No,1,75.2,2576.2,1,73.60571428571428,0,0,1,0,0,1,0,0,1,0,0,0
3836-FZSDJ,0,1,1,0,71,1,Yes,No internet service,No internet service,No internet service,No internet service,No internet service,No internet service,0,24.85,1901.0,0,26.774647887323944,0,1,0,1,0,0,0,0,0,0,0,1
9142-XMYJH,1,0,0,0,29,1,No,No internet service,No internet service,No internet service,No internet service,No internet service,No internet service,0,19.35,601.6,0,20.7448275862069,0,0,0,1,1,0,0,0,1,0,0,0
6559-ILWKJ,0,0,1,0,71,0,No phone service,No,Yes,No,No,Yes,Yes,0,49.35,3515.25,1,49.51056338028169,0,1,0,0,0,1,0,0,0,0,0,1
0187-QSXOE,0,1,1,0,7,1,No,No,No,No,No,Yes,Yes,1,89.0,605.45,0,86.49285714285715,0,0,1,0,0,1,0,0,0,0,0,0
7733-UDMTP,1,1,0,0,57,0,No phone service,No,Yes,Yes,No,Yes,Yes,1,55.0,3094.05,0,54.28157894736842,0,0,0,0,0,1,0,0,0,0,1,0
2649-HWLYB,0,0,1,0,65,1,Yes,Yes,No,Yes,Yes,No,Yes,0,76.15,4929.55,0,75.83923076923077,0,1,0,0,0,0,0,0,0,0,0,1
5214-CHIWJ,0,0,0,0,27,1,No,No internet service,No internet service,No internet service,No internet service,No internet service,No internet service,0,20.3,595.05,0,22.038888888888888,1,0,0,1,0,0,1,0,1,0,0,0
4229-CZMLL,0,0,0,0,6,1,Yes,No,No,No,No,No,No,1,74.9,469.8,1,78.3,0,0,1,0,0,1,0,0,0,0,0,0
6904-JLBGY,1,1,0,0,72,1,Yes,Yes,Yes,Yes,Yes,Yes,Yes,1,117.35,8436.25,0,117.17013888888889,0,1,1,0,1,0,0,0,0,0,0,1
2465-BLLEU,0,0,0,0,1,1,No,No internet service,No internet service,No internet service,No internet service,No internet service,No internet service,1,19.75,19.75,0,19.75,0,0,0,1,0,0,1,0,0,0,0,0
1685-VAYJF,0,0,0,0,11,1,No,No,No,No,No,No,No,0,45.2,492.0,0,44.72727272727273,0,0,0,0,1,0,0,0,0,0,0,0
8874-EJNSR,0,0,1,1,39,1,Yes,No internet service,No internet service,No internet service,No internet service,No internet service,No internet service,0,25.2,987.95,0,25.33205128205128,0,1,0,1,0,0,1,0,0,1,0,0
6917-YACBP,1,1,0,0,59,1,Yes,Yes,Yes,Yes,No,No,No,1,89.75,5496.9,0,93.16779661016949,0,0,1,0,0,1,0,0,0,0,1,0
5049-MUBWG,0,0,0,0,26,1,No,Yes,No,No,Yes,Yes,Yes,0,75.0,1908.35,0,73.39807692307691,1,0,0,0,0,0,0,0,1,0,0,0
4223-WOZCM,0,1,0,0,2,1,No,No,No,Yes,No,No,No,0,49.95,107.1,0,53.55,0,0,0,0,0,0,1,0,0,0,0,0
0769-MURVM,1,0,1,1,72,0,No phone service,Yes,Yes,Yes,Yes,Yes,Yes,0,65.7,4575.35,0,63.54652777777778,0,1,0,0,0,0,0,0,0,0,0,1
9253-VIFJQ,0,0,1,0,65,1,Yes,Yes,Yes,Yes,No,No,No,0,67.05,4309.55,0,66.30076923076923,1,0,0,0,1,0,0,0,0,0,0,1
7030-FZTFM,0,0,1,1,72,1,Yes,No,Yes,Yes,Yes,Yes,Yes,0,110.9,7922.75,0,110.03819444444444,0,1,1,0,1,0,0,0,0,0,0,1
9741-YLNTD,0,0,0,0,6,1,Yes,No,No,No,Yes,No,Yes,1,87.95,522.35,0,87.05833333333334,0,0,1,0,0,0,0,0,0,0,0,0
5917-RYRMG,0,1,0,0,32,1,No,No internet service,No internet service,No internet service,No internet service,No internet service,No internet service,0,19.8,587.7,0,18.365625,1,0,0,1,1,0,0,0,1,0,0,0
5120-ZBLAI,1,0,1,0,50,1,Yes,No,No,Yes,No,Yes,Yes,0,75.7,3876.2,0,77.524,1,0,0,0,0,0,0,0,0,0,1,0
1194-BHJYC,0,0,1,0,61,0,No phone service,Yes,No,Yes,Yes,Yes,Yes,1,62.15,3778.85,0,61.9483606557377,0,1,0,0,0,0,1,0,0,0,0,1
3663-MITLP,1,0,0,0,15,1,No,No,Yes,Yes,No,Yes,Yes,1,101.25,1457.25,1,97.15,0,0,1,0,0,1,0,1,0,0,0,0
0906-QVPMS,0,0,1,0,72,1,Yes,Yes,Yes,Yes,Yes,Yes,Yes,0,115.15,8349.45,0,115.96458333333334,0,1,1,0,0,0,0,0,0,0,0,1
9025-ZRPVR,0,0,0,0,9,1,No,No internet service,No internet service,No internet service,No internet service,No internet service,No internet service,1,18.95,185.6,1,20.62222222222222,0,0,0,1,0,0,1,0,0,0,0,0
1905-OEILC,1,0,0,0,1,1,No,No internet service,No internet service,No internet service,No internet service,No internet service,No internet service,0,19.5,19.5,0,19.5,0,0,0,1,0,0,1,0,0,0,0,0
7858-GTZSP,1,0,0,0,12,1,Yes,No,No,No,No,No,Yes,1,86.55,1066.9,0,88.90833333333335,0,0,1,0,0,1,0,0,0,0,0,0
3285-UCQVC,1,0,0,0,37,0,No phone service,No,No,No,Yes,No,No,0,28.6,973.55,1,26.31216216216216,0,0,0,0,1,0,0,0,0,1,0,0
6248-BSHKG,0,0,1,1,61,1,No,No internet service,No internet service,No internet service,No internet service,No internet service,No internet service,0,20.4,1226.45,0,20.105737704918035,1,0,0,1,0,0,1,0,0,0,0,1
4685-TFLLS,0,0,1,1,18,1,No,No internet service,No internet service,No internet service,No internet service,No internet service,No internet service,0,19.8,342.3,0,19.016666666666666,1,0,0,1,0,0,0,1,0,0,0,0
3470-BTGQO,0,0,0,1,21,1,No,No,No,No,No,No,No,0,45.65,985.05,0,46.90714285714286,0,0,0,0,0,0,1,1,0,0,0,0
1209-VFFOC,0,0,1,1,68,0,No phone service,Yes,Yes,Yes,Yes,No,Yes,1,56.4,3948.45,0,58.065441176470586,0,1,0,0,0,0,1,0,0,0,0,1
8224-DWCKX,0,1,0,0,12,1,Yes,No,No,No,No,No,No,1,73.3,828.05,0,69.00416666666666,0,0,1,0,1,0,0,0,0,0,0,0
5482-PLVPE,1,1,0,0,2,0,No phone service,No,No,No,No,No,No,0,24.35,41.85,1,20.925,0,0,0,0,0,1,0,0,0,0,0,0
4553-DVPZG,1,0,1,0,62,1,Yes,No,No,Yes,No,Yes,Yes,1,101.35,6164.7,0,99.43064516129031,0,0,1,0,0,1,0,0,0,0,0,1
4902-OHLSK,1,1,0,0,29,1,Yes,No,No,No,Yes,Yes,Yes,0,98.65,2862.75,1,98.71551724137932,0,0,1,0,0,1,0,0,1,0,0,0
6917-IAYHD,0,0,0,1,1,0,No phone service,No,Yes,No,Yes,No,No,0,33.6,33.6,0,33.6,0,0,0,0,0,0,1,0,0,0,0,0
0495-ZBNGW,0,1,1,0,5,1,Yes,No,No,Yes,No,No,No,1,79.9,343.95,1,68.78999999999999,0,0,1,0,0,0,0,0,0,0,0,0
8620-RJPZN,1,0,0,0,1,1,No,No internet service,No internet service,No internet service,No internet service,No internet service,No internet service,0,20.7,20.7,0,20.7,0,0,0,1,0,1,0,0,0,0,0,0
7572-KPVKK,0,0,0,1,62,1,Yes,No,No,Yes,Yes,Yes,Yes,1,104.05,6590.5,0,106.29838709677419,0,1,1,0,0,1,0,0,0,0,0,1
2642-MAWLJ,1,0,1,1,36,1,No,No internet service,No internet service,No internet service,No internet service,No internet service,No internet service,0,20.25,717.95,0,19.943055555555556,0,1,0,1,0,0,0,0,1,0,0,0
2357-COQEK,1,1,0,0,28,1,Yes,No,No,Yes,Yes,Yes,Yes,1,103.3,2890.65,1,103.2375,0,0,1,0,0,1,0,0,1,0,0,0
7103-ZGVNT,1,0,1,1,69,1,Yes,Yes,Yes,No,Yes,Yes,No,0,73.7,4885.85,0,70.80942028985508,1,0,0,0,1,0,0,0,0,0,0,1
3737-GCSPV,1,0,1,0,11,1,Yes,Yes,No,No,Yes,Yes,No,1,96.2,1222.05,1,111.09545454545454,0,0,1,0,1,0,0,0,0,0,0,0
2027-WKXMW,1,0,1,0,63,1,Yes,No,Yes,Yes,Yes,Yes,Yes,1,108.75,6871.7,0,109.07460317460317,0,0,1,0,0,1,0,0,0,0,0,1
7137-NAXML,0,0,0,0,23,1,No,No internet service,No internet service,No internet service,No internet service,No internet service,No internet service,0,20.15,405.6,0,17.63478260869565,1,0,0,1,0,0,0,1,0,0,0,0
2428-ZMCTB,0,0,0,0,10,1,No,No internet service,No internet service,No internet service,No internet service,No internet service,No internet service,0,19.75,208.25,0,20.825,0,0,0,1,1,0,0,0,0,0,0,0
2961-VNFKL,1,0,1,0,71,1,Yes,No internet service,No internet service,No internet service,No internet service,No internet service,No internet service,1,25.95,1801.9,0,25.378873239436622,0,1,0,1,1,0,0,0,0,0,0,1
1768-HNVGJ,1,1,0,0,45,1,Yes,Yes,No,No,Yes,No,Yes,1,70.05,3062.45,0,68.05444444444444,0,0,0,0,0,1,0,0,0,1,0,0
6963-KQYQB,1,0,1,1,70,1,Yes,No internet service,No internet service,No internet service,No internet service,No internet service,No internet service,0,24.05,1764.75,0,25.210714285714285,0,1,0,1,0,0,1,0,0,0,0,1
5934-RMPOV,1,0,0,1,22,1,Yes,No,No,No,No,No,Yes,1,84.75,1816.75,0,82.57954545454545,0,0,1,0,0,1,0,1,0,0,0,0
1207-BLKSA,1,0,1,1,52,1,Yes,No internet service,No internet service,No internet service,No internet service,No internet service,No internet service,0,23.05,1255.1,0,24.13653846153846,0,1,0,1,0,0,1,0,0,0,1,0
4088-YLDSU,0,0,1,0,55,1,Yes,No,No,Yes,Yes,Yes,Yes,1,104.15,5743.05,1,104.41909090909091,1,0,1,0,0,1,0,0,0,0,1,0
8316-BBQAY,1,0,0,0,65,0,No phone service,Yes,No,Yes,Yes,Yes,Yes,0,59.95,3921.1,0,60.324615384615385,0,1,0,0,1,0,0,0,0,0,0,1
1166-PQLGG,1,0,1,1,72,1,No,No internet service,No internet service,No internet service,No internet service,No internet service,No internet service,0,19.55,1463.45,0,20.325694444444444,0,1,0,1,0,0,0,0,0,0,0,1
3146-JTQHR,0,0,1,0,10,1,No,No internet service,No internet service,No internet service,No internet service,No internet service,No internet service,0,19.6,189.45,0,18.945,1,0,0,1,0,0,0,0,0,0,0,0
4291-YZODP,1,0,0,1,7,1,No,No internet service,No internet service,No internet service,No internet service,No internet service,No internet service,0,20.05,96.8,0,13.828571428571427,1,0,0,1,0,0,1,0,0,0,0,0
4395-PZMSN,0,1,0,0,5,1,No,No,Yes,No,No,No,Yes,1,85.55,408.5,0,81.7,0,0,1,0,0,1,0,0,0,0,0,0
6427-FEFIG,1,0,1,1,24,1,Yes,Yes,No,Yes,No,Yes,Yes,0,78.6,1846.65,0,76.94375000000001,0,1,0,0,1,0,0,1,0,0,0,0
0017-IUDMW,1,0,1,1,72,1,Yes,Yes,Yes,Yes,Yes,Yes,Yes,1,116.8,8456.75,0,117.45486111111111,0,1,1,0,1,0,0,0,0,0,0,1
8706-HRADD,0,0,0,0,21,0,No phone service,Yes,No,No,Yes,Yes,No,1,43.55,1011.5,0,48.166666666666664,0,0,0,0,0,0,1,1,0,0,0,0
9955-QOPOY,0,0,1,0,69,0,No phone service,No,Yes,Yes,Yes,Yes,Yes,1,60.8,4263.4,0,61.78840579710145,1,0,0,0,1,0,0,0,0,0,0,1
4385-ZKVNW,0,0,1,1,44,1,No,No,Yes,No,Yes,No,No,1,54.9,2549.1,0,57.934090909090905,0,0,0,0,0,0,0,0,0,1,0,0
5446-DKWYW,1,1,1,1,61,1,Yes,No,No,Yes,No,Yes,No,1,65.2,3965.05,0,65.00081967213114,1,0,0,0,0,1,0,0,0,0,0,1
2034-CGRHZ,0,1,0,0,24,1,Yes,No,Yes,Yes,No,Yes,Yes,1,102.95,2496.7,1,104.02916666666665,0,0,1,0,1,0,0,1,0,0,0,0
5797-APWZC,1,0,0,0,1,1,No,No,No,No,No,Yes,Yes,0,90.6,90.6,1,90.6,0,0,1,0,0,1,0,0,0,0,0,0
3683-QKIUE,1,0,0,0,6,1,No,No,No,No,Yes,No,No,1,50.8,288.05,1,48.00833333333333,0,0,0,0,0,0,0,0,0,0,0,0
4228-ZGYUW,0,0,0,0,4,1,Yes,No,Yes,No,No,No,Yes,1,90.05,368.1,1,92.025,0,0,1,0,0,1,0,0,0,0,0,0
9031-ZVQPT,0,0,1,0,72,1,Yes,No,Yes,Yes,Yes,Yes,Yes,1,108.2,7840.6,0,108.89722222222223,0,1,1,0,0,1,0,0,0,0,0,1
2990-IAJSV,0,0,0,0,72,1,Yes,Yes,Yes,Yes,Yes,Yes,Yes,0,92.0,6632.75,0,92.12152777777777,0,1,0,0,0,0,0,0,0,0,0,1
8107-KNCIM,0,1,1,0,14,1,Yes,No,No,No,No,No,No,1,75.1,1013.35,0,72.38214285714285,0,0,1,0,0,1,0,1,0,0,0,0
9027-YFHQJ,0,0,0,0,7,1,Yes,No internet service,No internet service,No internet service,No internet service,No internet service,No internet service,1,25.05,152.95,0,21.849999999999998,0,0,0,1,0,0,0,0,0,0,0,0
5176-LDKUH,1,0,0,0,48,1,No,No,Yes,No,No,No,No,0,75.15,3772.65,0,78.596875,1,0,1,0,0,1,0,0,0,1,0,0
4644-OBGFZ,0,0,1,1,55,1,No,No internet service,No internet service,No internet service,No internet service,No internet service,No internet service,0,19.5,1026.35,0,18.66090909090909,1,0,0,1,0,0,1,0,0,0,1,0
7926-IJOOU,0,0,0,0,1,1,No,No internet service,No internet service,No internet service,No internet service,No internet service,No internet service,0,19.3,19.3,0,19.3,0,0,0,1,1,0,0,0,0,0,0,0
6480-YAGIY,0,0,0,0,45,1,No,Yes,Yes,Yes,Yes,Yes,Yes,0,112.2,5031.85,0,111.81888888888889,1,0,1,0,1,0,0,0,0,1,0,0
4029-HPFVY,0,0,0,0,3,1,No,No,No,No,No,No,No,1,70.3,220.4,0,73.46666666666667,0,0,1,0,0,0,1,0,0,0,0,0
7602-DBTOU,1,0,1,0,71,1,No,No internet service,No internet service,No internet service,No internet service,No internet service,No internet service,0,19.6,1416.5,0,19.950704225352112,0,1,0,1,0,0,1,0,0,0,0,1
5345-BMKWB,0,0,1,0,8,1,No,No internet service,No internet service,No internet service,No internet service,No internet service,No internet service,0,20.25,158.35,0,19.79375,0,0,0,1,0,0,1,0,0,0,0,0
3519-ZKXGG,1,0,1,0,3,1,Yes,No,No,No,No,No,No,1,75.85,256.6,1,85.53333333333335,0,0,1,0,0,1,0,0,0,0,0,0
5457-COLHT,0,0,1,1,69,1,No,Yes,Yes,No,Yes,Yes,Yes,0,80.65,5542.55,0,80.3268115942029,0,1,0,0,0,0,0,0,0,0,0,1
6416-TVAIH,0,0,1,1,1,1,No,No,No,No,No,No,No,1,68.5,68.5,1,68.5,0,0,1,0,0,1,0,0,0,0,0,0
5451-YHYPW,1,1,1,0,72,1,Yes,Yes,Yes,Yes,Yes,Yes,Yes,1,115.75,8443.7,0,117.27361111111112,0,1,1,0,1,0,0,0,0,0,0,1
5108-ADXWO,0,0,0,0,11,1,No,Yes,No,No,No,No,No,1,73.5,791.75,1,71.97727272727273,0,0,1,0,0,1,0,0,0,0,0,0
7998-WNZEM,0,0,0,0,71,1,Yes,Yes,Yes,Yes,Yes,No,Yes,0,80.6,5708.2,0,80.39718309859154,0,1,0,0,0,0,0,0,0,0,0,1
3066-RRJIO,1,0,0,0,1,1,No,No,No,No,No,No,No,1,69.95,69.95,1,69.95,0,0,1,0,0,0,1,0,0,0,0,0
4664-NJCMS,1,0,1,0,33,0,No phone service,Yes,No,Yes,Yes,Yes,Yes,0,59.55,2016.3,0,61.1,0,1,0,0,0,0,0,0,1,0,0,0
0307-BCOPK,1,0,0,0,16,1,No,No internet service,No internet service,No internet service,No internet service,No internet service,No internet service,0,19.05,326.65,0,20.415625,1,0,0,1,0,0,1,1,0,0,0,0
7629-WFGLW,1,1,1,0,56,1,Yes,Yes,Yes,Yes,Yes,No,No,0,95.65,5471.75,0,97.70982142857143,1,0,1,0,0,1,0,0,0,0,1,0
2542-HYGIQ,1,0,0,0,1,1,No,No internet service,No internet service,No internet service,No internet service,No internet service,No internet service,0,19.95,19.95,0,19.95,0,0,0,1,1,0,0,0,0,0,0,0
6715-OFDBP,0,0,0,0,5,1,No,No,No,Yes,No,Yes,Yes,1,70.05,346.4,1,69.28,0,0,0,0,0,1,0,0,0,0,0,0
5016-LIPDW,0,0,1,1,57,1,No,No internet service,No internet service,No internet service,No internet service,No internet service,No internet service,0,19.4,1061.6,0,18.62456140350877,1,0,0,1,0,0,1,0,0,0,1,0
6481-LXPWL,0,0,1,1,56,0,No phone service,No,Yes,Yes,No,No,No,1,36.1,1971.5,0,35.205357142857146,1,0,0,0,1,0,0,0,0,0,1,0
1567-DSCIC,0,0,0,0,8,1,Yes,No,Yes,Yes,No,Yes,No,1,94.0,773.65,1,96.70625,0,0,1,0,0,1,0,0,0,0,0,0
2150-UWTFY,1,0,1,1,22,1,No,Yes,Yes,Yes,No,No,No,0,61.15,1422.05,1,64.63863636363637,0,0,0,0,0,0,1,1,0,0,0,0
6124-ACRHJ,1,0,0,0,1,1,No,No internet service,No internet service,No internet service,No internet service,No internet service,No internet service,0,19.75,19.75,0,19.75,0,0,0,1,0,0,1,0,0,0,0,0
9362-MWODR,1,0,0,1,40,1,No,Yes,No,No,Yes,Yes,No,1,64.1,2460.35,0,61.50875,0,0,0,0,1,0,0,0,0,1,0,0
9975-GPKZU,0,0,1,1,46,1,No,No internet service,No internet service,No internet service,No internet service,No internet service,No internet service,0,19.75,856.5,0,18.619565217391305,0,1,0,1,1,0,0,0,0,1,0,0
9625-RZFUK,0,0,1,1,63,1,No,No internet service,No internet service,No internet service,No internet service,No internet service,No internet service,0,19.7,1275.85,0,20.2515873015873,0,1,0,1,0,0,1,0,0,0,0,1
5153-LXKDT,0,0,1,1,68,1,Yes,Yes,Yes,Yes,No,Yes,Yes,1,110.2,7467.5,0,109.81617647058823,0,1,1,0,0,1,0,0,0,0,0,1
5161-UBZXI,0,0,1,1,69,1,No,Yes,Yes,No,Yes,Yes,Yes,1,106.35,7261.75,0,105.2427536231884,0,1,1,0,1,0,0,0,0,0,0,1
1020-JPQOW,1,0,1,0,56,1,Yes,No,Yes,Yes,Yes,No,No,0,90.55,5116.6,0,91.36785714285715,0,0,1,0,0,1,0,0,0,0,1,0
7919-ZODZZ,1,0,1,1,10,1,No,No,Yes,Yes,No,No,Yes,1,65.9,660.05,0,66.005,1,0,0,0,0,0,1,0,0,0,0,0
0565-JUPYD,0,0,0,0,63,1,Yes,Yes,Yes,Yes,Yes,Yes,No,0,104.5,6590.8,0,104.61587301587302,1,0,1,0,1,0,0,0,0,0,0,1
6867-ACCZI,1,0,1,1,24,0,No phone service,Yes,Yes,Yes,Yes,No,Yes,1,52.5,1208.15,0,50.33958333333334,0,1,0,0,0,0,1,1,0,0,0,0
5939-XAIXZ,1,0,0,0,19,1,Yes,No,No,Yes,No,No,No,1,56.1,1033.9,0,54.415789473684214,0,0,0,0,0,0,1,1,0,0,0,0
9054-FOWNV,0,0,1,1,22,1,Yes,No,No,Yes,No,Yes,No,1,88.75,1885.15,0,85.68863636363636,0,0,1,0,0,1,0,1,0,0,0,0
2683-BPJSO,0,0,1,0,29,1,Yes,Yes,Yes,No,No,No,No,1,84.45,2467.1,1,85.07241379310345,0,0,1,0,0,1,0,0,1,0,0,0
2157-MXBJS,0,0,1,0,13,1,Yes,No,No,Yes,No,Yes,Yes,1,75.3,989.45,1,76.11153846153846,1,0,0,0,0,0,1,1,0,0,0,0
8207-VVMYB,1,0,1,0,70,1,Yes,No internet service,No internet service,No internet service,No internet service,No internet service,No internet service,1,26.0,2006.95,0,28.670714285714286,0,1,0,1,0,0,0,0,0,0,0,1
9732-EQMWY,1,0,1,0,49,1,No,No,Yes,Yes,No,Yes,Yes,0,99.4,5025.0,0,102.55102040816327,0,0,1,0,0,1,0,0,0,0,1,0
9360-AHGNL,1,1,1,0,43,1,Yes,Yes,No,Yes,Yes,Yes,Yes,1,109.55,4830.25,1,112.3313953488372,1,0,1,0,0,0,1,0,0,1,0,0
1087-UDSIH,1,0,0,0,3,1,No,No internet service,No internet service,No internet service,No internet service,No internet service,No internet service,1,19.6,59.75,1,19.916666666666668,0,0,0,1,0,0,1,0,0,0,0,0
5269-NRGDP,0,0,1,1,42,1,No,No,No,Yes,Yes,Yes,Yes,0,73.15,3088.25,0,73.5297619047619,1,0,0,0,0,1,0,0,0,1,0,0
6195-MELTI,0,0,0,0,57,1,No,No,Yes,No,Yes,No,No,1,54.65,3134.7,0,54.99473684210526,1,0,0,0,0,0,1,0,0,0,1,0
5485-WUYWF,0,1,0,0,2,1,No,Yes,No,Yes,No,Yes,No,0,66.4,94.55,1,47.275,0,0,0,0,0,0,0,0,0,0,0,0
2121-JAFOM,1,0,1,0,72,1,Yes,Yes,Yes,Yes,Yes,Yes,Yes,1,115.55,8312.4,0,115.44999999999999,0,1,1,0,1,0,0,0,0,0,0,1
8818-DOPVL,1,1,0,0,46,1,Yes,No,Yes,Yes,No,Yes,Yes,1,104.45,4863.85,0,105.7358695652174,0,0,1,0,0,1,0,0,0,1,0,0
2632-UCGVD,0,1,1,0,66,1,Yes,No,No,No,Yes,Yes,Yes,1,100.05,6871.9,1,104.11969696969696,0,0,1,0,1,0,0,0,0,0,0,1
5445-PZWGX,0,0,0,0,62,1,Yes,Yes,Yes,No,Yes,No,Yes,0,102.0,6529.25,1,105.31048387096774,1,0,1,0,0,1,0,0,0,0,0,1
1227-UDMZR,1,0,1,0,72,1,Yes,Yes,Yes,Yes,Yes,Yes,Yes,1,91.15,6637.9,0,92.19305555555555,0,1,0,0,0,0,0,0,0,0,0,1
5198-HQAEN,0,0,1,1,35,1,No,No,Yes,No,Yes,Yes,No,1,89.7,3165.6,0,90.44571428571429,1,0,1,0,0,1,0,0,1,0,0,0
9170-CCKOU,0,0,1,0,17,1,Yes,Yes,Yes,Yes,No,No,No,0,90.2,1454.15,1,85.53823529411765,0,0,1,0,1,0,0,1,0,0,0,0
2167-FQSTQ,1,0,1,0,72,1,Yes,Yes,Yes,Yes,Yes,Yes,Yes,1,92.4,6786.1,0,94.2513888888889,0,1,0,0,0,1,0,0,0,0,0,1
2819-GWENI,1,0,1,1,28,1,No,No internet service,No internet service,No internet service,No internet service,No internet service,No internet service,0,19.9,543.0,0,19.392857142857142,1,0,0,1,0,0,1,0,1,0,0,0
1043-YCUTE,0,0,1,0,56,1,Yes,No internet service,No internet service,No internet service,No internet service,No internet service,No internet service,1,25.15,1327.15,1,23.699107142857144,0,1,0,1,1,0,0,0,0,0,1,0
3814-MLAXC,1,0,0,0,31,1,Yes,No,No,No,Yes,No,No,1,79.85,2404.15,1,77.55322580645162,0,0,1,0,1,0,0,0,1,0,0,0
3572-UUHRS,0,0,0,0,45,1,No,No internet service,No internet service,No internet service,No internet service,No internet service,No internet service,0,18.85,867.3,0,19.273333333333333,1,0,0,1,0,0,0,0,0,1,0,0
2692-PFYTJ,1,0,0,0,1,1,Yes,No internet service,No internet service,No internet service,No internet service,No internet service,No internet service,1,25.75,25.75,0,25.75,0,0,0,1,0,0,1,0,0,0,0,0
1226-UDFZR,1,0,0,0,2,1,No,No,Yes,No,No,No,No,1,49.6,114.7,1,57.35,0,0,0,0,0,0,1,0,0,0,0,0
5955-EPOAZ,1,0,0,0,6,1,No,No internet service,No internet service,No internet service,No internet service,No internet service,No internet service,1,20.95,109.5,0,18.25,0,0,0,1,0,0,1,0,0,0,0,0
6821-JPCDC,1,0,1,0,48,1,No,No,Yes,Yes,No,Yes,Yes,1,97.05,4692.95,0,97.76979166666666,1,0,1,0,0,1,0,0,0,1,0,0
8815-LMFLX,0,0,1,1,25,1,Yes,No internet service,No internet service,No internet service,No internet service,No internet service,No internet service,1,25.4,546.85,0,21.874000000000002,0,0,0,1,0,0,0,0,1,0,0,0
9135-HSWOC,0,0,1,1,64,1,No,No internet service,No internet service,No internet service,No internet service,No internet service,No internet service,1,19.7,1274.05,0,19.90703125,0,1,0,1,0,0,0,0,0,0,0,1
8582-KRHPJ,0,0,0,0,50,0,No phone service,Yes,Yes,No,No,No,No,1,35.0,1782.4,0,35.648,0,0,0,0,0,0,1,0,0,0,1,0
5811-IWXYM,1,0,1,1,52,1,Yes,No,No,Yes,No,Yes,Yes,0,101.25,5301.1,0,101.94423076923077,1,0,1,0,0,0,0,0,0,0,1,0
7044-YAACC,0,1,1,0,4,1,No,No,No,No,No,No,No,1,70.2,280.35,0,70.0875,0,0,1,0,0,1,0,0,0,0,0,0
8189-XRIKE,1,1,0,0,32,1,No,No,No,No,No,Yes,Yes,0,90.95,2897.95,0,90.5609375,0,0,1,0,0,1,0,0,1,0,0,0
1506-YJTYT,0,0,1,1,45,1,Yes,Yes,Yes,No,Yes,Yes,No,0,73.85,3371.0,0,74.91111111111111,0,1,0,0,1,0,0,0,0,1,0,0
4123-DVHPH,0,0,1,0,9,1,Yes,Yes,No,No,No,No,Yes,1,88.05,801.3,0,89.03333333333333,0,0,1,0,0,1,0,0,0,0,0,0
6425-YQLLO,1,1,1,0,66,1,Yes,No,No,Yes,Yes,Yes,Yes,1,105.95,6975.25,1,105.68560606060606,1,0,1,0,1,0,0,0,0,0,0,1
5442-UTCVD,0,0,0,1,3,1,Yes,No,No,Yes,No,No,Yes,0,91.85,257.05,1,85.68333333333334,0,0,1,0,0,1,0,0,0,0,0,0
2228-BZDEE,1,0,0,0,54,1,No,No internet service,No internet service,No internet service,No internet service,No internet service,No internet service,0,20.1,1079.45,0,19.989814814814817,0,1,0,1,0,0,1,0,0,0,1,0
7734-DBOAI,1,0,1,1,1,0,No phone service,No,No,No,Yes,Yes,No,0,40.1,40.1,1,40.1,0,0,0,0,0,1,0,0,0,0,0,0
2789-CZANW,1,0,1,1,64,1,Yes,Yes,Yes,No,Yes,Yes,Yes,0,110.3,6997.3,0,109.3328125,0,1,1,0,0,0,0,0,0,0,0,1
2091-RFFBA,1,1,0,0,31,1,Yes,No,No,No,No,No,No,1,73.9,2217.15,1,71.5209677419355,0,0,1,0,0,1,0,0,1,0,0,0
2114-MGINA,1,0,0,0,14,1,No,No,No,No,No,Yes,Yes,1,89.8,1129.1,1,80.64999999999999,0,0,1,0,0,0,1,1,0,0,0,0
7596-LDUXP,1,0,0,0,12,1,No,Yes,No,No,No,Yes,No,1,85.15,979.05,0,81.58749999999999,1,0,1,0,1,0,0,0,0,0,0,0
3740-RLMVT,0,1,1,0,67,1,No,Yes,Yes,No,Yes,No,No,1,60.95,4119.4,0,61.483582089552236,1,0,0,0,0,0,0,0,0,0,0,1
4489-SNOJF,1,0,1,1,35,1,Yes,Yes,No,Yes,Yes,Yes,No,0,72.25,2568.55,1,73.38714285714286,0,0,0,0,0,1,0,0,1,0,0,0
2192-OZITF,1,0,0,0,45,1,Yes,Yes,No,No,Yes,No,Yes,0,73.55,3349.1,0,74.42444444444445,0,1,0,0,0,0,1,0,0,1,0,0
5651-CPDND,0,0,0,0,10,1,No,No,No,No,No,No,No,0,46.0,492.1,0,49.21,0,0,0,0,0,0,1,0,0,0,0,0
2186-QZEYA,1,1,0,0,29,1,Yes,Yes,Yes,No,No,No,No,1,58.55,1718.95,0,59.27413793103448,0,0,0,0,0,0,0,0,1,0,0,0
1131-ALZWV,1,0,0,0,24,1,Yes,No internet service,No internet service,No internet service,No internet service,No internet service,No internet service,0,24.6,605.25,0,25.21875,1,0,0,1,0,0,0,1,0,0,0,0
7729-XBTWX,0,0,1,1,66,1,No,No internet service,No internet service,No internet service,No internet service,No internet service,No internet service,1,19.75,1344.5,0,20.37121212121212,0,1,0,1,0,0,1,0,0,0,0,1
9134-WYRVP,0,0,0,0,51,1,No,Yes,No,No,No,Yes,No,0,86.35,4267.15,0,83.66960784313724,1,0,1,0,0,0,1,0,0,0,1,0
3284-SVCRO,1,0,1,0,45,1,Yes,No internet service,No internet service,No internet service,No internet service,No internet service,No internet service,0,25.5,1121.05,0,24.912222222222223,0,1,0,1,0,0,1,0,0,1,0,0
9732-OUYRN,1,0,1,0,49,1,No,No internet service,No internet service,No internet service,No internet service,No internet service,No internet service,0,19.0,918.7,0,18.748979591836736,1,0,0,1,1,0,0,0,0,0,1,0
0559-CKHUS,1,0,1,0,29,1,No,No internet service,No internet service,No internet service,No internet service,No internet service,No internet service,1,19.55,521.8,0,17.99310344827586,0,1,0,1,0,0,1,0,1,0,0,0
2931-SVLTV,0,0,1,1,40,1,Yes,Yes,Yes,No,Yes,Yes,Yes,1,110.1,4469.1,0,111.7275,0,0,1,0,1,0,0,0,0,1,0,0
6899-PPEEA,1,1,0,0,37,1,Yes,No,No,No,No,Yes,Yes,1,96.55,3580.3,1,96.76486486486488,0,0,1,0,0,1,0,0,0,1,0,0
7504-UWHNB,0,0,0,0,25,1,No,No,No,No,No,No,No,0,69.75,1729.35,0,69.17399999999999,0,0,1,0,0,1,0,0,1,0,0,0
2582-FFFZR,1,0,0,0,22,0,No phone service,No,No,Yes,No,Yes,Yes,1,50.6,1073.3,0,48.78636363636363,0,0,0,0,0,1,0,1,0,0,0,0
8908-NMQTX,0,0,0,0,72,0,No phone service,Yes,Yes,Yes,Yes,Yes,Yes,1,65.6,4566.5,0,63.423611111111114,0,1,0,0,0,0,0,0,0,0,0,1
2187-LZGPL,1,0,0,0,7,0,No phone service,No,Yes,No,No,No,Yes,1,40.1,293.3,1,41.9,0,0,0,0,1,0,0,0,0,0,0,0
1431-AIDJQ,0,0,1,1,33,1,No,No,Yes,Yes,Yes,Yes,Yes,0,82.1,2603.1,0,78.88181818181818,0,1,0,0,1,0,0,0,1,0,0,0
6288-LBEAR,1,0,0,0,23,1,No,No,Yes,No,Yes,No,No,1,79.1,1783.75,0,77.55434782608695,0,0,1,0,0,0,1,1,0,0,0,0
4597-NUCQV,0,1,0,0,24,1,Yes,No,Yes,No,No,Yes,Yes,1,101.25,2440.15,1,101.67291666666667,0,0,1,0,0,1,0,1,0,0,0,0
9019-QVLZD,1,0,0,0,1,1,No,No,No,No,No,Yes,No,0,79.55,79.55,1,79.55,0,0,1,0,0,1,0,0,0,0,0,0
8413-YNHNV,0,0,0,0,69,1,Yes,Yes,Yes,Yes,Yes,Yes,Yes,0,90.65,6322.1,0,91.62463768115943,0,1,0,0,0,0,1,0,0,0,0,1
5808-TOTXO,1,0,0,1,3,1,No,No internet service,No internet service,No internet service,No internet service,No internet service,No internet service,1,20.55,57.4,0,19.133333333333333,1,0,0,1,1,0,0,0,0,0,0,0
4369-NYSCF,0,0,0,0,56,1,No,No,Yes,No,Yes,Yes,Yes,1,75.75,4284.65,0,76.51160714285713,1,0,0,0,0,0,0,0,0,0,1,0
6333-YDVLT,0,0,0,0,65,1,Yes,Yes,No,Yes,Yes,Yes,Yes,1,110.0,7138.65,0,109.8253846153846,1,0,1,0,1,0,0,0,0,0,0,1
5324-KTGCG,0,0,1,0,71,1,No,No internet service,No internet service,No internet service,No internet service,No internet service,No internet service,0,20.85,1539.75,0,21.68661971830986,1,0,0,1,0,1,0,0,0,0,0,1
5599-HVLTW,1,1,0,0,14,1,Yes,No,No,Yes,No,No,No,1,80.35,1058.1,0,75.57857142857142,0,0,1,0,0,0,0,1,0,0,0,0
7394-LWLYN,1,0,0,0,2,1,No,No,No,No,No,No,No,1,70.15,123.8,0,61.9,0,0,1,0,0,1,0,0,0,0,0,0
3707-LRWZD,1,0,0,0,32,1,Yes,No,No,No,No,Yes,No,0,84.05,2781.85,1,86.9328125,1,0,1,0,0,1,0,0,1,0,0,0
6873-UDNLD,0,0,0,0,40,1,No,Yes,No,Yes,No,No,Yes,0,67.45,2731.0,0,68.275,0,0,0,0,0,1,0,0,0,1,0,0
2700-LUEVA,0,0,0,0,1,1,No,No internet service,No internet service,No internet service,No internet service,No internet service,No internet service,0,20.75,20.75,0,20.75,0,0,0,1,1,0,0,0,0,0,0,0
1455-ESIQH,0,0,0,0,1,1,No,No,No,No,No,Yes,Yes,1,89.1,89.1,1,89.1,0,0,1,0,0,1,0,0,0,0,0,0
0958-YHXGP,1,0,0,0,7,1,No,No,No,No,No,No,No,1,69.9,497.3,0,71.04285714285714,0,0,1,0,0,0,1,0,0,0,0,0
1101-SSWAG,1,0,1,0,15,1,Yes,No,No,No,No,No,No,1,51.1,711.15,0,47.41,0,0,0,0,0,1,0,1,0,0,0,0
2979-SXESE,1,0,1,1,17,1,Yes,Yes,No,Yes,No,Yes,No,0,94.4,1607.2,1,94.54117647058824,0,0,1,0,0,1,0,1,0,0,0,0
4013-TLDHQ,0,0,0,0,19,1,No,No,Yes,Yes,No,No,No,1,78.25,1490.95,1,78.47105263157896,0,0,1,0,0,1,0,1,0,0,0,0
5743-KHMNA,0,0,0,0,71,1,Yes,No internet service,No internet service,No internet service,No internet service,No internet service,No internet service,0,25.55,1898.1,0,26.733802816901406,0,1,0,1,0,0,0,0,0,0,0,1
4194-FJARJ,1,0,1,1,54,1,Yes,Yes,No,No,Yes,No,No,0,60.0,3273.95,0,60.6287037037037,0,1,0,0,0,0,0,0,0,0,1,0
5325-UWTWJ,0,0,1,0,31,1,Yes,Yes,Yes,No,Yes,No,No,1,90.55,2929.75,0,94.50806451612904,0,0,1,0,1,0,0,0,1,0,0,0
3969-GYXEL,1,0,0,0,11,1,No,Yes,No,No,No,No,No,0,76.4,838.7,0,76.24545454545455,0,0,1,0,0,1,0,0,0,0,0,0
9208-OLGAQ,1,1,0,0,18,1,No,No,No,Yes,No,No,Yes,1,84.95,1443.65,0,80.20277777777778,0,0,1,0,0,1,0,1,0,0,0,0
3244-CQPHU,1,1,0,0,72,1,Yes,Yes,Yes,No,Yes,Yes,Yes,1,110.1,7746.7,0,107.59305555555555,0,1,1,0,0,0,0,0,0,0,0,1
2674-MLXMN,1,1,0,0,71,1,Yes,No,Yes,No,No,Yes,Yes,1,99.65,6951.15,0,97.90352112676055,0,0,1,0,1,0,0,0,0,0,0,1
9708-HPXWZ,0,1,0,0,5,0,No phone service,No,No,Yes,Yes,Yes,No,0,45.4,214.75,0,42.95,0,0,0,0,1,0,0,0,0,0,0,0
6992-TKNYO,0,0,1,0,38,1,Yes,No,No,Yes,Yes,No,Yes,0,69.0,2669.45,0,70.2486842105263,1,0,0,0,1,0,0,0,0,1,0,0
4468-YDOVK,0,0,0,1,5,1,No,No,No,No,Yes,No,No,1,48.65,235.2,0,47.04,0,0,0,0,0,0,0,0,0,0,0,0
3754-DXMRT,0,1,0,0,2,1,No,No,No,No,No,No,No,1,44.15,92.65,1,46.325,0,0,0,0,0,1,0,0,0,0,0,0
5792-JALQC,1,1,0,0,52,1,Yes,Yes,No,Yes,No,No,No,0,59.85,3103.25,0,59.67788461538461,0,1,0,0,0,0,0,0,0,0,1,0
7130-VTEWQ,1,1,0,0,8,1,Yes,No,No,No,No,No,No,1,75.75,606.25,1,75.78125,0,0,1,0,0,1,0,0,0,0,0,0
2200-DSAAL,1,0,0,0,68,1,Yes,No,Yes,Yes,No,Yes,Yes,1,80.65,5330.2,0,78.38529411764705,0,1,0,0,0,1,0,0,0,0,0,1
4302-ZYFEL,0,0,1,1,69,1,No,No internet service,No internet service,No internet service,No internet service,No internet service,No internet service,1,20.55,1403.1,0,20.33478260869565,1,0,0,1,1,0,0,0,0,0,0,1
9351-LZYGF,1,0,1,0,42,1,Yes,Yes,Yes,No,Yes,No,No,1,66.4,2727.8,0,64.94761904761906,0,0,0,0,1,0,0,0,0,1,0,0
4366-CTOUZ,1,0,0,0,50,1,No,No,Yes,No,Yes,Yes,Yes,1,100.2,5038.45,0,100.76899999999999,0,1,1,0,0,0,1,0,0,0,1,0
6121-VZNQB,1,0,0,0,1,1,No,No internet service,No internet service,No internet service,No internet service,No internet service,No internet service,1,19.1,19.1,1,19.1,0,0,0,1,0,0,1,0,0,0,0,0
7903-CMPEY,0,1,1,0,1,1,Yes,Yes,No,No,No,No,No,1,80.3,80.3,1,80.3,0,0,1,0,0,1,0,0,0,0,0,0
1518-OMDIK,0,0,1,0,33,1,No,No,No,No,No,No,No,1,44.55,1462.6,0,44.32121212121212,0,0,0,0,1,0,0,0,1,0,0,0
6671-NGWON,1,0,0,0,7,1,No,No internet service,No internet service,No internet service,No internet service,No internet service,No internet service,0,20.35,150.6,0,21.514285714285712,0,0,0,1,0,0,1,0,0,0,0,0
0595-ITUDF,0,0,1,1,64,1,Yes,Yes,Yes,Yes,No,No,No,1,91.8,5960.5,0,93.1328125,0,0,1,0,0,1,0,0,0,0,0,1
6996-KNSML,1,0,0,0,1,1,No,No,No,Yes,No,No,No,1,74.9,74.9,1,74.9,0,0,1,0,0,1,0,0,0,0,0,0
1955-IBMMB,0,0,0,0,59,1,No,No internet service,No internet service,No internet service,No internet service,No internet service,No internet service,1,20.2,1192.3,0,20.208474576271186,0,1,0,1,0,0,0,0,0,0,1,0
0096-BXERS,1,0,1,0,6,1,Yes,No,No,No,No,No,No,0,50.35,314.55,0,52.425000000000004,0,0,0,0,0,1,0,0,0,0,0,0
3806-YAZOV,1,0,0,0,3,1,No,No internet service,No internet service,No internet service,No internet service,No internet service,No internet service,0,18.8,56.0,0,18.666666666666668,0,0,0,1,0,0,1,0,0,0,0,0
7998-ZLXWN,1,0,1,0,15,1,No,No internet service,No internet service,No internet service,No internet service,No internet service,No internet service,0,20.45,330.8,0,22.053333333333335,0,0,0,1,1,0,0,1,0,0,0,0
6253-WRFHY,0,0,1,1,13,1,No,No,No,No,No,Yes,Yes,1,64.75,877.35,0,67.48846153846154,1,0,0,0,0,1,0,1,0,0,0,0
9133-AYJZG,1,0,0,0,23,1,Yes,No,Yes,No,No,Yes,Yes,1,98.7,2249.1,0,97.78695652173913,0,0,1,0,1,0,0,1,0,0,0,0
2675-OTVVJ,0,1,1,0,31,1,Yes,Yes,No,No,No,Yes,No,0,89.45,2807.65,0,90.56935483870969,0,0,1,0,0,1,0,0,1,0,0,0
8680-CGLTP,0,0,0,0,29,1,No,Yes,Yes,No,Yes,No,No,1,58.75,1696.2,0,58.4896551724138,1,0,0,0,0,1,0,0,1,0,0,0
8430-TWCBX,1,0,1,0,49,1,No,No internet service,No internet service,No internet service,No internet service,No internet service,No internet service,0,20.7,1032.05,0,21.062244897959182,1,0,0,1,1,0,0,0,0,0,1,0
5018-GWURO,1,0,1,0,56,1,Yes,No,No,No,No,Yes,No,1,85.6,4902.8,0,87.55,0,0,1,0,0,0,0,0,0,0,1,0
6741-QRLUP,1,0,0,0,63,1,Yes,Yes,Yes,Yes,Yes,No,Yes,1,80.3,4995.35,0,79.29126984126985,0,1,0,0,1,0,0,0,0,0,0,1
4737-HOBAX,0,0,1,0,63,1,Yes,No,No,Yes,Yes,Yes,Yes,0,79.8,5034.05,0,79.90555555555555,0,1,0,0,1,0,0,0,0,0,0,1
0537-QYZZN,0,1,1,1,24,1,Yes,Yes,No,No,No,No,No,1,79.85,1857.75,0,77.40625,0,0,1,0,0,1,0,1,0,0,0,0
3340-QBBFM,0,1,1,0,36,1,No,No,No,Yes,Yes,No,No,0,54.1,1992.85,0,55.356944444444444,1,0,0,0,1,0,0,0,1,0,0,0
1704-NRWYE,1,1,0,0,9,1,No,No,No,No,No,Yes,No,1,80.85,751.65,1,83.51666666666667,0,0,1,0,0,1,0,0,0,0,0,0
2592-SEIFQ,0,0,0,0,3,0,No phone service,No,No,No,No,No,No,0,24.75,66.95,1,22.316666666666666,0,0,0,0,0,1,0,0,0,0,0,0
8200-KLNYW,1,0,1,0,21,1,No,Yes,No,Yes,Yes,Yes,Yes,0,80.9,1714.95,0,81.66428571428571,1,0,0,0,0,0,1,1,0,0,0,0
3372-CDXFJ,0,0,1,1,13,1,Yes,No internet service,No internet service,No internet service,No internet service,No internet service,No internet service,0,24.5,343.6,0,26.430769230769233,1,0,0,1,0,0,0,1,0,0,0,0
4781-ZXYGU,0,0,1,1,1,1,No,No internet service,No internet service,No internet service,No internet service,No internet service,No internet service,1,20.15,20.15,0,20.15,0,0,0,1,0,0,0,0,0,0,0,0
7632-YUTXB,1,0,1,1,25,1,No,No internet service,No internet service,No internet service,No internet service,No internet service,No internet service,0,20.05,520.1,0,20.804000000000002,1,0,0,1,0,0,1,0,1,0,0,0
2718-YSKCS,0,0,1,1,71,1,No,No internet service,No internet service,No internet service,No internet service,No internet service,No internet service,1,19.6,1387.45,0,19.541549295774647,0,1,0,1,0,0,0,0,0,0,0,1
9896-UYMIE,0,0,0,0,66,1,Yes,Yes,Yes,Yes,Yes,Yes,Yes,1,114.3,7383.7,0,111.87424242424242,1,0,1,0,0,0,0,0,0,0,0,1
0853-NWIFK,1,0,0,0,45,1,No,Yes,Yes,No,No,Yes,Yes,1,100.3,4483.95,0,99.64333333333333,1,0,1,0,0,1,0,0,0,1,0,0
8212-CRQXP,1,0,1,0,22,1,No,No,No,No,No,Yes,No,1,80.0,1706.45,0,77.56590909090909,0,0,1,0,1,0,0,1,0,0,0,0
6980-CDGFC,1,0,1,0,67,1,No,No internet service,No internet service,No internet service,No internet service,No internet service,No internet service,1,20.85,1327.4,0,19.811940298507466,1,0,0,1,0,0,0,0,0,0,0,1
7691-XVTZH,1,0,1,0,68,1,Yes,No,No,Yes,No,Yes,No,1,89.95,5974.3,0,87.85735294117647,0,1,1,0,0,0,0,0,0,0,0,1
7481-ATQQS,1,1,0,0,49,1,Yes,No,No,Yes,No,No,Yes,1,90.85,4515.85,1,92.16020408163266,0,0,1,0,1,0,0,0,0,0,1,0
2277-VWCNI,1,1,0,0,4,1,Yes,No,No,No,No,No,No,0,48.75,179.85,0,44.9625,0,0,0,0,0,0,1,0,0,0,0,0
1088-CNNKB,0,0,1,0,63,1,Yes,Yes,Yes,Yes,Yes,No,Yes,0,80.0,5040.2,0,80.0031746031746,1,0,0,0,1,0,0,0,0,0,0,1
8642-GVWRF,1,0,1,0,2,1,No,No,Yes,Yes,No,No,No,0,79.7,165.0,1,82.5,0,0,1,0,0,0,0,0,0,0,0,0
1930-BZLHI,0,0,0,0,21,1,No,No internet service,No internet service,No internet service,No internet service,No internet service,No internet service,1,20.35,422.7,0,20.128571428571426,1,0,0,1,0,0,1,1,0,0,0,0
3400-ESFUW,0,0,1,1,55,1,No,Yes,Yes,No,Yes,No,No,0,57.55,3046.4,1,55.38909090909091,0,1,0,0,0,0,0,0,0,0,1,0
5868-YTYKS,0,0,0,1,1,1,No,No internet service,No internet service,No internet service,No internet service,No internet service,No internet service,1,20.25,20.25,0,20.25,0,0,0,1,0,0,1,0,0,0,0,0
3525-DVKFN,1,0,0,0,17,1,No,No internet service,No internet service,No internet service,No internet service,No internet service,No internet service,0,19.4,358.05,0,21.061764705882354,0,1,0,1,0,0,1,1,0,0,0,0
1482-OXZSY,0,0,0,0,30,1,Yes,Yes,No,No,No,Yes,Yes,1,100.4,2936.25,0,97.875,0,0,1,0,0,0,0,0,1,0,0,0
0377-JBKKT,0,0,1,1,22,1,No,Yes,Yes,No,Yes,No,No,1,57.95,1271.8,0,57.809090909090905,0,0,0,0,0,0,1,1,0,0,0,0
5778-BVOFB,1,0,0,0,9,1,No,No,No,No,Yes,Yes,No,1,59.5,530.05,0,58.89444444444444,0,0,0,0,0,0,0,0,0,0,0,0
3373-YZZYM,0,0,1,1,1,1,No,No internet service,No internet service,No internet service,No internet service,No internet service,No internet service,0,19.2,19.2,0,19.2,0,0,0,1,0,0,1,0,0,0,0,0
2057-ZBLPD,1,0,1,0,21,1,Yes,No,No,No,No,No,Yes,1,86.5,1808.7,1,86.12857142857143,0,0,1,0,0,1,0,1,0,0,0,0
0228-MAUWC,0,0,0,0,19,1,Yes,No,No,Yes,Yes,No,No,0,59.55,1144.6,0,60.24210526315789,0,0,0,0,0,1,0,1,0,0,0,0
5502-RLUYV,1,0,1,1,69,1,Yes,No,Yes,Yes,No,Yes,Yes,1,103.95,7446.9,1,107.92608695652173,0,0,1,0,0,1,0,0,0,0,0,1
0023-HGHWL,0,1,0,0,1,0,No phone service,No,No,No,No,No,No,1,25.1,25.1,1,25.1,0,0,0,0,0,1,0,0,0,0,0,0
7663-YJHSN,1,0,1,0,72,1,Yes,Yes,Yes,Yes,Yes,Yes,No,1,103.95,7556.9,0,104.95694444444445,0,1,1,0,0,0,0,0,0,0,0,1
4915-BFSXL,0,0,1,1,70,1,Yes,Yes,No,Yes,No,Yes,No,0,68.95,4858.7,0,69.41,0,1,0,0,1,0,0,0,0,0,0,1
3086-RUCRN,1,0,0,0,66,1,Yes,Yes,Yes,Yes,Yes,No,Yes,1,103.1,6595.0,0,99.92424242424242,0,0,1,0,0,0,0,0,0,0,0,1
5215-LNLDJ,1,0,1,1,7,0,No phone service,No,No,No,No,No,No,1,24.7,149.05,0,21.292857142857144,0,0,0,0,0,1,0,0,0,0,0,0
7576-JMYWV,1,1,1,1,46,1,Yes,Yes,Yes,No,Yes,Yes,Yes,1,110.2,4972.1,0,108.08913043478262,0,0,1,0,0,1,0,0,0,1,0,0
9039-RBEEE,0,0,0,0,39,0,No phone service,Yes,Yes,No,Yes,Yes,No,1,48.95,1880.85,1,48.22692307692307,0,0,0,0,1,0,0,0,0,1,0,0
0257-KXZGU,1,0,1,1,32,1,Yes,No,Yes,Yes,No,No,No,0,62.45,2045.55,0,63.9234375,0,0,0,0,0,0,0,0,1,0,0,0
1307-ATKGB,0,0,0,0,24,1,No,No,Yes,Yes,No,No,Yes,1,89.55,2187.15,0,91.13125000000001,0,0,1,0,0,1,0,1,0,0,0,0
8417-FMLZI,0,0,1,1,6,1,No,No,Yes,No,No,No,Yes,1,83.55,477.55,1,79.59166666666667,0,0,1,0,1,0,0,0,0,0,0,0
3714-XPXBW,1,0,0,0,37,1,Yes,Yes,Yes,Yes,Yes,Yes,No,1,78.9,2976.95,0,80.4581081081081,0,0,0,0,1,0,0,0,0,1,0,0
1850-AKQEP,0,0,0,1,8,1,No,No internet service,No internet service,No internet service,No internet service,No internet service,No internet service,0,20.35,178.7,0,22.3375,0,0,0,1,0,0,1,0,0,0,0,0
2824-DXNKN,1,0,1,1,72,1,Yes,Yes,No,Yes,No,Yes,No,1,71.45,5025.85,0,69.80347222222223,0,1,0,0,0,0,0,0,0,0,0,1
5227-JSCFE,0,1,1,0,71,0,No phone service,Yes,Yes,Yes,Yes,No,No,0,46.35,3353.4,0,47.23098591549296,0,1,0,0,1,0,0,0,0,0,0,1
0848-ZGQIJ,1,0,1,0,16,1,No,No,Yes,No,No,Yes,Yes,1,94.65,1461.15,0,91.321875,0,0,1,0,0,0,0,1,0,0,0,0
3621-CHYVB,1,0,1,0,57,0,No phone service,Yes,No,Yes,Yes,No,Yes,1,49.9,2782.4,0,48.8140350877193,0,0,0,0,0,0,0,0,0,0,1,0
8042-RNLKO,0,0,0,0,66,1,Yes,No internet service,No internet service,No internet service,No internet service,No internet service,No internet service,0,25.45,1699.15,0,25.74469696969697,1,0,0,1,0,0,0,0,0,0,0,1
1792-UXAFY,1,1,0,0,17,1,No,No,Yes,Yes,No,Yes,No,1,89.15,1496.9,1,88.0529411764706,0,0,1,0,0,1,0,1,0,0,0,0
5372-FBKBN,1,0,0,1,21,1,No,No internet service,No internet service,No internet service,No internet service,No internet service,No internet service,0,20.75,452.2,0,21.53333333333333,0,0,0,1,0,0,1,1,0,0,0,0
0420-TXVSG,0,0,1,0,66,1,Yes,Yes,Yes,Yes,No,No,No,1,66.1,4428.45,0,67.09772727272727,0,1,0,0,1,0,0,0,0,0,0,1
6217-TOWGS,1,0,1,0,17,1,Yes,No,Yes,No,No,Yes,Yes,1,75.4,1322.55,0,77.79705882352941,0,0,0,0,0,0,0,1,0,0,0,0
0515-YPMCW,0,0,0,1,1,1,No,No,No,No,No,No,No,1,70.45,70.45,1,70.45,0,0,1,0,0,0,1,0,0,0,0,0
0378-XSZPU,0,0,1,0,58,1,No,Yes,Yes,Yes,No,No,No,0,60.3,3563.8,1,61.4448275862069,1,0,0,0,1,0,0,0,0,0,1,0
1045-LTCYT,1,0,1,1,8,1,No,No internet service,No internet service,No internet service,No internet service,No internet service,No internet service,0,21.05,139.75,0,17.46875,0,0,0,1,1,0,0,0,0,0,0,0
1544-JJMYL,0,0,0,0,27,1,No,Yes,No,Yes,Yes,Yes,No,0,69.35,1927.3,0,71.38148148148149,1,0,0,0,1,0,0,0,1,0,0,0
4636-JGAAI,0,0,1,0,34,1,Yes,No,Yes,No,No,No,Yes,0,88.85,3000.25,0,88.24264705882354,0,0,1,0,0,0,1,0,1,0,0,0
6874-SGLHU,0,0,0,0,30,1,No,No,Yes,No,No,Yes,Yes,1,97.0,3021.3,0,100.71000000000001,1,0,1,0,0,0,0,0,1,0,0,0
5951-AOFIH,0,0,0,0,33,1,No,No,Yes,Yes,No,Yes,No,1,66.4,2245.4,0,68.04242424242425,0,0,0,0,1,0,0,0,1,0,0,0
4729-XKASR,0,0,0,1,1,0,No phone service,No,No,No,No,No,No,0,24.75,24.75,1,24.75,0,0,0,0,0,1,0,0,0,0,0,0
3059-NGMXB,0,0,1,1,14,1,Yes,Yes,Yes,No,No,No,Yes,0,69.2,944.65,0,67.475,0,0,0,0,0,0,1,1,0,0,0,0
8652-YHIYU,1,0,0,1,16,1,Yes,No,No,No,Yes,No,No,1,79.5,1264.2,0,79.0125,1,0,1,0,1,0,0,1,0,0,0,0
5278-PNYOX,1,0,0,0,49,1,No,No,No,Yes,Yes,Yes,Yes,0,100.65,4917.75,0,100.36224489795919,0,1,1,0,1,0,0,0,0,0,1,0
5449-FIBXJ,0,0,1,1,19,1,Yes,No,No,Yes,Yes,Yes,Yes,0,103.3,2012.7,1,105.93157894736842,0,0,1,0,0,1,0,1,0,0,0,0
3486-HOOGQ,1,0,1,1,70,1,Yes,Yes,Yes,Yes,Yes,Yes,No,0,79.7,5743.3,0,82.04714285714286,0,1,0,0,0,0,0,0,0,0,0,1
5061-PBXFW,1,0,1,1,32,1,No,Yes,Yes,No,Yes,No,No,0,61.4,1864.65,0,58.2703125,0,0,0,0,0,0,0,0,1,0,0,0
8630-FJLIB,1,0,0,0,18,1,No,No,No,No,No,No,No,1,69.8,1221.65,0,67.86944444444445,0,0,1,0,0,1,0,1,0,0,0,0
3891-NLXJB,0,0,0,0,37,0,No phone service,Yes,Yes,No,Yes,No,No,1,40.55,1390.85,0,37.59054054054054,0,1,0,0,0,0,1,0,0,1,0,0
4749-OJKQU,1,0,0,0,4,1,Yes,No,No,No,No,No,No,1,75.65,302.35,0,75.5875,0,0,1,0,0,1,0,0,0,0,0,0
0577-WHMEV,1,0,1,0,16,1,Yes,Yes,Yes,Yes,No,No,No,0,90.7,1374.9,0,85.93125,0,0,1,0,0,1,0,1,0,0,0,0
5453-AXEPF,0,0,1,0,17,1,Yes,No,Yes,No,No,No,No,1,80.5,1336.9,0,78.64117647058823,0,0,1,0,0,0,0,1,0,0,0,0
3639-XJHKQ,1,0,0,1,19,1,No,Yes,Yes,Yes,No,No,No,1,60.6,1297.8,0,68.30526315789473,0,0,0,0,0,1,0,1,0,0,0,0
3716-LRGXK,0,0,1,0,60,1,Yes,No,No,Yes,No,Yes,Yes,0,101.15,6067.4,0,101.12333333333332,0,1,1,0,1,0,0,0,0,0,1,0
2263-SFSQZ,0,0,1,1,51,1,Yes,No internet service,No internet service,No internet service,No internet service,No internet service,No internet service,1,24.95,1222.25,0,23.965686274509803,0,1,0,1,0,0,1,0,0,0,1,0
9950-MTGYX,0,0,1,1,28,1,No,No internet service,No internet service,No internet service,No internet service,No internet service,No internet service,1,20.3,487.95,0,17.426785714285714,0,1,0,1,1,0,0,0,1,0,0,0
3397-AVTKU,0,0,0,0,43,1,No,No,Yes,No,No,No,Yes,1,60.0,2548.55,0,59.268604651162796,0,1,0,0,0,1,0,0,0,1,0,0
4825-FUREZ,0,0,1,0,42,1,No,No internet service,No internet service,No internet service,No internet service,No internet service,No internet service,0,20.25,835.5,0,19.892857142857142,0,1,0,1,0,1,0,0,0,1,0,0
9837-BMCLM,0,0,0,0,3,1,No,No,No,No,No,Yes,No,1,78.5,242.05,1,80.68333333333334,0,0,1,0,0,1,0,0,0,0,0,0
2672-OJQZP,1,0,0,0,1,1,No,No,No,No,No,No,No,0,44.75,44.75,0,44.75,0,0,0,0,0,0,1,0,0,0,0,0
0137-UDEUO,1,0,0,0,3,1,No,No internet service,No internet service,No internet service,No internet service,No internet service,No internet service,0,19.85,63.75,1,21.25,0,0,0,1,0,0,1,0,0,0,0,0
3134-DSHVC,1,0,0,0,63,1,Yes,Yes,Yes,Yes,No,Yes,No,0,98.0,6218.45,0,98.70555555555555,0,1,1,0,1,0,0,0,0,0,0,1
6161-UUUTA,0,1,0,0,3,1,No,No,No,No,No,Yes,No,1,79.9,260.9,1,86.96666666666665,0,0,1,0,0,1,0,0,0,0,0,0
7821-DPRQE,0,0,1,0,68,1,Yes,Yes,Yes,No,Yes,Yes,Yes,1,107.7,7320.9,0,107.66029411764706,0,0,1,0,0,1,0,0,0,0,0,1
6543-XRMYR,1,1,0,0,30,1,Yes,No,Yes,No,No,Yes,Yes,1,99.7,2967.35,1,98.91166666666666,0,0,1,0,0,1,0,0,1,0,0,0
2001-EWBQU,1,0,0,0,60,1,Yes,No,Yes,Yes,No,Yes,Yes,0,104.7,6333.8,0,105.56333333333333,0,1,1,0,0,1,0,0,0,0,1,0
4925-LMHOK,0,0,0,0,15,1,Yes,No,Yes,No,Yes,No,No,1,58.6,939.7,1,62.64666666666667,0,0,0,0,1,0,0,1,0,0,0,0
1608-GMEWB,0,1,0,0,45,1,Yes,No,No,No,No,Yes,Yes,1,93.9,4200.25,0,93.33888888888889,0,0,1,0,0,0,0,0,0,1,0,0
6695-AMZUF,1,0,1,0,70,1,No,Yes,Yes,Yes,Yes,Yes,Yes,0,86.45,5950.2,0,85.00285714285714,0,1,0,0,1,0,0,0,0,0,0,1
1455-UGQVH,0,0,1,0,10,1,Yes,No,No,Yes,No,Yes,Yes,1,98.5,1037.75,1,103.775,0,0,1,0,0,1,0,0,0,0,0,0
8410-BGQXN,0,0,0,0,4,1,No,No internet service,No internet service,No internet service,No internet service,No internet service,No internet service,0,19.4,93.4,0,23.35,0,0,0,1,0,0,1,0,0,0,0,0
8280-MQRQN,1,0,0,0,1,1,No,No,No,Yes,No,No,No,1,50.45,50.45,1,50.45,0,0,0,0,0,0,1,0,0,0,0,0
1619-YWUBB,1,0,1,0,68,1,Yes,No internet service,No internet service,No internet service,No internet service,No internet service,No internet service,1,24.95,1614.9,0,23.748529411764707,0,1,0,1,1,0,0,0,0,0,0,1
7611-YKYTC,0,0,1,1,22,1,No,Yes,No,No,No,No,No,0,75.0,1573.95,0,71.54318181818182,0,0,1,0,0,0,0,1,0,0,0,0
2037-SGXHH,0,0,1,1,38,1,Yes,No,Yes,Yes,No,Yes,No,1,94.65,3624.3,1,95.3763157894737,0,0,1,0,0,1,0,0,0,1,0,0
3178-FESZO,1,0,0,0,1,1,Yes,No,Yes,No,No,Yes,Yes,1,100.25,100.25,1,100.25,0,0,1,0,1,0,0,0,0,0,0,0
0365-GXEZS,0,0,1,0,18,1,No,No,No,Yes,Yes,No,No,0,78.2,1468.75,0,81.59722222222223,0,0,1,0,0,1,0,1,0,0,0,0
0082-OQIQY,0,0,0,0,29,1,No,No,No,No,Yes,Yes,Yes,1,94.2,2607.6,0,89.91724137931034,0,0,1,0,0,1,0,0,1,0,0,0
6087-MVHJH,1,0,0,0,16,1,Yes,No,No,Yes,No,No,Yes,1,88.45,1422.1,1,88.88125,0,0,1,0,0,1,0,1,0,0,0,0
4603-JANFB,0,0,0,0,1,1,No,No,No,No,No,No,No,1,69.85,69.85,1,69.85,0,0,1,0,0,1,0,0,0,0,0,0
3018-TFTSU,0,0,0,0,12,1,No,Yes,No,Yes,No,No,No,0,81.7,858.6,1,71.55,0,0,1,0,0,0,0,0,0,0,0,0
3606-SBKRY,0,0,0,0,31,0,No phone service,No,No,Yes,No,Yes,Yes,1,50.05,1523.4,0,49.141935483870974,1,0,0,0,0,1,0,0,1,0,0,0
4806-KEXQR,0,0,0,0,4,1,No,No,No,No,No,No,Yes,1,79.9,324.3,1,81.075,0,0,1,0,0,1,0,0,0,0,0,0
0667-NSRGI,1,0,1,0,48,1,Yes,No,No,Yes,Yes,No,Yes,1,69.55,3435.6,0,71.575,1,0,0,0,0,0,1,0,0,1,0,0
7083-YNSKY,1,0,0,0,15,1,Yes,No internet service,No internet service,No internet service,No internet service,No internet service,No internet service,1,25.4,399.6,1,26.64,0,0,0,1,1,0,0,1,0,0,0,0
6893-ODYYE,0,0,0,0,50,1,No,Yes,Yes,Yes,Yes,No,No,1,90.1,4549.45,0,90.98899999999999,1,0,1,0,1,0,0,0,0,0,1,0
8242-JSVBO,0,0,0,0,7,1,No,No,No,No,No,No,No,1,44.65,322.5,0,46.07142857142857,0,0,0,0,0,0,0,0,0,0,0,0
2479-BRAMR,0,1,1,0,41,1,Yes,Yes,No,Yes,No,No,No,1,83.75,3273.55,1,79.84268292682927,0,0,1,0,0,0,0,0,0,1,0,0
9541-ZPSEA,0,0,1,1,68,1,No,Yes,No,Yes,No,No,No,0,80.35,5375.15,0,79.04632352941177,0,1,1,0,1,0,0,0,0,0,0,1
2665-NPTGL,1,1,1,0,26,1,Yes,No,No,Yes,No,Yes,Yes,1,98.1,2510.7,0,96.5653846153846,0,0,1,0,0,0,0,0,1,0,0,0
1139-WUOAH,0,0,0,0,57,0,No phone service,No,No,Yes,Yes,Yes,Yes,0,53.35,3090.05,0,54.21140350877193,0,1,0,0,1,0,0,0,0,0,1,0
4693-VWVBO,1,0,0,0,3,1,No,No internet service,No internet service,No internet service,No internet service,No internet service,No internet service,0,19.55,61.05,0,20.349999999999998,0,0,0,1,0,1,0,0,0,0,0,0
7434-SHXLS,1,0,0,0,1,1,No,No internet service,No internet service,No internet service,No internet service,No internet service,No internet service,0,20.9,20.9,1,20.9,0,0,0,1,0,0,1,0,0,0,0,0
6937-GCDGQ,0,0,1,1,19,1,No,Yes,No,No,No,No,No,1,48.95,955.6,0,50.294736842105266,1,0,0,0,0,0,0,1,0,0,0,0
0988-JRWWP,1,0,0,0,3,1,No,No,No,No,No,Yes,No,1,54.2,140.4,0,46.800000000000004,0,0,0,0,0,1,0,0,0,0,0,0
5075-JSDKI,1,0,0,0,59,1,Yes,No internet service,No internet service,No internet service,No internet service,No internet service,No internet service,0,24.45,1493.1,0,25.306779661016947,0,1,0,1,0,1,0,0,0,0,1,0
7908-QCBCA,1,0,1,0,1,1,No,No,No,No,No,No,No,1,69.4,69.4,1,69.4,0,0,1,0,0,0,1,0,0,0,0,0
8644-XYTSV,0,0,1,0,42,0,No phone service,Yes,No,No,No,Yes,No,1,40.15,1626.05,0,38.71547619047619,0,0,0,0,0,0,0,0,0,1,0,0
6711-FLDFB,1,0,0,0,7,1,Yes,No,No,No,No,No,No,1,74.9,541.15,1,77.30714285714285,0,0,1,0,0,1,0,0,0,0,0,0
3873-WOSBC,0,0,1,0,67,1,Yes,No internet service,No internet service,No internet service,No internet service,No internet service,No internet service,0,25.6,1784.9,0,26.64029850746269,0,1,0,1,1,0,0,0,0,0,0,1
7465-ZZRVX,0,0,0,0,1,1,No,No,No,No,No,No,No,1,70.35,70.35,0,70.35,0,0,1,0,0,1,0,0,0,0,0,0
7975-JMZNT,0,0,1,0,66,1,Yes,Yes,Yes,Yes,Yes,Yes,Yes,0,91.7,6075.9,0,92.0590909090909,0,1,0,0,0,0,0,0,0,0,0,1
7251-XFOIL,1,0,0,0,61,1,Yes,No,No,Yes,No,No,Yes,0,89.2,5500.6,0,90.17377049180328,0,0,1,0,0,0,1,0,0,0,0,1
4116-IQRFR,0,0,1,1,4,1,Yes,No internet service,No internet service,No internet service,No internet service,No internet service,No internet service,0,24.1,73.1,0,18.275,1,0,0,1,1,0,0,0,0,0,0,0
3714-JTVOV,1,1,1,0,42,1,No,Yes,No,No,No,No,No,1,74.15,3229.4,1,76.89047619047619,0,0,1,0,1,0,0,0,0,1,0,0
8259-DZLIZ,1,0,1,1,64,1,Yes,No,Yes,No,No,No,No,1,53.85,3399.85,0,53.12265625,1,0,0,0,0,0,0,0,0,0,0,1
0442-ZXKVS,1,1,1,0,54,1,Yes,Yes,Yes,Yes,Yes,Yes,Yes,1,115.6,6431.05,0,119.09351851851852,1,0,1,0,0,0,0,0,0,0,1,0
7853-WNZSY,0,0,0,0,1,1,No,No internet service,No internet service,No internet service,No internet service,No internet service,No internet service,1,19.75,19.75,0,19.75,0,0,0,1,1,0,0,0,0,0,0,0
3120-FAZKD,0,0,1,1,54,1,Yes,No internet service,No internet service,No internet service,No internet service,No internet service,No internet service,1,24.05,1230.9,0,22.794444444444448,0,1,0,1,0,0,0,0,0,0,1,0
8606-OEGQZ,1,0,0,1,18,1,Yes,No internet service,No internet service,No internet service,No internet service,No internet service,No internet service,0,25.3,454.65,0,25.258333333333333,0,1,0,1,1,0,0,1,0,0,0,0
0225-ZORZP,0,0,0,0,3,1,No,No,Yes,No,No,No,Yes,0,84.3,235.05,0,78.35000000000001,0,0,1,0,0,1,0,0,0,0,0,0
4702-IOQDC,1,0,0,0,1,1,No,No,No,No,No,No,No,1,70.1,70.1,1,70.1,0,0,1,0,0,1,0,0,0,0,0,0
9489-JMTTN,1,0,1,1,72,1,Yes,Yes,Yes,Yes,Yes,Yes,Yes,0,89.75,6595.9,0,91.60972222222222,0,1,0,0,1,0,0,0,0,0,0,1
0575-CUQOV,0,1,1,0,60,1,No,No,Yes,Yes,No,Yes,Yes,1,97.95,5867.0,0,97.78333333333333,1,0,1,0,0,1,0,0,0,0,1,0
0967-BMLBD,1,0,1,1,11,1,No,No internet service,No internet service,No internet service,No internet service,No internet service,No internet service,1,20.0,196.35,0,17.849999999999998,1,0,0,1,0,0,1,0,0,0,0,0
6178-KFNHS,1,0,0,1,12,1,Yes,Yes,No,No,No,No,No,1,78.3,909.25,1,75.77083333333333,0,0,1,0,0,1,0,0,0,0,0,0
2830-LEWOA,0,0,1,1,61,1,No,No,Yes,Yes,Yes,Yes,Yes,0,103.9,6449.15,0,105.72377049180328,1,0,1,0,1,0,0,0,0,0,0,1
5006-MXVRN,1,0,0,0,39,1,No,No internet service,No internet service,No internet service,No internet service,No internet service,No internet service,0,20.7,762.45,0,19.55,0,1,0,1,1,0,0,0,0,1,0,0
1264-BYWMS,0,0,0,0,55,1,Yes,No,No,No,No,Yes,Yes,1,96.8,5283.95,1,96.07181818181817,0,0,1,0,0,1,0,0,0,0,1,0
9658-WYUFB,1,0,0,0,17,1,Yes,Yes,Yes,No,No,Yes,No,1,94.4,1617.5,1,95.1470588235294,0,0,1,0,0,1,0,1,0,0,0,0
8327-WKMIE,0,0,0,0,37,1,No,No internet service,No internet service,No internet service,No internet service,No internet service,No internet service,0,20.15,785.75,0,21.236486486486488,1,0,0,1,1,0,0,0,0,1,0,0
6917-FIJHC,1,0,1,0,72,1,Yes,No internet service,No internet service,No internet service,No internet service,No internet service,No internet service,1,26.0,1776.0,0,24.666666666666668,0,1,0,1,0,0,1,0,0,0,0,1
5329-KRDTM,0,1,1,0,72,1,Yes,No,Yes,Yes,Yes,Yes,No,0,77.35,5396.25,0,74.94791666666667,0,1,0,0,1,0,0,0,0,0,0,1
7797-EJMDP,1,0,0,0,8,1,No,Yes,No,No,Yes,No,Yes,0,66.05,574.5,0,71.8125,0,0,0,0,0,0,0,0,0,0,0,0
3530-VWVGU,1,0,1,1,22,1,No,No internet service,No internet service,No internet service,No internet service,No internet service,No internet service,0,19.9,400.3,0,18.195454545454545,0,0,0,1,0,0,1,1,0,0,0,0
2013-SGDXK,1,0,0,0,1,1,No,No,Yes,No,No,Yes,No,0,84.3,84.3,1,84.3,0,0,1,0,0,1,0,0,0,0,0,0
6368-NWMCE,1,0,0,0,38,1,Yes,No,Yes,No,Yes,No,Yes,0,68.15,2656.3,0,69.90263157894738,0,0,0,0,1,0,0,0,0,1,0,0
3633-CDBUW,0,0,0,1,17,1,No,No,Yes,Yes,Yes,Yes,Yes,0,80.85,1445.95,0,85.05588235294118,1,0,0,0,0,1,0,1,0,0,0,0
0707-HOVVN,1,1,0,0,70,1,Yes,No,Yes,Yes,Yes,Yes,No,1,75.5,5212.65,0,74.46642857142857,0,1,0,0,0,0,0,0,0,0,0,1
8580-QVLOC,1,1,1,1,72,1,Yes,Yes,Yes,Yes,Yes,Yes,Yes,0,92.45,6440.25,1,89.44791666666667,0,1,0,0,1,0,0,0,0,0,0,1
3956-MGXOG,1,0,0,0,28,1,No,No,No,No,No,No,Yes,1,80.6,2244.95,0,80.17678571428571,0,0,1,0,0,1,0,0,1,0,0,0
9274-UARKJ,1,0,0,0,15,1,No,No,Yes,No,No,Yes,No,1,83.2,1130.0,0,75.33333333333333,0,0,1,0,0,0,0,1,0,0,0,0
4077-HWUYD,0,0,1,1,72,1,Yes,Yes,Yes,Yes,Yes,Yes,Yes,1,87.55,6463.15,0,89.76597222222222,0,1,0,0,0,0,0,0,0,0,0,1
2012-NWRPA,1,1,1,0,11,1,Yes,No,No,Yes,No,Yes,Yes,1,99.55,1131.2,1,102.83636363636364,0,0,1,0,0,1,0,0,0,0,0,0
8808-ELEHO,0,1,0,0,8,1,Yes,No,No,Yes,No,No,No,1,81.25,585.95,1,73.24375,0,0,1,0,0,1,0,0,0,0,0,0
0103-CSITQ,1,0,1,0,57,1,Yes,No,Yes,Yes,Yes,Yes,Yes,1,109.4,6252.7,0,109.69649122807017,1,0,1,0,0,0,0,0,0,0,1,0
3506-LCJDC,0,0,1,1,1,1,No,No internet service,No internet service,No internet service,No internet service,No internet service,No internet service,0,19.95,19.95,1,19.95,0,0,0,1,0,0,0,0,0,0,0,0
8671-KKKOS,1,0,1,0,46,0,No phone service,Yes,Yes,No,No,Yes,No,0,45.55,2062.15,0,44.82934782608696,0,0,0,0,0,1,0,0,0,1,0,0
7305-ZWMAJ,0,0,1,0,30,1,No,No internet service,No internet service,No internet service,No internet service,No internet service,No internet service,0,20.7,587.1,0,19.57,1,0,0,1,1,0,0,0,1,0,0,0
9518-XXBXE,0,1,1,0,10,1,No,Yes,No,No,No,No,No,0,75.3,720.45,0,72.045,0,0,1,0,0,1,0,0,0,0,0,0
3934-HXCFZ,0,0,1,0,23,1,Yes,Yes,Yes,Yes,No,Yes,No,1,99.25,2186.4,1,95.0608695652174,0,0,1,0,0,1,0,1,0,0,0,0
6578-KRMAW,0,0,0,0,32,1,No,Yes,Yes,Yes,No,No,Yes,1,93.4,2979.3,0,93.103125,0,0,1,0,1,0,0,0,1,0,0,0
4860-IJUDE,0,0,0,0,13,1,No,Yes,No,No,No,No,No,1,73.75,956.65,0,73.58846153846153,0,0,1,0,1,0,0,1,0,0,0,0
7666-WKRON,1,0,0,0,39,1,No,No,No,Yes,Yes,No,No,1,80.45,3201.55,1,82.09102564102565,0,1,1,0,0,1,0,0,0,1,0,0
9688-YGXVR,1,0,0,0,44,1,No,No,Yes,Yes,No,Yes,No,1,88.15,3973.2,0,90.3,0,0,1,0,1,0,0,0,0,1,0,0
0423-UDIJQ,0,1,0,0,9,1,No,No,No,No,Yes,No,No,0,49.2,447.9,0,49.766666666666666,0,0,0,0,0,0,1,0,0,0,0,0
1945-XISKS,1,0,1,0,67,1,No,No internet service,No internet service,No internet service,No internet service,No internet service,No internet service,0,19.65,1335.2,0,19.928358208955224,0,1,0,1,0,0,1,0,0,0,0,1
4910-AQFFX,0,0,1,1,9,1,Yes,No,No,Yes,No,No,No,1,79.35,661.25,1,73.47222222222223,0,0,1,0,0,0,0,0,0,0,0,0
2154-KVJFF,1,0,0,0,15,1,Yes,No,Yes,No,No,No,No,1,79.75,1111.85,1,74.12333333333332,0,0,1,0,0,1,0,1,0,0,0,0
5360-LJCNJ,1,0,1,0,71,1,Yes,No,Yes,Yes,No,Yes,Yes,1,105.15,7555.0,0,106.40845070422536,0,1,1,0,0,0,0,0,0,0,0,1
2607-FBDFF,0,0,0,0,1,1,No,No,No,No,Yes,No,No,0,49.0,49.0,0,49.0,0,0,0,0,1,0,0,0,0,0,0,0
9647-ERGBE,1,0,1,1,30,1,Yes,No,No,Yes,No,Yes,Yes,1,100.05,3046.15,1,101.53833333333334,0,0,1,0,0,1,0,0,1,0,0,0
3428-XZMAZ,0,0,0,0,1,1,No,No,No,No,No,No,No,1,69.35,69.35,1,69.35,0,0,1,0,0,1,0,0,0,0,0,0
1100-DDVRV,0,0,1,0,17,0,No phone service,No,Yes,No,No,Yes,Yes,1,49.8,836.35,0,49.19705882352941,0,0,0,0,0,0,1,1,0,0,0,0
0378-TOVMS,1,0,0,0,3,1,No,No,No,No,Yes,No,Yes,0,85.8,272.2,1,90.73333333333333,0,0,1,0,0,1,0,0,0,0,0,0
4355-HBJHH,0,0,1,1,67,1,Yes,Yes,No,Yes,No,Yes,Yes,1,79.7,5293.4,1,79.00597014925373,0,1,0,0,0,1,0,0,0,0,0,1
6728-WYQBC,0,0,0,0,1,1,No,No internet service,No internet service,No internet service,No internet service,No internet service,No internet service,0,20.95,20.95,0,20.95,0,0,0,1,0,0,0,0,0,0,0,0
9058-CBREO,1,1,0,0,1,1,Yes,No,No,No,No,No,No,0,50.55,50.55,1,50.55,0,0,0,0,0,0,1,0,0,0,0,0
9029-FEGVJ,1,1,1,0,32,1,Yes,No,No,Yes,No,No,No,0,79.3,2570.0,0,80.3125,0,0,1,0,0,0,1,0,1,0,0,0
7216-KAOID,0,0,1,1,41,1,No,No internet service,No internet service,No internet service,No internet service,No internet service,No internet service,0,19.5,798.2,0,19.46829268292683,1,0,0,1,0,0,0,0,0,1,0,0
0318-QUUOB,0,0,1,0,1,1,No,No,No,No,No,Yes,No,1,80.55,80.55,1,80.55,0,0,1,0,0,1,0,0,0,0,0,0
6145-NNPNO,1,0,0,0,1,1,No,No,No,No,No,No,No,0,44.15,44.15,0,44.15,0,0,0,0,0,0,0,0,0,0,0,0
5520-FVEWJ,1,0,1,1,12,1,Yes,No,Yes,Yes,No,No,No,1,84.5,916.9,1,76.40833333333333,0,0,1,0,0,1,0,0,0,0,0,0
5339-TJFEK,0,0,1,1,62,1,Yes,Yes,Yes,No,No,Yes,Yes,1,105.5,6487.2,0,104.63225806451612,0,0,1,0,0,1,0,0,0,0,0,1
5572-ZDXHY,1,0,0,0,22,1,No,No,Yes,No,No,No,Yes,1,84.3,1855.65,1,84.34772727272728,0,0,1,0,0,0,1,1,0,0,0,0
2074-GUHPQ,1,0,0,1,17,1,Yes,No,Yes,Yes,Yes,No,No,1,92.7,1556.85,0,91.57941176470588,0,0,1,0,1,0,0,1,0,0,0,0
4625-XMOYM,1,0,1,1,72,1,Yes,No internet service,No internet service,No internet service,No internet service,No internet service,No internet service,1,26.25,1988.05,0,27.611805555555556,0,1,0,1,0,0,0,0,0,0,0,1
5827-MWCZK,0,0,1,1,56,1,Yes,No,Yes,No,Yes,Yes,No,1,96.95,5432.2,0,97.00357142857142,0,0,1,0,1,0,0,0,0,0,1,0
1385-TQOZW,1,0,0,0,9,1,No,No internet service,No internet service,No internet service,No internet service,No internet service,No internet service,1,20.45,147.55,0,16.394444444444446,0,0,0,1,1,0,0,0,0,0,0,0
5914-XRFQB,0,0,1,0,72,1,Yes,Yes,Yes,Yes,Yes,Yes,Yes,1,115.8,8424.9,0,117.01249999999999,0,1,1,0,0,0,0,0,0,0,0,1
4329-YPDDQ,0,0,0,0,20,1,No,Yes,Yes,Yes,Yes,Yes,Yes,1,108.2,2203.7,0,110.18499999999999,0,0,1,0,0,0,0,1,0,0,0,0
4804-NCPET,0,0,1,1,19,1,No,No internet service,No internet service,No internet service,No internet service,No internet service,No internet service,0,20.2,387.4,0,20.389473684210525,0,1,0,1,0,0,1,1,0,0,0,0
3750-CKVKH,0,0,0,0,2,1,No,No,No,No,No,No,No,1,67.75,116.65,1,58.325,0,0,1,0,0,1,0,0,0,0,0,0
5944-UGLLK,0,0,0,0,53,0,No phone service,No,No,Yes,Yes,Yes,Yes,0,54.9,3045.75,0,57.466981132075475,1,0,0,0,1,0,0,0,0,0,1,0
8063-GBATB,1,1,0,0,27,1,Yes,No,No,No,No,No,Yes,1,85.25,2287.25,1,84.71296296296296,0,0,1,0,0,1,0,0,1,0,0,0
7787-BNTZM,0,0,0,0,6,1,No,No internet service,No internet service,No internet service,No internet service,No internet service,No internet service,0,20.15,130.5,0,21.75,0,0,0,1,0,0,0,0,0,0,0,0
2252-ISRNH,0,0,1,1,9,1,Yes,No,No,Yes,No,Yes,No,1,90.35,767.9,0,85.32222222222222,1,0,1,0,0,1,0,0,0,0,0,0
9415-TPKRV,1,0,1,1,8,1,Yes,No,Yes,No,No,No,No,0,55.75,446.8,0,55.85,0,0,0,0,0,1,0,0,0,0,0,0
5322-TEUJK,1,0,1,1,71,1,Yes,Yes,Yes,Yes,Yes,Yes,Yes,0,114.6,8100.25,0,114.08802816901408,0,1,1,0,0,0,0,0,0,0,0,1
4547-KQRTM,1,0,0,0,10,1,Yes,No,Yes,No,No,No,No,1,80.05,830.7,1,83.07000000000001,0,0,1,0,0,0,0,0,0,0,0,0
4877-EVATK,0,0,0,0,1,1,No,No internet service,No internet service,No internet service,No internet service,No internet service,No internet service,0,20.0,20.0,1,20.0,0,0,0,1,0,0,1,0,0,0,0,0
1866-DIOQZ,1,0,1,0,71,0,No phone service,Yes,Yes,Yes,Yes,Yes,Yes,0,66.8,4689.15,0,66.0443661971831,1,0,0,0,0,0,0,0,0,0,0,1
8375-KVTHK,0,0,1,0,68,1,No,No,Yes,No,Yes,Yes,Yes,1,100.3,6754.35,0,99.32867647058823,1,0,1,0,0,1,0,0,0,0,0,1
2697-NQBPF,0,0,0,0,34,1,Yes,No,Yes,No,Yes,Yes,Yes,1,105.35,3540.65,0,104.13676470588236,0,0,1,0,0,1,0,0,1,0,0,0
3709-OIJEA,0,0,0,0,26,1,No,No,Yes,Yes,Yes,No,No,1,85.2,2184.6,0,84.02307692307691,1,0,1,0,0,1,0,0,1,0,0,0
7639-SUPCW,1,0,0,0,22,1,No,Yes,No,No,No,No,No,1,48.8,1054.6,1,47.93636363636363,0,0,0,0,1,0,0,1,0,0,0,0
1386-ZIKUV,0,0,0,0,7,1,No,No internet service,No internet service,No internet service,No internet service,No internet service,No internet service,1,18.95,130.55,0,18.650000000000002,0,0,0,1,0,0,1,0,0,0,0,0
0599-XNYDO,1,0,1,0,20,1,No,No,No,No,No,No,No,1,69.8,1540.35,0,77.0175,0,0,1,0,0,0,0,1,0,0,0,0
6377-WHAOX,1,0,1,0,60,1,Yes,No,Yes,Yes,No,Yes,Yes,1,106.15,6411.25,0,106.85416666666667,0,0,1,0,0,1,0,0,0,0,1,0
6855-VLGOS,0,0,1,1,72,1,No,No internet service,No internet service,No internet service,No internet service,No internet service,No internet service,0,20.55,1432.55,0,19.896527777777777,0,1,0,1,0,1,0,0,0,0,0,1
8999-XXGNS,1,1,1,0,72,1,Yes,No,Yes,Yes,No,Yes,Yes,1,105.75,7629.85,0,105.9701388888889,1,0,1,0,1,0,0,0,0,0,0,1
8746-OQQRW,0,0,0,0,4,1,Yes,No internet service,No internet service,No internet service,No internet service,No internet service,No internet service,0,25.25,101.9,0,25.475,0,0,0,1,0,0,1,0,0,0,0,0
3181-MIZBN,0,0,1,1,16,1,No,No internet service,No internet service,No internet service,No internet service,No internet service,No internet service,0,19.75,313.4,0,19.5875,0,0,0,1,0,1,0,1,0,0,0,0
0471-ARVMX,1,1,1,0,62,1,Yes,Yes,No,Yes,No,Yes,Yes,1,104.85,6312.9,0,101.82096774193548,1,0,1,0,0,1,0,0,0,0,0,1
7766-CLTIC,1,0,0,0,10,1,No,No,No,No,Yes,No,Yes,1,60.95,629.55,0,62.955,0,0,0,0,0,0,1,0,0,0,0,0
5650-YLIBA,0,0,0,0,31,1,Yes,No,Yes,No,No,No,No,1,81.15,2640.55,0,85.17903225806452,0,0,1,0,0,1,0,0,1,0,0,0
0825-CPPQH,1,0,1,0,71,1,No,No internet service,No internet service,No internet service,No internet service,No internet service,No internet service,0,19.1,1372.45,0,19.330281690140847,0,1,0,1,1,0,0,0,0,0,0,1
9084-OAYKL,0,0,0,0,58,1,No,No internet service,No internet service,No internet service,No internet service,No internet service,No internet service,0,20.8,1212.25,0,20.900862068965516,0,1,0,1,0,0,1,0,0,0,1,0
6122-LJADA,0,0,1,1,70,1,Yes,Yes,Yes,Yes,Yes,Yes,Yes,1,90.15,6237.05,0,89.10071428571429,0,1,0,0,1,0,0,0,0,0,0,1
2400-XIWIO,1,0,1,0,71,1,Yes,Yes,Yes,Yes,Yes,Yes,Yes,0,90.1,6310.9,0,88.88591549295774,0,1,0,0,0,1,0,0,0,0,0,1
7524-VRLPL,0,1,0,0,69,1,Yes,Yes,No,Yes,Yes,No,Yes,0,74.1,5031.0,0,72.91304347826087,0,1,0,0,1,0,0,0,0,0,0,1
1069-XAIEM,1,1,0,0,1,1,Yes,No,No,No,No,No,Yes,1,85.05,85.05,1,85.05,0,0,1,0,0,1,0,0,0,0,0,0
7569-NMZYQ,1,0,1,1,72,1,Yes,Yes,Yes,Yes,Yes,Yes,Yes,1,118.75,8672.45,0,120.45069444444445,0,1,1,0,0,0,0,0,0,0,0,1
5201-USSQZ,1,0,1,0,26,1,No,No,No,No,Yes,No,Yes,0,85.9,2196.45,0,84.47884615384615,0,0,1,0,1,0,0,0,1,0,0,0
2105-PHWON,1,0,1,0,33,1,Yes,No,No,Yes,Yes,No,Yes,1,95.0,3008.15,0,91.1560606060606,0,0,1,0,1,0,0,0,1,0,0,0
1494-EJZDW,1,0,1,1,10,1,No,No internet service,No internet service,No internet service,No internet service,No internet service,No internet service,0,20.15,220.8,0,22.080000000000002,0,1,0,1,0,0,1,0,0,0,0,0
4884-TVUQF,1,1,0,0,57,1,Yes,Yes,No,Yes,Yes,No,Yes,0,101.3,5779.6,0,101.39649122807018,0,1,1,0,1,0,0,0,0,0,1,0
8003-EWNDZ,1,0,0,0,10,1,No,No internet service,No internet service,No internet service,No internet service,No internet service,No internet service,1,21.2,222.65,0,22.265,0,0,0,1,0,1,0,0,0,0,0,0
1897-RCFUM,1,0,1,1,39,1,Yes,No internet service,No internet service,No internet service,No internet service,No internet service,No internet service,1,24.2,914.6,0,23.451282051282053,1,0,0,1,0,0,1,0,0,1,0,0
9256-JTBNZ,1,0,0,0,11,1,No,No internet service,No internet service,No internet service,No internet service,No internet service,No internet service,0,20.3,246.3,0,22.39090909090909,0,0,0,1,0,0,0,0,0,0,0,0
4658-HCOHW,1,0,1,1,21,1,No,No,Yes,Yes,Yes,Yes,Yes,1,102.8,2110.15,1,100.48333333333333,0,0,1,0,0,1,0,1,0,0,0,0
2211-RMNHO,1,0,1,1,68,1,Yes,No,Yes,Yes,Yes,Yes,Yes,0,85.3,5560.0,0,81.76470588235294,0,1,0,0,0,0,0,0,0,0,0,1
2432-TFSMK,0,0,0,0,18,1,Yes,No,No,Yes,No,Yes,No,1,89.6,1633.0,0,90.72222222222223,1,0,1,0,1,0,0,1,0,0,0,0
3440-JPSCL,1,0,0,0,6,1,No,No,No,Yes,Yes,Yes,Yes,1,99.95,547.65,1,91.27499999999999,0,0,1,0,0,0,1,0,0,0,0,0
4929-ROART,0,0,0,0,18,1,Yes,Yes,No,No,No,No,No,0,56.25,969.85,0,53.88055555555556,0,0,0,0,0,0,1,1,0,0,0,0
1834-ABKHQ,1,0,1,1,52,1,No,No,No,Yes,No,No,No,1,50.95,2610.65,0,50.204807692307696,1,0,0,0,0,0,0,0,0,0,1,0
1741-WTPON,0,0,1,1,56,1,Yes,Yes,Yes,Yes,Yes,Yes,Yes,0,115.85,6567.9,0,117.28392857142856,0,1,1,0,0,0,1,0,0,0,1,0
3932-IJWDZ,0,0,0,0,45,1,Yes,No,No,Yes,Yes,Yes,Yes,1,103.65,4747.85,0,105.50777777777779,0,0,1,0,0,0,0,0,0,1,0,0
1240-HCBOH,1,0,0,0,67,1,Yes,No internet service,No internet service,No internet service,No internet service,No internet service,No internet service,1,26.1,1759.55,0,26.26194029850746,0,1,0,1,0,0,1,0,0,0,0,1
3594-KADLU,0,0,1,0,3,0,No phone service,Yes,No,No,Yes,No,No,0,35.1,101.1,0,33.699999999999996,0,0,0,0,0,0,1,0,0,0,0,0
8065-BVEPF,0,1,0,0,65,1,No,No,Yes,Yes,No,Yes,Yes,1,99.1,6496.15,0,99.94076923076922,0,0,1,0,0,0,0,0,0,0,0,1
3796-ENZGF,0,0,1,0,63,1,Yes,No,Yes,No,Yes,No,Yes,0,67.25,4234.15,0,67.20873015873015,0,1,0,0,0,0,1,0,0,0,0,1
1734-ZMNTZ,1,0,1,1,11,1,Yes,No internet service,No internet service,No internet service,No internet service,No internet service,No internet service,0,25.0,300.7,0,27.336363636363636,0,1,0,1,0,0,1,0,0,0,0,0
2853-CWQFQ,0,0,0,1,1,1,No,No,No,No,Yes,No,Yes,1,59.55,59.55,0,59.55,0,0,0,0,0,0,1,0,0,0,0,0
0813-TAXXS,0,0,0,0,55,1,Yes,No,No,Yes,No,Yes,Yes,1,77.8,4323.35,0,78.60636363636364,0,1,0,0,0,0,0,0,0,0,1,0
2519-TWKFS,0,0,1,1,25,1,Yes,No,No,No,Yes,No,No,1,55.1,1466.1,0,58.644,1,0,0,0,0,0,1,0,1,0,0,0
2889-FPWRM,0,0,1,0,72,1,Yes,Yes,Yes,Yes,Yes,Yes,Yes,1,117.8,8684.8,1,120.6222222222222,1,0,1,0,0,0,0,0,0,0,0,1
0626-QXNGV,1,0,1,0,72,1,Yes,No internet service,No internet service,No internet service,No internet service,No internet service,No internet service,1,24.15,1776.45,0,24.672916666666666,0,1,0,1,1,0,0,0,0,0,0,1
6723-CEGQI,1,0,0,1,65,0,No phone service,No,Yes,No,Yes,Yes,No,0,45.25,2933.95,0,45.137692307692305,0,1,0,0,0,0,1,0,0,0,0,1
6987-XQSJT,1,1,0,0,54,1,Yes,No,Yes,No,No,No,No,1,79.5,4370.25,1,80.93055555555556,0,0,1,0,0,1,0,0,0,0,1,0
4732-RRJZC,0,0,1,1,7,1,No,No internet service,No internet service,No internet service,No internet service,No internet service,No internet service,0,20.25,144.35,0,20.62142857142857,0,0,0,1,0,0,1,0,0,0,0,0
9499-XPZXM,1,0,1,0,72,1,Yes,Yes,Yes,No,Yes,No,No,0,64.75,4804.75,0,66.73263888888889,0,1,0,0,0,0,0,0,0,0,0,1
4338-EYCER,0,0,1,0,21,1,No,No,No,No,No,Yes,No,0,54.6,1125.2,0,53.58095238095238,0,0,0,0,0,0,0,1,0,0,0,0
3007-FDPEA,1,0,0,0,2,1,No,No internet service,No internet service,No internet service,No internet service,No internet service,No internet service,1,20.7,39.85,0,19.925,0,0,0,1,0,0,0,0,0,0,0,0
6350-XFYGW,0,1,0,0,4,1,No,No,No,Yes,No,Yes,Yes,1,94.75,422.4,0,105.6,0,0,1,0,0,1,0,0,0,0,0,0
4290-BSXUX,0,0,1,0,3,1,Yes,No,No,No,Yes,No,No,1,79.65,251.75,1,83.91666666666667,0,0,1,0,0,0,0,0,0,0,0,0
8513-OLYGY,0,0,1,0,72,1,Yes,Yes,Yes,Yes,Yes,Yes,Yes,0,115.8,8332.15,0,115.72430555555555,0,1,1,0,1,0,0,0,0,0,0,1
0311-QYWSS,1,0,0,0,6,1,No,Yes,No,No,No,No,No,1,49.45,314.6,0,52.43333333333334,0,0,0,0,0,1,0,0,0,0,0,0
8705-DWKTI,0,0,0,0,52,1,No,No,No,Yes,No,No,Yes,1,83.8,4331.4,0,83.29615384615384,0,0,1,0,1,0,0,0,0,0,1,0
8755-IWJHN,0,1,1,0,69,1,Yes,No,Yes,Yes,No,No,Yes,1,95.35,6382.0,0,92.4927536231884,0,0,1,0,0,0,0,0,0,0,0,1
0325-XBFAC,0,0,0,0,8,1,No,No,No,Yes,No,Yes,Yes,1,94.7,740.3,1,92.5375,0,0,1,0,0,1,0,0,0,0,0,0
4480-QQRHC,1,1,0,0,8,1,No,No,No,Yes,No,No,No,1,74.05,600.15,0,75.01875,0,0,1,0,0,0,0,0,0,0,0,0
0929-PECLO,1,1,0,0,63,1,Yes,No,No,Yes,No,No,Yes,1,89.6,5538.8,0,87.91746031746032,0,0,1,0,0,0,0,0,0,0,0,1
3680-CTHUH,0,0,0,0,60,1,Yes,Yes,Yes,Yes,Yes,Yes,Yes,1,116.6,7049.5,0,117.49166666666666,1,0,1,0,1,0,0,0,0,0,1,0
1202-KKGFU,1,0,1,0,12,1,No,Yes,No,No,Yes,No,No,0,54.2,690.5,0,57.541666666666664,0,0,0,0,0,0,0,0,0,0,0,0
6112-KTHFQ,1,0,0,0,13,1,No,No internet service,No internet service,No internet service,No internet service,No internet service,No internet service,1,19.3,279.3,0,21.484615384615385,0,0,0,1,0,0,1,1,0,0,0,0
1852-XEMDW,0,0,0,0,22,1,Yes,Yes,Yes,Yes,No,No,No,0,65.05,1427.55,0,64.88863636363637,0,0,0,0,0,0,1,1,0,0,0,0
2462-XIIJB,0,0,0,0,5,1,Yes,No,No,Yes,No,Yes,No,1,92.5,452.7,1,90.53999999999999,0,0,1,0,0,1,0,0,0,0,0,0
4760-XOHVN,1,0,1,1,1,1,No,No internet service,No internet service,No internet service,No internet service,No internet service,No internet service,0,19.45,19.45,1,19.45,0,0,0,1,0,0,1,0,0,0,0,0
1820-DJFPH,1,0,1,1,72,1,Yes,No internet service,No internet service,No internet service,No internet service,No internet service,No internet service,1,24.05,1709.15,0,23.738194444444446,0,1,0,1,0,0,0,0,0,0,0,1
9426-SXNHE,1,0,0,0,2,1,No,No internet service,No internet service,No internet service,No internet service,No internet service,No internet service,0,18.75,53.15,0,26.575,0,0,0,1,0,0,0,0,0,0,0,0
9068-FHQHD,1,0,1,1,40,1,No,No internet service,No internet service,No internet service,No internet service,No internet service,No internet service,0,20.15,777.35,0,19.43375,0,1,0,1,0,0,0,0,0,1,0,0
1269-FOYWN,0,0,1,1,44,1,No,No internet service,No internet service,No internet service,No internet service,No internet service,No internet service,0,20.0,860.85,0,19.56477272727273,1,0,0,1,0,0,0,0,0,1,0,0
9470-YFUYI,0,1,1,0,71,1,No,Yes,Yes,No,Yes,Yes,No,1,71.0,5012.1,0,70.59295774647887,1,0,0,0,0,0,0,0,0,0,0,1
7817-BOQPW,1,0,0,0,2,1,Yes,No,No,No,No,No,No,1,75.55,166.3,1,83.15,0,0,1,0,0,1,0,0,0,0,0,0
7402-EYFXX,0,1,0,0,26,1,Yes,No,No,No,No,Yes,Yes,1,93.6,2404.1,0,92.46538461538461,0,0,1,0,0,1,0,0,1,0,0,0
1853-UDXBW,0,0,1,1,1,1,No,No,No,No,No,No,No,1,70.0,70.0,1,70.0,0,0,1,0,0,1,0,0,0,0,0,0
9895-VFOXH,1,0,0,0,1,0,No phone service,No,No,No,No,No,No,0,24.4,24.4,0,24.4,0,0,0,0,0,0,1,0,0,0,0,0
5458-CQJTA,0,0,1,1,65,1,No,Yes,No,No,Yes,Yes,Yes,1,74.8,4820.15,1,74.15615384615384,0,1,0,0,0,0,0,0,0,0,0,1
1230-QAJDW,0,0,0,0,3,1,Yes,No,No,No,Yes,Yes,No,1,65.25,209.9,0,69.96666666666667,0,0,0,0,0,0,1,0,0,0,0,0
5701-ZIKJE,0,0,0,0,13,1,No,No,No,No,Yes,No,No,1,50.55,610.75,0,46.98076923076923,0,0,0,0,0,0,1,1,0,0,0,0
5219-YIPTK,1,0,1,0,33,1,Yes,No,Yes,Yes,No,Yes,Yes,1,104.4,3409.6,1,103.32121212121211,0,0,1,0,0,1,0,0,1,0,0,0
5032-MIYKT,1,0,0,0,1,1,No,No,No,No,No,No,No,1,70.7,70.7,0,70.7,0,0,1,0,0,0,1,0,0,0,0,0
7396-VJUZB,0,0,1,1,4,1,No,No,No,No,No,No,No,0,45.25,155.35,0,38.8375,0,0,0,0,0,0,1,0,0,0,0,0
9717-QEBGU,0,0,0,0,2,1,No,No,No,No,No,No,No,1,70.3,144.0,0,72.0,0,0,1,0,0,1,0,0,0,0,0,0
5172-RKOCB,0,0,1,0,72,1,Yes,Yes,Yes,No,Yes,Yes,Yes,1,108.95,7875.0,0,109.375,0,1,1,0,1,0,0,0,0,0,0,1
6509-TSGWN,1,0,1,1,37,1,Yes,No internet service,No internet service,No internet service,No internet service,No internet service,No internet service,0,26.45,911.6,0,24.63783783783784,0,0,0,1,0,0,1,0,0,1,0,0
3540-RZJYU,1,0,0,0,15,1,No,Yes,No,No,No,Yes,No,0,86.2,1270.2,1,84.68,0,0,1,0,0,1,0,1,0,0,0,0
3178-CIFOT,1,0,0,0,23,1,No,No internet service,No internet service,No internet service,No internet service,No internet service,No internet service,1,19.65,478.1,0,20.786956521739132,1,0,0,1,1,0,0,1,0,0,0,0
2091-MJTFX,1,0,1,1,30,0,No phone service,No,No,No,Yes,Yes,Yes,0,51.2,1561.5,1,52.05,0,0,0,0,1,0,0,0,1,0,0,0
4530-NDRKU,1,0,1,1,42,1,No,No internet service,No internet service,No internet service,No internet service,No internet service,No internet service,1,19.05,761.85,0,18.139285714285716,1,0,0,1,0,1,0,0,0,1,0,0
5985-TBABQ,1,0,0,0,32,1,Yes,Yes,No,No,No,Yes,Yes,0,74.75,2282.95,0,71.3421875,1,0,0,0,0,0,1,0,1,0,0,0
9800-ONTFE,1,0,1,1,22,1,Yes,No,No,No,No,No,No,1,75.8,1615.1,0,73.41363636363636,0,0,1,0,0,0,0,1,0,0,0,0
6743-HHQPF,0,0,1,0,42,0,No phone service,No,No,No,No,No,No,1,25.1,1097.15,0,26.12261904761905,0,0,0,0,1,0,0,0,0,1,0,0
8455-HIRAQ,1,0,0,0,8,1,No,No,No,No,No,No,No,0,44.45,369.3,0,46.1625,0,0,0,0,0,0,1,0,0,0,0,0
6616-AALSR,1,0,1,1,65,1,Yes,Yes,No,Yes,No,Yes,Yes,1,104.3,6725.3,0,103.46615384615384,0,1,1,0,1,0,0,0,0,0,0,1
0883-EIBTI,1,0,0,0,2,1,No,No internet service,No internet service,No internet service,No internet service,No internet service,No internet service,0,19.5,31.55,1,15.775,0,0,0,1,0,0,1,0,0,0,0,0
9415-ZNBSX,1,0,1,1,70,1,Yes,Yes,Yes,Yes,Yes,Yes,Yes,1,89.0,6293.2,0,89.90285714285714,0,1,0,0,0,0,0,0,0,0,0,1
4018-KJYUY,0,0,0,1,22,1,No,No internet service,No internet service,No internet service,No internet service,No internet service,No internet service,0,20.15,432.5,0,19.65909090909091,0,0,0,1,1,0,0,1,0,0,0,0
0722-TROQR,1,1,0,0,4,1,Yes,No,No,No,No,No,No,1,74.9,321.75,1,80.4375,0,0,1,0,0,1,0,0,0,0,0,0
7571-YXDAD,1,0,0,0,2,1,Yes,No,No,No,No,No,No,0,74.9,147.15,1,73.575,0,0,1,0,1,0,0,0,0,0,0,0
3884-UEBXB,1,0,1,1,67,0,No phone service,Yes,Yes,No,No,No,No,0,36.15,2434.45,0,36.33507462686567,0,1,0,0,0,0,0,0,0,0,0,1
8780-RSYYU,1,0,0,0,25,1,No,No internet service,No internet service,No internet service,No internet service,No internet service,No internet service,1,19.2,532.1,0,21.284000000000002,0,0,0,1,1,0,0,0,1,0,0,0
5537-UXXVS,1,0,1,0,20,1,No,No internet service,No internet service,No internet service,No internet service,No internet service,No internet service,0,19.25,375.25,0,18.7625,0,0,0,1,0,0,0,1,0,0,0,0
1791-PQHBB,1,0,0,1,2,1,No,Yes,No,No,No,No,Yes,1,61.2,125.95,0,62.975,0,0,0,0,1,0,0,0,0,0,0,0
8701-DGLVH,0,0,0,0,51,1,No,No internet service,No internet service,No internet service,No internet service,No internet service,No internet service,0,20.45,1042.65,0,20.444117647058825,0,1,0,1,0,0,1,0,0,0,1,0
8741-LQOBK,1,0,1,1,46,0,No phone service,Yes,Yes,No,No,No,No,0,35.05,1620.25,0,35.22282608695652,0,0,0,0,0,0,0,0,0,1,0,0
3393-FMZPV,1,0,0,0,25,1,Yes,No,Yes,No,No,Yes,Yes,1,100.25,2387.75,1,95.51,0,0,1,0,0,1,0,0,1,0,0,0
8082-GHXOP,0,0,0,1,13,1,No,No,No,No,No,No,No,0,44.0,659.35,0,50.71923076923077,0,0,0,0,0,0,1,1,0,0,0,0
6402-ZFPPI,1,1,0,0,25,1,Yes,Yes,Yes,No,No,Yes,Yes,1,102.8,2660.2,1,106.40799999999999,0,0,1,0,0,0,1,0,1,0,0,0
0980-FEXWF,0,0,1,1,26,1,No,No,No,Yes,No,No,No,0,50.35,1285.8,0,49.45384615384615,1,0,0,0,0,0,1,0,1,0,0,0
7486-KSRVI,0,0,0,0,43,1,Yes,No,No,No,Yes,Yes,Yes,1,100.0,4211.55,1,97.94302325581396,1,0,1,0,0,1,0,0,0,1,0,0
3011-WQKSZ,0,0,0,1,19,1,No,No internet service,No internet service,No internet service,No internet service,No internet service,No internet service,1,20.0,377.55,0,19.871052631578948,0,0,0,1,0,1,0,1,0,0,0,0
8443-WVPSS,0,0,1,0,10,1,No,No,Yes,No,Yes,Yes,Yes,1,99.85,990.9,1,99.09,0,0,1,0,0,1,0,0,0,0,0,0
3006-XIMLN,1,0,0,1,2,1,Yes,No,No,No,No,Yes,Yes,1,94.2,193.8,1,96.9,0,0,1,0,0,0,0,0,0,0,0,0
8218-FFJDS,1,0,1,0,72,1,Yes,Yes,Yes,No,Yes,Yes,Yes,1,86.4,6058.95,0,84.15208333333334,0,1,0,0,0,0,0,0,0,0,0,1
1986-PHGZF,0,1,0,0,18,1,Yes,Yes,Yes,No,No,No,No,1,58.4,964.9,0,53.605555555555554,0,0,0,0,1,0,0,1,0,0,0,0
9965-YOKZB,0,1,0,0,9,1,Yes,No,No,No,No,No,Yes,1,83.85,790.15,1,87.79444444444444,0,0,1,0,0,1,0,0,0,0,0,0
0504-HHAPI,1,1,0,0,27,1,Yes,No,No,Yes,No,No,Yes,0,88.3,2467.75,1,91.39814814814815,0,0,1,0,1,0,0,0,1,0,0,0
9360-OMDZZ,0,0,0,0,24,1,Yes,No,No,No,No,Yes,Yes,1,94.1,2322.85,0,96.78541666666666,0,0,1,0,0,1,0,1,0,0,0,0
6305-YLBMM,0,0,0,0,69,1,No,No,Yes,Yes,Yes,Yes,Yes,1,104.05,7262.0,1,105.2463768115942,1,0,1,0,0,0,0,0,0,0,0,1
0345-XMMUG,1,0,1,0,46,1,Yes,No,Yes,Yes,Yes,Yes,Yes,1,108.9,4854.3,0,105.52826086956522,0,1,1,0,1,0,0,0,0,1,0,0
8024-XNAFQ,1,1,0,0,72,1,Yes,Yes,Yes,Yes,Yes,No,Yes,1,107.4,7748.75,0,107.62152777777777,0,1,1,0,0,0,0,0,0,0,0,1
3647-GMGDH,0,0,1,0,22,1,No,No,No,Yes,No,Yes,Yes,1,94.7,1914.9,1,87.0409090909091,0,0,1,0,1,0,0,1,0,0,0,0
2988-GBIVW,1,1,1,0,70,1,Yes,Yes,No,No,No,No,Yes,1,90.85,6470.1,0,92.43,0,0,1,0,0,1,0,0,0,0,0,1
2832-SCUCO,1,0,0,0,2,1,No,No internet service,No internet service,No internet service,No internet service,No internet service,No internet service,0,19.9,57.4,0,28.7,0,0,0,1,0,1,0,0,0,0,0,0
7036-ZZKBD,0,0,1,0,31,1,No,No,No,Yes,Yes,No,Yes,1,66.4,2019.8,0,65.15483870967742,0,0,0,0,1,0,0,0,1,0,0,0
3791-LGQCY,1,1,1,0,56,1,Yes,No,No,Yes,No,Yes,Yes,1,100.65,5688.05,1,101.57232142857143,0,0,1,0,0,0,0,0,0,0,1,0
0265-PSUAE,1,0,1,1,16,1,No,Yes,No,Yes,No,Yes,Yes,0,100.7,1522.7,0,95.16875,0,0,1,0,0,0,0,1,0,0,0,0
0463-TXOAK,0,0,0,1,52,1,Yes,No internet service,No internet service,No internet service,No internet service,No internet service,No internet service,0,25.6,1334.5,0,25.66346153846154,0,1,0,1,1,0,0,0,0,0,1,0
0594-UFTUL,0,0,1,1,13,1,No,No internet service,No internet service,No internet service,No internet service,No internet service,No internet service,1,19.85,252.0,0,19.384615384615383,0,0,0,1,0,0,1,1,0,0,0,0
9509-MPYOD,1,0,0,0,35,1,No,No internet service,No internet service,No internet service,No internet service,No internet service,No internet service,0,20.75,700.45,0,20.012857142857143,1,0,0,1,0,0,1,0,1,0,0,0
9128-CPXKI,1,0,0,0,59,1,No,No,No,Yes,No,Yes,Yes,0,95.8,5655.45,0,95.85508474576271,0,1,1,0,0,1,0,0,0,0,1,0
0129-KPTWJ,0,0,1,0,72,1,No,No,No,Yes,No,Yes,Yes,1,94.65,6747.35,0,93.71319444444445,0,0,1,0,0,1,0,0,0,0,0,1
8166-ZZTFS,1,1,1,0,66,1,Yes,No,Yes,Yes,No,Yes,Yes,1,80.55,5265.1,1,79.77424242424243,0,1,0,0,0,0,0,0,0,0,0,1
5855-EIBDE,1,0,1,0,49,1,Yes,Yes,Yes,Yes,Yes,No,Yes,0,106.65,5174.35,0,105.59897959183674,0,1,1,0,1,0,0,0,0,0,1,0
5365-LLFYV,1,0,0,0,2,1,No,No,No,No,No,No,No,1,45.85,105.6,0,52.8,0,0,0,0,0,0,1,0,0,0,0,0
5956-YHHRX,0,1,0,0,21,1,Yes,No,Yes,Yes,No,Yes,Yes,1,104.35,2271.85,0,108.18333333333332,0,0,1,0,0,1,0,1,0,0,0,0
6008-NAIXK,0,1,0,0,54,0,No phone service,No,Yes,Yes,No,Yes,Yes,1,55.45,2966.95,0,54.943518518518516,1,0,0,0,0,1,0,0,0,0,1,0
2956-GGUCQ,0,1,1,0,24,1,Yes,Yes,No,No,No,No,No,1,78.85,1772.25,1,73.84375,0,0,1,0,0,1,0,1,0,0,0,0
1928-BXYIV,0,0,0,0,1,1,Yes,Yes,Yes,No,No,No,No,0,61.15,61.15,0,61.15,0,0,0,0,0,1,0,0,0,0,0,0
5760-FXFVO,0,0,0,0,6,1,No,Yes,Yes,No,No,No,No,1,78.95,494.95,0,82.49166666666666,0,0,1,0,0,1,0,0,0,0,0,0
6595-COKXZ,1,0,0,0,1,1,No,No,No,No,No,No,No,1,44.45,44.45,1,44.45,0,0,0,0,0,0,1,0,0,0,0,0
0961-ZWLVI,0,0,0,1,49,1,Yes,Yes,Yes,Yes,No,Yes,Yes,1,109.2,5290.45,0,107.96836734693878,1,0,1,0,1,0,0,0,0,0,1,0
5181-OABFK,1,0,1,1,56,1,No,Yes,Yes,Yes,No,No,No,1,61.3,3346.8,0,59.76428571428572,0,1,0,0,1,0,0,0,0,0,1,0
4007-NHVHI,1,1,0,0,56,1,Yes,Yes,Yes,No,No,No,Yes,1,96.85,5219.65,0,93.20803571428571,0,0,1,0,0,1,0,0,0,0,1,0
7816-VGHTO,1,0,1,1,6,0,No phone service,No,Yes,Yes,Yes,No,No,0,40.55,217.5,0,36.25,0,1,0,0,0,0,1,0,0,0,0,0
5871-DGTXZ,0,0,0,0,32,1,No,No internet service,No internet service,No internet service,No internet service,No internet service,No internet service,0,19.8,607.7,0,18.990625,1,0,0,1,0,0,1,0,1,0,0,0
7550-WIQVA,0,0,1,1,50,1,Yes,Yes,Yes,Yes,No,Yes,Yes,1,108.25,5431.4,0,108.62799999999999,1,0,1,0,0,1,0,0,0,0,1,0
7544-ZVIKX,0,0,1,1,58,1,Yes,No,No,Yes,Yes,Yes,Yes,1,105.05,6004.85,0,103.53189655172415,1,0,1,0,0,0,0,0,0,0,1,0
0016-QLJIS,1,0,1,1,65,1,Yes,Yes,Yes,Yes,Yes,Yes,Yes,1,90.45,5957.9,0,91.66,0,1,0,0,0,0,1,0,0,0,0,1
7508-DQAKK,1,0,0,0,64,1,Yes,Yes,Yes,Yes,Yes,Yes,Yes,1,86.4,5442.05,0,85.03203125,0,1,0,0,1,0,0,0,0,0,0,1
5176-OLSKT,1,0,1,0,66,1,Yes,Yes,Yes,Yes,No,No,No,0,66.9,4370.25,0,66.2159090909091,0,1,0,0,0,0,0,0,0,0,0,1
9356-AXGMP,0,0,1,0,38,1,Yes,Yes,No,Yes,Yes,Yes,Yes,1,110.7,4428.6,0,116.54210526315791,1,0,1,0,0,1,0,0,0,1,0,0
3556-BVQGL,1,0,1,0,20,1,No,No internet service,No internet service,No internet service,No internet service,No internet service,No internet service,1,20.0,416.45,0,20.822499999999998,1,0,0,1,0,0,1,1,0,0,0,0
0362-ZBZWJ,0,0,0,0,36,1,Yes,No,No,No,No,No,Yes,1,84.9,3067.2,1,85.19999999999999,0,0,1,0,0,1,0,0,1,0,0,0
8979-CAMGB,0,1,0,0,64,1,Yes,No,No,Yes,Yes,Yes,Yes,0,102.1,6688.1,0,104.5015625,1,0,1,0,0,1,0,0,0,0,0,1
4211-MMAZN,0,0,0,0,1,1,No,No internet service,No internet service,No internet service,No internet service,No internet service,No internet service,0,20.25,20.25,1,20.25,0,0,0,1,0,0,1,0,0,0,0,0
7581-EBBOU,1,0,0,0,60,1,No,No,Yes,Yes,Yes,Yes,No,1,70.15,4224.7,0,70.41166666666666,1,0,0,0,1,0,0,0,0,0,1,0
4274-OWWYO,0,0,0,0,1,1,No,No,Yes,No,No,No,No,1,74.35,74.35,1,74.35,0,0,1,0,0,1,0,0,0,0,0,0
5073-RZGBK,1,0,1,1,50,1,Yes,Yes,Yes,Yes,Yes,No,Yes,1,80.05,4042.2,0,80.844,1,0,0,0,0,0,0,0,0,0,1,0
1541-ETJZO,0,0,0,0,1,1,Yes,No,No,Yes,Yes,No,No,0,62.05,62.05,1,62.05,0,0,0,0,0,0,1,0,0,0,0,0
2192-CKRLV,1,0,1,0,72,0,No phone service,Yes,Yes,Yes,No,No,Yes,1,49.2,3580.95,0,49.735416666666666,0,1,0,0,0,1,0,0,0,0,0,1
3154-HMWUU,0,0,1,0,60,1,No,No internet service,No internet service,No internet service,No internet service,No internet service,No internet service,1,20.5,1198.8,0,19.98,0,1,0,1,0,0,0,0,0,0,1,0
6119-SPUDB,0,0,0,0,46,0,No phone service,Yes,No,Yes,Yes,No,No,0,38.25,1755.35,0,38.15978260869565,0,1,0,0,0,0,1,0,0,1,0,0
6522-OIQSX,1,0,1,1,69,0,No phone service,No,Yes,Yes,No,Yes,Yes,1,54.95,3772.5,0,54.67391304347826,0,1,0,0,1,0,0,0,0,0,0,1
7813-ZGGAW,0,1,0,0,31,1,Yes,No,No,Yes,Yes,Yes,No,1,96.6,2877.95,0,92.83709677419354,0,0,1,0,0,0,0,0,1,0,0,0
8748-HFWBO,0,0,1,1,19,1,No,No internet service,No internet service,No internet service,No internet service,No internet service,No internet service,0,19.9,357.7,0,18.826315789473682,1,0,0,1,0,0,1,1,0,0,0,0
1052-QJIBV,1,0,1,1,71,1,No,No internet service,No internet service,No internet service,No internet service,No internet service,No internet service,0,19.9,1397.3,0,19.680281690140845,0,1,0,1,1,0,0,0,0,0,0,1
1319-YLZJG,0,0,1,0,12,1,No,Yes,Yes,Yes,No,No,No,1,84.6,959.9,0,79.99166666666666,0,0,1,0,0,1,0,0,0,0,0,0
4106-HADHQ,0,0,1,1,39,1,No,Yes,No,Yes,Yes,Yes,Yes,0,80.0,3182.95,1,81.61410256410257,1,0,0,0,1,0,0,0,0,1,0,0
0723-FDLAY,0,0,0,0,44,1,Yes,No,Yes,Yes,Yes,Yes,Yes,1,85.25,3704.15,0,84.18522727272727,1,0,0,0,0,0,0,0,0,1,0,0
3050-RLLXC,1,0,1,1,56,1,Yes,Yes,Yes,Yes,Yes,Yes,No,0,81.25,4620.4,0,82.50714285714285,0,1,0,0,1,0,0,0,0,0,1,0
9298-WGMRW,1,0,1,0,72,1,Yes,Yes,Yes,Yes,Yes,Yes,Yes,1,115.5,8312.75,0,115.45486111111111,0,1,1,0,0,0,0,0,0,0,0,1
2369-UAPKZ,0,0,0,0,5,1,Yes,No,Yes,Yes,No,Yes,Yes,0,104.1,541.9,1,108.38,0,0,1,0,0,0,1,0,0,0,0,0
3088-LHEFH,1,0,0,0,11,1,Yes,Yes,No,No,No,No,No,1,79.0,929.3,0,84.48181818181818,0,0,1,0,0,0,0,0,0,0,0,0
2778-OCLGR,0,1,1,0,24,0,No phone service,Yes,No,No,No,No,Yes,0,39.1,971.3,1,40.47083333333333,0,0,0,0,0,0,0,1,0,0,0,0
6583-KQJLK,1,1,1,0,15,1,No,No,Yes,No,No,Yes,Yes,1,94.65,1285.05,0,85.67,0,0,1,0,0,1,0,1,0,0,0,0
8544-JNBOX,0,0,0,0,72,1,No,No internet service,No internet service,No internet service,No internet service,No internet service,No internet service,1,20.8,1521.2,0,21.12777777777778,0,1,0,1,0,0,1,0,0,0,0,1
6681-ZSEXG,0,0,1,0,56,1,Yes,No,Yes,Yes,No,No,No,0,59.5,3389.25,0,60.52232142857143,0,1,0,0,1,0,0,0,0,0,1,0
6139-ZZRBQ,0,1,0,0,64,1,No,No internet service,No internet service,No internet service,No internet service,No internet service,No internet service,1,20.05,1198.05,0,18.71953125,0,1,0,1,0,0,0,0,0,0,0,1
6116-RFVHN,1,0,1,0,34,1,Yes,No,No,Yes,No,Yes,Yes,1,100.45,3414.65,0,100.43088235294118,0,0,1,0,0,1,0,0,1,0,0,0
0637-KVDLV,0,0,0,0,2,1,Yes,No,No,No,No,No,No,1,76.5,162.45,1,81.225,0,0,1,0,0,1,0,0,0,0,0,0
8884-FEEWR,0,0,0,0,35,1,No,No internet service,No internet service,No internet service,No internet service,No internet service,No internet service,0,20.6,754.0,0,21.542857142857144,1,0,0,1,0,0,0,0,1,0,0,0
3125-RAHBV,0,0,0,0,22,1,No,No internet service,No internet service,No internet service,No internet service,No internet service,No internet service,0,20.3,467.15,0,21.23409090909091,1,0,0,1,1,0,0,1,0,0,0,0
6633-MPWBS,0,0,0,0,5,1,No,No,No,No,Yes,No,No,1,49.2,216.9,1,43.38,0,0,0,0,0,1,0,0,0,0,0,0
0373-AIVNJ,0,0,0,0,9,0,No phone service,Yes,Yes,Yes,No,No,No,0,39.55,373.0,0,41.44444444444444,1,0,0,0,0,0,1,0,0,0,0,0
8785-EPNCG,0,0,0,0,11,1,Yes,No internet service,No internet service,No internet service,No internet service,No internet service,No internet service,0,23.15,245.2,1,22.29090909090909,0,0,0,1,1,0,0,0,0,0,0,0
1682-VCOIO,0,0,0,0,23,1,No,No internet service,No internet service,No internet service,No internet service,No internet service,No internet service,0,20.45,481.1,0,20.917391304347827,1,0,0,1,0,0,1,1,0,0,0,0
5729-KLZAR,1,0,1,1,4,1,No,No,No,No,No,No,Yes,0,80.85,302.75,1,75.6875,0,0,1,0,0,1,0,0,0,0,0,0
2072-ZVJJX,0,0,1,0,68,1,Yes,No internet service,No internet service,No internet service,No internet service,No internet service,No internet service,0,25.25,1728.2,0,25.41470588235294,0,1,0,1,0,0,0,0,0,0,0,1
8849-AYPTR,0,0,1,0,33,1,No,No,No,No,No,Yes,Yes,0,91.25,2964.05,0,89.81969696969698,0,0,1,0,0,1,0,0,1,0,0,0
9518-IMLHK,0,0,0,0,31,1,No,Yes,Yes,Yes,Yes,Yes,No,1,72.45,2156.25,0,69.55645161290323,0,0,0,0,0,0,0,0,1,0,0,0
1582-RAFML,0,0,0,0,1,1,Yes,No,Yes,No,Yes,No,No,0,60.1,60.1,1,60.1,0,0,0,0,0,0,1,0,0,0,0,0
3646-ITDGM,1,0,0,0,56,1,No,No internet service,No internet service,No internet service,No internet service,No internet service,No internet service,0,19.7,1051.9,0,18.78392857142857,0,1,0,1,0,0,0,0,0,0,1,0
8740-CRYFY,0,0,0,0,1,1,No,No,No,No,No,Yes,No,1,78.95,78.95,1,78.95,0,0,1,0,0,1,0,0,0,0,0,0
3569-VLDHH,0,0,1,1,66,1,No,Yes,Yes,Yes,Yes,Yes,No,1,75.1,5013.0,0,75.95454545454545,1,0,0,0,0,1,0,0,0,0,0,1
8224-KDLKN,0,0,1,1,72,1,Yes,No internet service,No internet service,No internet service,No internet service,No internet service,No internet service,0,25.0,1738.9,0,24.15138888888889,0,1,0,1,0,0,0,0,0,0,0,1
7594-LZNWR,0,1,0,0,34,1,No,No,No,No,No,No,No,0,69.15,2275.1,0,66.91470588235293,0,0,1,0,1,0,0,0,1,0,0,0
4001-TSBTV,1,0,1,1,58,1,No,No,Yes,Yes,No,Yes,No,1,91.55,5511.65,0,95.02844827586206,0,0,1,0,0,1,0,0,0,0,1,0
2962-XPMCQ,0,0,0,0,2,1,No,No,No,No,No,No,No,1,45.15,98.5,1,49.25,0,0,0,0,0,1,0,0,0,0,0,0
8727-XDPUD,0,0,0,0,37,0,No phone service,No,No,No,No,Yes,No,0,35.8,1316.9,0,35.5918918918919,0,1,0,0,1,0,0,0,0,1,0,0
1043-UXOVO,1,0,0,0,71,1,Yes,Yes,Yes,Yes,Yes,Yes,Yes,1,113.15,7993.3,0,112.58169014084507,0,1,1,0,1,0,0,0,0,0,0,1
1064-FBXNK,0,0,1,1,1,1,No,No internet service,No internet service,No internet service,No internet service,No internet service,No internet service,0,19.85,19.85,0,19.85,1,0,0,1,1,0,0,0,0,0,0,0
3996-ZNWYK,0,1,1,1,71,1,No,No internet service,No internet service,No internet service,No internet service,No internet service,No internet service,0,19.8,1388.45,0,19.555633802816903,0,1,0,1,1,0,0,0,0,0,0,1
2878-DHMIN,0,0,1,1,35,1,No,No internet service,No internet service,No internet service,No internet service,No internet service,No internet service,0,19.9,666.0,0,19.02857142857143,1,0,0,1,0,1,0,0,1,0,0,0
7762-ONLJY,1,0,1,1,6,1,No,No internet service,No internet service,No internet service,No internet service,No internet service,No internet service,0,19.7,94.45,0,15.741666666666667,1,0,0,1,0,0,1,0,0,0,0,0
1678-FYZOW,1,0,0,0,3,1,No,No,No,No,No,Yes,No,1,79.4,244.65,1,81.55,0,0,1,0,0,1,0,0,0,0,0,0
5795-BKOYE,1,0,1,1,69,1,No,No,Yes,Yes,Yes,No,No,0,59.1,4134.7,0,59.9231884057971,1,0,0,0,0,0,0,0,0,0,0,1
8627-EHGIP,0,0,0,0,44,0,No phone service,No,Yes,Yes,No,Yes,Yes,1,53.95,2375.4,1,53.98636363636364,1,0,0,0,0,0,1,0,0,1,0,0
7402-PWYJJ,1,0,1,0,53,1,Yes,No,No,No,Yes,No,Yes,1,91.15,4862.5,0,91.74528301886792,1,0,1,0,0,1,0,0,0,0,1,0
5480-TBGPH,1,0,1,0,24,1,No,No,Yes,Yes,No,Yes,Yes,1,99.3,2431.35,1,101.30624999999999,0,0,1,0,1,0,0,1,0,0,0,0
0018-NYROU,1,0,1,0,5,1,No,No,No,No,No,No,No,1,68.95,351.5,0,70.3,0,0,1,0,0,1,0,0,0,0,0,0
7501-VTYLJ,1,0,0,1,2,1,No,No,Yes,No,No,No,No,0,51.55,106.2,0,53.1,0,0,0,0,0,0,1,0,0,0,0,0
7608-RGIRO,0,0,0,1,62,1,Yes,No internet service,No internet service,No internet service,No internet service,No internet service,No internet service,1,24.4,1413.0,0,22.79032258064516,0,1,0,1,0,0,1,0,0,0,0,1
0480-BIXDE,1,0,1,0,19,1,No,No,No,Yes,No,Yes,Yes,1,96.8,1743.05,0,91.73947368421052,0,0,1,0,0,1,0,1,0,0,0,0
5895-QSXOD,0,0,0,0,9,1,No,No,No,No,No,No,No,0,70.05,657.5,0,73.05555555555556,0,0,1,0,0,0,1,0,0,0,0,0
9814-AOUDH,0,0,0,0,53,1,No,No internet service,No internet service,No internet service,No internet service,No internet service,No internet service,0,19.5,1050.5,0,19.82075471698113,0,1,0,1,1,0,0,0,0,0,1,0
6175-IRFIT,0,0,0,0,5,1,No,No,No,No,No,No,Yes,0,78.75,426.35,0,85.27000000000001,0,0,1,0,0,0,1,0,0,0,0,0
8760-ZRHKE,1,1,1,1,71,1,Yes,Yes,Yes,No,No,Yes,No,0,69.2,4982.5,0,70.17605633802818,1,0,0,0,0,1,0,0,0,0,0,1
1622-HSHSF,1,0,0,0,1,1,No,No internet service,No internet service,No internet service,No internet service,No internet service,No internet service,1,19.55,19.55,0,19.55,0,0,0,1,0,0,1,0,0,0,0,0
8854-CCVSQ,0,0,0,0,18,1,Yes,No,Yes,No,No,No,No,1,80.65,1451.9,1,80.66111111111111,0,0,1,0,0,1,0,1,0,0,0,0
6749-UTDVX,0,0,0,0,72,1,Yes,No,Yes,Yes,No,Yes,Yes,1,103.65,7634.8,0,106.03888888888889,0,1,1,0,0,1,0,0,0,0,0,1
5542-DHSXL,1,0,1,0,4,1,No,Yes,Yes,No,No,No,No,0,54.7,235.05,0,58.7625,0,0,0,0,0,0,1,0,0,0,0,0
9102-OXKFY,0,0,0,0,59,1,Yes,No,No,Yes,No,No,No,0,54.15,3116.15,0,52.816101694915254,0,1,0,0,1,0,0,0,0,0,1,0
0511-JTEOY,1,0,0,0,1,1,No,No,No,No,No,No,No,0,71.1,71.1,1,71.1,0,0,1,0,0,0,1,0,0,0,0,0
5216-WASFJ,1,1,1,0,31,1,Yes,No,No,No,No,No,Yes,1,84.85,2633.4,0,84.9483870967742,0,0,1,0,0,1,0,0,1,0,0,0
7808-DVWEP,0,0,1,0,3,1,No,No internet service,No internet service,No internet service,No internet service,No internet service,No internet service,0,20.0,49.65,0,16.55,0,0,0,1,0,0,0,0,0,0,0,0
7067-KSAZT,1,1,1,0,65,1,Yes,No,Yes,Yes,No,Yes,Yes,1,106.25,6979.8,1,107.38153846153847,1,0,1,0,0,1,0,0,0,0,0,1
2284-VFLKH,0,0,1,0,49,1,No,No,No,Yes,Yes,Yes,Yes,1,99.25,4920.8,0,100.42448979591838,1,0,1,0,1,0,0,0,0,0,1,0
0366-NQSHS,0,0,0,0,2,1,No,No internet service,No internet service,No internet service,No internet service,No internet service,No internet service,0,19.35,46.35,0,23.175,0,0,0,1,0,0,1,0,0,0,0,0
6532-YLWSI,1,0,1,0,53,1,No,No internet service,No internet service,No internet service,No internet service,No internet service,No internet service,0,20.8,1021.8,1,19.279245283018867,1,0,0,1,0,0,0,0,0,0,1,0
3807-BPOMJ,1,0,1,0,55,1,No,Yes,No,No,No,Yes,Yes,1,94.75,5276.1,0,95.92909090909092,1,0,1,0,0,1,0,0,0,0,1,0
3892-NXAZG,0,0,1,1,72,1,Yes,Yes,Yes,Yes,Yes,Yes,Yes,1,114.05,8289.2,0,115.1277777777778,0,1,1,0,1,0,0,0,0,0,0,1
4948-WBBKL,1,1,0,0,36,1,Yes,No,No,No,No,No,No,1,74.9,2659.45,0,73.8736111111111,0,0,1,0,0,0,0,0,1,0,0,0
4182-BGSIQ,1,0,1,1,10,1,No,No internet service,No internet service,No internet service,No internet service,No internet service,No internet service,1,19.8,196.75,0,19.675,0,0,0,1,0,0,0,0,0,0,0,0
9300-AGZNL,0,1,0,0,1,1,Yes,No,No,No,No,Yes,Yes,1,94.0,94.0,1,94.0,0,0,1,0,0,1,0,0,0,0,0,0
0988-AADSA,1,0,1,1,72,1,Yes,Yes,Yes,Yes,Yes,No,Yes,0,80.85,5824.75,0,80.89930555555556,0,1,0,0,0,0,0,0,0,0,0,1
9972-NKTFD,1,0,0,0,28,1,No,No,Yes,No,Yes,No,No,0,54.65,1517.5,0,54.19642857142857,0,0,0,0,0,0,0,0,1,0,0,0
3717-LNXKW,0,0,1,0,38,1,Yes,Yes,No,No,No,Yes,No,0,91.7,3479.05,0,91.55394736842106,0,0,1,0,0,0,0,0,0,1,0,0
5734-EJKXG,1,0,0,0,61,1,Yes,Yes,Yes,Yes,Yes,Yes,Yes,1,118.6,7365.7,0,120.74918032786886,1,0,1,0,0,1,0,0,0,0,0,1
2207-RYYRL,0,0,1,1,52,1,Yes,No internet service,No internet service,No internet service,No internet service,No internet service,No internet service,0,24.55,1331.05,0,25.597115384615385,0,1,0,1,0,0,1,0,0,0,1,0
6729-FZWSY,0,0,0,0,67,1,No,No internet service,No internet service,No internet service,No internet service,No internet service,No internet service,1,19.45,1195.95,0,17.85,1,0,0,1,0,0,1,0,0,0,0,1
9695-IDRZR,1,0,0,1,34,1,Yes,Yes,Yes,Yes,Yes,Yes,Yes,1,116.15,3946.9,0,116.08529411764707,0,1,1,0,1,0,0,0,1,0,0,0
8144-DGHXP,1,0,0,0,54,1,No,Yes,No,Yes,Yes,Yes,Yes,0,80.6,4299.95,0,79.6287037037037,0,1,0,0,0,1,0,0,0,0,1,0
7814-LEEVE,1,0,1,0,1,1,No,No internet service,No internet service,No internet service,No internet service,No internet service,No internet service,1,20.3,20.3,0,20.3,0,0,0,1,0,0,0,0,0,0,0,0
1112-CUNAO,1,1,0,0,15,1,Yes,No,Yes,No,No,No,Yes,0,89.85,1424.95,1,94.99666666666667,0,0,1,0,0,1,0,1,0,0,0,0
5175-AOBHI,1,0,0,0,4,1,No,No,No,No,No,No,No,1,46.0,193.6,1,48.4,0,0,0,0,0,0,1,0,0,0,0,0
5174-RNGBH,1,0,0,0,9,1,No,No,Yes,No,Yes,Yes,No,0,66.25,620.55,1,68.94999999999999,0,0,0,0,0,0,1,0,0,0,0,0
8631-WUXGY,1,0,0,1,46,1,No,No,Yes,Yes,No,Yes,Yes,1,99.8,4391.25,0,95.46195652173913,0,0,1,0,0,1,0,0,0,1,0,0
7270-BDIOA,1,0,0,0,22,1,Yes,No,No,No,Yes,Yes,No,1,90.0,1993.8,1,90.62727272727273,0,0,1,0,0,1,0,1,0,0,0,0
9565-JSNFM,0,0,0,0,38,1,No,No,No,No,No,No,No,1,70.45,2597.6,1,68.3578947368421,1,0,1,0,0,0,0,0,0,1,0,0
5906-DVAPM,1,0,1,1,55,1,Yes,Yes,Yes,No,Yes,Yes,No,1,75.0,4213.9,0,76.61636363636363,1,0,0,0,1,0,0,0,0,0,1,0
6654-QGBZZ,1,0,0,0,1,1,No,No internet service,No internet service,No internet service,No internet service,No internet service,No internet service,0,19.9,19.9,0,19.9,0,0,0,1,0,0,1,0,0,0,0,0
8348-JLBUG,0,1,1,0,64,1,No,Yes,No,Yes,No,No,No,0,80.3,5017.7,0,78.4015625,1,0,1,0,1,0,0,0,0,0,0,1
0607-DAAHE,0,0,0,1,53,1,No,No internet service,No internet service,No internet service,No internet service,No internet service,No internet service,0,19.75,1052.35,1,19.85566037735849,0,1,0,1,0,0,0,0,0,0,1,0
5641-DMBFJ,1,0,1,0,58,1,Yes,Yes,No,Yes,Yes,Yes,Yes,1,84.3,4916.4,0,84.7655172413793,0,1,0,0,0,1,0,0,0,0,1,0
9200-NLNPD,0,0,1,0,56,0,No phone service,No,No,Yes,Yes,Yes,Yes,1,54.05,2959.8,0,52.853571428571435,1,0,0,0,0,0,0,0,0,0,1,0
2664-XJZNO,0,0,1,1,72,1,No,Yes,No,Yes,Yes,Yes,Yes,1,104.9,7559.55,0,104.99375,0,1,1,0,1,0,0,0,0,0,0,1
9732-KPKBW,0,0,0,0,1,1,No,Yes,No,No,Yes,No,No,1,53.95,53.95,1,53.95,0,0,0,0,0,1,0,0,0,0,0,0
3339-EAQNV,0,1,1,0,72,1,Yes,No,Yes,No,No,Yes,Yes,1,97.25,7133.1,0,99.07083333333334,1,0,1,0,1,0,0,0,0,0,0,1
0921-OHLVP,0,0,0,0,22,1,Yes,No,No,No,No,No,Yes,0,83.05,1799.3,0,81.78636363636363,0,0,1,0,0,1,0,1,0,0,0,0
3389-YGYAI,1,1,0,0,8,1,Yes,No,Yes,Yes,No,Yes,Yes,1,105.5,829.55,1,103.69375,0,0,1,0,0,1,0,0,0,0,0,0
9560-ARGQJ,1,0,0,1,16,1,No,No,No,No,No,Yes,No,1,81.0,1312.15,1,82.009375,0,0,1,0,0,1,0,1,0,0,0,0
8350-NYMVI,1,0,0,0,39,0,No phone service,No,Yes,Yes,Yes,No,No,0,41.1,1597.05,0,40.949999999999996,0,0,0,0,0,0,0,0,0,1,0,0
1600-DILPE,1,0,0,0,12,1,No,No,No,No,No,No,No,1,45.0,524.35,0,43.69583333333333,0,0,0,0,0,0,0,0,0,0,0,0
0536-ESJEP,0,0,1,0,54,1,No,Yes,Yes,No,No,Yes,Yes,1,74.55,4191.45,0,77.61944444444444,0,1,0,0,0,0,0,0,0,0,1,0
4654-GGUII,1,0,0,0,18,0,No phone service,Yes,Yes,No,Yes,No,No,1,40.2,711.95,0,39.55277777777778,1,0,0,0,0,0,1,1,0,0,0,0
6478-HRRCZ,0,0,1,0,32,1,No,Yes,Yes,No,Yes,No,Yes,0,70.5,2201.75,0,68.8046875,1,0,0,0,0,0,1,0,1,0,0,0
8510-BBWMU,1,0,0,0,41,1,No,No internet service,No internet service,No internet service,No internet service,No internet service,No internet service,1,19.75,806.95,0,19.681707317073172,1,0,0,1,0,0,1,0,0,1,0,0
6857-TKDJV,0,0,1,1,67,1,Yes,No internet service,No internet service,No internet service,No internet service,No internet service,No internet service,0,24.65,1620.45,0,24.18582089552239,0,1,0,1,0,0,0,0,0,0,0,1
2360-RDGRO,0,0,1,0,65,1,Yes,Yes,No,Yes,No,Yes,Yes,1,104.25,6812.95,0,104.81461538461538,0,0,1,0,0,1,0,0,0,0,0,1
0584-BJQGZ,1,0,0,0,25,1,Yes,Yes,Yes,Yes,Yes,Yes,No,1,78.35,1837.9,0,73.516,0,0,0,0,0,0,0,0,1,0,0,0
5134-IKDAY,1,0,1,1,1,1,No,No,No,No,No,No,No,1,69.8,69.8,1,69.8,0,0,1,0,0,1,0,0,0,0,0,0
1360-XFJMR,1,0,1,0,67,1,Yes,No,Yes,Yes,Yes,Yes,Yes,1,109.7,7344.45,0,109.6186567164179,1,0,1,0,1,0,0,0,0,0,0,1
3070-DVEYC,0,1,0,0,7,1,Yes,No,No,No,No,No,No,0,73.75,545.15,1,77.87857142857142,0,0,1,0,0,0,1,0,0,0,0,0
5730-RIITO,1,1,0,0,43,0,No phone service,Yes,Yes,No,No,No,No,1,33.45,1500.25,0,34.88953488372093,0,0,0,0,1,0,0,0,0,1,0,0
9058-MJLZC,1,0,0,0,24,1,No,Yes,No,No,No,Yes,Yes,1,94.6,2283.15,0,95.13125000000001,0,0,1,0,0,1,0,1,0,0,0,0
5707-ORNDZ,0,1,0,0,9,1,Yes,Yes,No,No,No,No,No,0,54.55,494.05,1,54.894444444444446,0,0,0,0,0,1,0,0,0,0,0,0
0902-XKXPN,0,0,1,1,69,1,No,No internet service,No internet service,No internet service,No internet service,No internet service,No internet service,0,20.2,1376.5,0,19.94927536231884,0,1,0,1,0,0,0,0,0,0,0,1
5177-RVZNU,1,0,0,1,37,1,No,No internet service,No internet service,No internet service,No internet service,No internet service,No internet service,0,20.3,755.4,0,20.416216216216217,1,0,0,1,0,0,0,0,0,1,0,0
0056-EPFBG,0,0,1,1,20,0,No phone service,Yes,No,Yes,Yes,No,No,1,39.4,825.4,0,41.269999999999996,0,1,0,0,1,0,0,1,0,0,0,0
8993-IZEUX,0,0,0,0,7,1,No,No,No,No,No,No,No,0,69.15,488.65,0,69.80714285714285,0,0,1,0,0,0,0,0,0,0,0,0
8696-JKZNU,1,1,0,0,37,1,Yes,No,No,No,No,No,No,1,76.25,2841.55,1,76.79864864864865,0,0,1,0,0,1,0,0,0,1,0,0
5380-AFSSK,1,0,0,0,5,1,Yes,No,No,No,No,Yes,Yes,1,93.9,486.85,1,97.37,0,0,1,0,0,0,1,0,0,0,0,0
8190-ZTQFB,0,0,0,0,41,0,No phone service,No,No,Yes,No,Yes,Yes,1,51.35,2075.1,0,50.61219512195122,1,0,0,0,0,1,0,0,0,1,0,0
0931-MHTEM,1,0,0,0,54,1,No,Yes,Yes,No,No,Yes,Yes,1,100.05,5299.65,0,98.14166666666667,1,0,1,0,1,0,0,0,0,0,1,0
2055-PDADH,1,1,0,0,3,1,No,No,No,No,No,No,No,1,70.4,204.7,1,68.23333333333333,0,0,1,0,0,1,0,0,0,0,0,0
7515-LODFU,0,1,0,0,69,1,No,No internet service,No internet service,No internet service,No internet service,No internet service,No internet service,0,20.3,1356.3,0,19.656521739130433,0,1,0,1,1,0,0,0,0,0,0,1
0440-UEDAI,1,0,0,0,53,1,No,No,Yes,Yes,Yes,No,Yes,1,94.45,5042.75,0,95.14622641509433,1,0,1,0,1,0,0,0,0,0,1,0
1337-BOZWO,0,0,1,1,18,0,No phone service,No,Yes,Yes,No,Yes,No,0,46.4,812.4,0,45.13333333333333,1,0,0,0,1,0,0,1,0,0,0,0
0868-VJRDR,0,0,1,0,64,1,No,Yes,Yes,No,Yes,Yes,Yes,1,104.05,6605.55,0,103.21171875,0,1,1,0,1,0,0,0,0,0,0,1
8714-EUHJO,1,0,1,1,31,1,Yes,No,Yes,No,No,No,Yes,1,91.15,2995.45,1,96.62741935483871,0,0,1,0,0,1,0,0,1,0,0,0
6344-SFJVH,1,0,0,0,20,0,No phone service,No,No,No,No,No,No,0,24.9,505.95,0,25.2975,0,0,0,0,1,0,0,1,0,0,0,0
3950-VPYJB,0,0,1,1,57,1,No,Yes,Yes,No,Yes,No,No,0,59.6,3509.4,0,61.56842105263158,1,0,0,0,0,0,1,0,0,0,1,0
8041-TMEID,0,1,1,0,63,1,Yes,Yes,Yes,Yes,No,Yes,Yes,0,108.5,6991.9,0,110.98253968253968,0,1,1,0,1,0,0,0,0,0,0,1
7321-ZNSLA,0,0,1,1,13,0,No phone service,Yes,Yes,No,Yes,No,No,0,40.55,590.35,0,45.41153846153846,0,1,0,0,0,0,1,1,0,0,0,0
6941-KXRRV,1,1,1,0,48,1,No,No,Yes,No,No,No,Yes,1,58.95,2789.7,0,58.11875,1,0,0,0,0,0,0,0,0,1,0,0
3721-CNEYS,1,0,0,0,2,1,No,No,No,No,No,No,No,1,70.95,137.95,1,68.975,0,0,1,0,0,1,0,0,0,0,0,0
8727-JQFHV,0,0,1,1,57,1,No,No internet service,No internet service,No internet service,No internet service,No internet service,No internet service,0,20.75,1123.15,0,19.704385964912284,0,1,0,1,0,0,1,0,0,0,1,0
9475-NNDGC,0,0,1,0,71,1,Yes,No,Yes,Yes,Yes,Yes,Yes,1,113.15,7953.25,0,112.01760563380282,1,0,1,0,0,0,0,0,0,0,0,1
1355-KUSBG,1,0,1,1,7,1,Yes,No,No,No,No,No,No,0,48.8,349.8,0,49.971428571428575,0,0,0,0,0,1,0,0,0,0,0,0
3688-FTHLT,1,0,0,0,16,1,Yes,No,No,No,No,No,Yes,1,63.05,1067.05,0,66.690625,0,0,0,0,0,0,0,1,0,0,0,0
0899-LIIBW,0,0,1,0,34,1,Yes,No,No,Yes,No,Yes,Yes,0,100.85,3527.3,0,103.74411764705883,0,0,1,0,0,1,0,0,1,0,0,0
2568-OIADY,1,0,1,0,37,1,Yes,No,No,Yes,No,Yes,Yes,1,99.5,3762.0,1,101.67567567567568,0,0,1,0,0,1,0,0,0,1,0,0
1384-RCUXW,0,0,0,0,16,1,Yes,No,Yes,No,No,No,No,1,80.55,1248.9,0,78.05625,0,0,1,0,0,0,1,1,0,0,0,0
5825-XJOCM,0,0,0,1,48,1,Yes,Yes,Yes,Yes,No,No,No,1,64.4,3035.35,0,63.23645833333333,1,0,0,0,0,0,0,0,0,1,0,0
6848-YLDFR,0,0,1,1,58,1,No,No,Yes,No,Yes,Yes,Yes,1,75.2,4300.8,0,74.15172413793104,1,0,0,0,1,0,0,0,0,0,1,0
8125-QPFJD,1,0,1,0,72,1,Yes,Yes,No,Yes,Yes,Yes,Yes,1,84.9,6065.3,0,84.24027777777778,0,1,0,0,0,0,0,0,0,0,0,1
2320-YKQBO,1,0,0,0,7,1,No,No internet service,No internet service,No internet service,No internet service,No internet service,No internet service,0,19.3,144.95,0,20.707142857142856,0,0,0,1,0,0,1,0,0,0,0,0
1193-RTSLK,1,0,0,0,38,1,No,Yes,Yes,Yes,No,No,No,1,83.9,3233.6,1,85.09473684210526,0,0,1,0,1,0,0,0,0,1,0,0
2302-ANTDP,1,1,1,0,48,1,Yes,Yes,Yes,Yes,Yes,Yes,Yes,0,117.45,5438.9,1,113.31041666666665,0,0,1,0,0,1,0,0,0,1,0,0
5923-GXUOC,0,0,0,0,10,1,No,Yes,Yes,Yes,No,Yes,Yes,1,104.4,1081.45,1,108.14500000000001,0,0,1,0,0,1,0,0,0,0,0,0
4973-RLZVI,1,0,0,0,30,1,No,Yes,Yes,Yes,Yes,Yes,No,0,74.65,2308.6,0,76.95333333333333,1,0,0,0,1,0,0,0,1,0,0,0
7869-ZYDST,0,0,1,0,31,1,Yes,No,No,No,No,Yes,No,1,59.05,1882.8,0,60.73548387096774,0,0,0,0,1,0,0,0,1,0,0,0
4501-UYKBC,1,1,0,0,46,1,Yes,No,No,Yes,Yes,No,Yes,1,69.1,3255.35,0,70.76847826086956,1,0,0,0,1,0,0,0,0,1,0,0
1215-EXRMO,0,0,1,0,50,1,No,No internet service,No internet service,No internet service,No internet service,No internet service,No internet service,0,20.55,1067.65,0,21.353,0,1,0,1,0,0,1,0,0,0,1,0
2305-MRGLV,0,0,1,0,28,1,No,No,No,No,Yes,No,No,0,76.55,2065.4,0,73.76428571428572,0,0,1,0,0,0,0,0,1,0,0,0
8404-VIOMB,1,0,0,0,66,0,No phone service,Yes,Yes,Yes,Yes,Yes,Yes,1,62.5,4136.4,0,62.672727272727265,0,1,0,0,0,0,0,0,0,0,0,1
5233-GEEAX,0,1,0,0,8,0,No phone service,No,No,Yes,No,No,No,1,29.4,221.9,1,27.7375,0,0,0,0,0,1,0,0,0,0,0,0
2359-KLTEK,1,0,1,1,41,1,No,No,No,Yes,No,Yes,Yes,1,94.9,3848.0,0,93.85365853658537,0,0,1,0,0,0,0,0,0,1,0,0
5304-EFJLP,0,1,1,0,72,1,Yes,No,Yes,Yes,Yes,Yes,Yes,1,111.65,8022.85,0,111.42847222222223,0,1,1,0,0,0,0,0,0,0,0,1
2673-ZALNP,1,0,0,0,7,1,No,No internet service,No internet service,No internet service,No internet service,No internet service,No internet service,0,19.9,173.15,0,24.735714285714288,1,0,0,1,0,0,1,0,0,0,0,0
9184-GALIL,1,0,1,1,38,1,No,No internet service,No internet service,No internet service,No internet service,No internet service,No internet service,0,20.45,781.25,0,20.55921052631579,0,0,0,1,0,0,1,0,0,1,0,0
4393-RYCRE,0,0,0,0,44,1,No,Yes,Yes,Yes,No,Yes,Yes,1,106.05,4510.8,0,102.51818181818182,1,0,1,0,0,1,0,0,0,1,0,0
9746-MDMBK,0,0,1,1,47,1,Yes,Yes,Yes,Yes,Yes,Yes,Yes,1,113.45,5317.8,0,113.14468085106384,1,0,1,0,0,0,0,0,0,1,0,0
3162-ZJZFU,0,0,1,1,53,1,No,No,Yes,No,Yes,Yes,No,1,92.55,4779.45,0,90.17830188679245,0,0,1,0,0,1,0,0,0,0,1,0
8404-GFGCZ,0,0,1,0,4,1,Yes,No,No,Yes,No,Yes,No,0,65.6,250.1,0,62.525,0,0,0,0,0,1,0,0,0,0,0,0
8875-AKBYH,0,1,0,0,20,1,Yes,No,No,No,No,Yes,No,1,84.35,1745.2,0,87.26,0,0,1,0,0,1,0,1,0,0,0,0
4432-ADRLB,0,0,0,0,2,1,No,No,No,No,No,No,No,0,44.65,74.9,1,37.45,0,0,0,0,0,0,1,0,0,0,0,0
0533-UCAAU,0,1,1,0,57,1,Yes,No,Yes,Yes,No,Yes,No,1,71.1,4140.1,0,72.63333333333334,1,0,0,0,1,0,0,0,0,0,1,0
1394-SUIUH,1,1,1,0,44,1,No,Yes,Yes,No,Yes,No,No,1,85.15,3670.5,0,83.42045454545455,0,0,1,0,0,1,0,0,0,1,0,0
3521-MNKLV,0,0,0,0,24,1,No,No,No,Yes,No,No,No,1,49.7,1167.8,0,48.65833333333333,0,0,0,0,0,0,1,1,0,0,0,0
2533-TIBIX,0,0,1,1,15,0,No phone service,Yes,No,No,No,No,No,1,30.2,469.65,0,31.31,0,0,0,0,0,0,0,1,0,0,0,0
8993-PHFWD,1,0,0,0,3,0,No phone service,No,No,No,No,No,No,0,25.25,58.9,1,19.633333333333333,0,0,0,0,0,1,0,0,0,0,0,0
1565-RHDJD,1,0,0,1,4,1,Yes,No,Yes,Yes,No,No,No,0,84.05,333.55,1,83.3875,0,0,1,0,0,0,0,0,0,0,0,0
7137-RYLPP,0,1,1,0,37,1,Yes,No,No,No,No,Yes,No,1,85.7,3171.15,1,85.70675675675676,0,0,1,0,0,1,0,0,0,1,0,0
3765-JXVKY,1,0,0,0,1,1,No,No,Yes,No,No,No,No,1,74.7,74.7,1,74.7,0,0,1,0,0,1,0,0,0,0,0,0
5092-STPKP,1,0,0,0,24,1,No,Yes,No,No,Yes,No,No,0,56.35,1381.2,0,57.550000000000004,0,0,0,0,1,0,0,1,0,0,0,0
7330-WZLNC,1,0,0,0,5,1,Yes,No,Yes,No,No,Yes,No,1,90.8,455.5,1,91.1,0,0,1,0,0,1,0,0,0,0,0,0
0114-PEGZZ,1,0,0,0,33,1,Yes,No,Yes,Yes,No,Yes,Yes,0,107.55,3645.5,0,110.46969696969697,0,0,1,0,0,1,0,0,1,0,0,0
3359-DSRKA,1,0,1,1,58,1,No,No internet service,No internet service,No internet service,No internet service,No internet service,No internet service,1,19.85,1158.85,0,19.980172413793102,0,1,0,1,0,0,1,0,0,0,1,0
8639-NHQEI,1,0,1,1,72,1,Yes,Yes,Yes,No,No,Yes,No,1,95.9,6954.15,0,96.58541666666666,0,1,1,0,0,0,0,0,0,0,0,1
7161-DFHUF,1,0,1,0,71,1,Yes,No internet service,No internet service,No internet service,No internet service,No internet service,No internet service,0,23.85,1672.1,0,23.55070422535211,0,1,0,1,0,0,1,0,0,0,0,1
3957-LXOLK,1,1,0,0,28,1,Yes,No,Yes,Yes,No,Yes,Yes,1,106.15,3152.5,1,112.58928571428571,0,0,1,0,0,1,0,0,1,0,0,0
3720-DBRWL,0,0,1,0,51,1,No,Yes,Yes,Yes,Yes,Yes,Yes,1,83.85,4307.1,0,84.45294117647059,0,1,0,0,1,0,0,0,0,0,1,0
6635-MYYYZ,1,0,0,0,30,1,No,Yes,Yes,Yes,Yes,Yes,Yes,0,85.35,2530.4,1,84.34666666666666,1,0,0,0,0,0,0,0,1,0,0,0
8565-WUXZU,0,1,1,0,72,1,No,Yes,Yes,No,Yes,No,No,1,84.8,6141.65,0,85.30069444444445,0,1,1,0,1,0,0,0,0,0,0,1
5281-BUZGT,0,1,0,0,36,1,Yes,Yes,No,No,No,Yes,No,1,90.85,3186.7,1,88.51944444444445,0,0,1,0,0,1,0,0,1,0,0,0
4994-OBRSZ,0,0,0,1,14,1,No,Yes,Yes,Yes,Yes,No,Yes,0,76.1,1054.8,0,75.34285714285714,0,1,0,0,0,0,0,1,0,0,0,0
0562-FGDCR,1,0,1,1,72,1,Yes,Yes,Yes,No,Yes,Yes,No,0,74.55,5430.65,0,75.42569444444445,0,1,0,0,0,0,1,0,0,0,0,1
2436-QBZFP,1,0,1,1,22,0,No phone service,No,Yes,No,No,Yes,No,0,39.2,849.9,0,38.63181818181818,0,0,0,0,0,1,0,1,0,0,0,0
3420-YJLQT,1,0,0,0,2,1,Yes,No,Yes,No,No,No,No,0,79.55,151.75,0,75.875,0,0,1,0,0,1,0,0,0,0,0,0
6040-CGACY,1,0,0,0,15,1,No,No internet service,No internet service,No internet service,No internet service,No internet service,No internet service,0,19.6,299.4,0,19.959999999999997,0,0,0,1,0,0,1,1,0,0,0,0
6582-PLFUU,0,0,1,1,51,1,No,No internet service,No internet service,No internet service,No internet service,No internet service,No internet service,0,19.55,1086.75,0,21.308823529411764,0,1,0,1,1,0,0,0,0,0,1,0
8242-PDSGJ,0,0,1,0,70,0,No phone service,Yes,No,Yes,Yes,No,No,1,39.15,2692.75,0,38.46785714285714,0,1,0,0,1,0,0,0,0,0,0,1
0264-CNITK,1,0,1,1,71,1,No,No internet service,No internet service,No internet service,No internet service,No internet service,No internet service,0,20.1,1389.6,0,19.57183098591549,0,1,0,1,0,0,0,0,0,0,0,1
0089-IIQKO,1,0,1,1,39,1,Yes,No,No,No,Yes,Yes,Yes,1,99.95,3767.4,0,96.60000000000001,0,0,1,0,1,0,0,0,0,1,0,0
7839-NUIAA,1,0,1,1,61,1,Yes,Yes,Yes,No,No,No,No,0,59.8,3641.5,0,59.69672131147541,0,0,0,0,0,1,0,0,0,0,0,1
6075-QMNRR,1,0,0,0,52,1,No,Yes,No,No,No,No,No,1,49.75,2535.55,0,48.760576923076925,0,0,0,0,0,0,0,0,0,0,1,0
5378-IKEEG,1,0,0,0,1,0,No phone service,No,No,No,No,Yes,No,1,35.75,35.75,1,35.75,0,0,0,0,0,1,0,0,0,0,0,0
5966-EMAZU,0,0,1,0,64,1,Yes,Yes,No,Yes,Yes,Yes,Yes,1,108.5,6880.85,0,107.51328125,1,0,1,0,0,0,1,0,0,0,0,1
0440-EKDCF,0,0,1,0,62,1,No,No,Yes,Yes,Yes,No,No,1,60.15,3753.2,0,60.53548387096774,0,1,0,0,1,0,0,0,0,0,0,1
4774-HHGGS,0,0,1,0,30,1,No,No internet service,No internet service,No internet service,No internet service,No internet service,No internet service,0,19.05,637.55,0,21.251666666666665,0,1,0,1,0,0,1,0,1,0,0,0
2718-GAXQD,1,1,1,1,4,1,No,No,No,No,No,No,No,0,46.0,181.6,1,45.4,0,0,0,0,0,1,0,0,0,0,0,0
2055-BFOCC,0,1,1,0,63,1,No,Yes,Yes,Yes,Yes,Yes,Yes,1,84.0,5329.55,0,84.59603174603176,1,0,0,0,0,0,0,0,0,0,0,1
8180-AKMJV,1,0,0,0,1,1,No,No,No,No,No,No,No,1,44.55,44.55,0,44.55,0,0,0,0,1,0,0,0,0,0,0,0
4298-OYIFC,0,0,1,0,15,1,Yes,No,No,Yes,Yes,Yes,Yes,1,103.45,1539.8,0,102.65333333333334,0,0,1,0,0,1,0,1,0,0,0,0
5566-SOEZD,0,0,1,1,27,1,No,Yes,Yes,No,No,No,No,1,80.65,2209.75,0,81.8425925925926,1,0,1,0,1,0,0,0,1,0,0,0
9842-EFSYY,1,0,0,1,4,0,No phone service,Yes,Yes,Yes,No,Yes,Yes,1,57.2,223.75,0,55.9375,0,0,0,0,0,0,1,0,0,0,0,0
2272-WUSPA,1,0,1,0,72,1,Yes,Yes,Yes,Yes,No,Yes,Yes,1,110.75,7751.7,0,107.6625,0,1,1,0,0,1,0,0,0,0,0,1
4584-LBNMK,0,1,1,0,45,1,Yes,No internet service,No internet service,No internet service,No internet service,No internet service,No internet service,0,24.7,1174.35,0,26.096666666666664,1,0,0,1,1,0,0,0,0,1,0,0
3898-GUYTS,1,1,0,0,45,1,Yes,Yes,Yes,No,Yes,Yes,No,1,97.05,4385.05,0,97.44555555555556,0,0,1,0,0,1,0,0,0,1,0,0
0930-EHUZA,1,0,0,0,36,1,No,Yes,Yes,Yes,Yes,Yes,No,1,76.35,2606.35,0,72.39861111111111,1,0,0,0,0,0,1,0,1,0,0,0
6413-XKKPU,0,0,1,1,17,1,No,Yes,No,Yes,No,Yes,No,1,89.4,1539.45,1,90.55588235294118,0,0,1,0,0,1,0,1,0,0,0,0
9975-SKRNR,0,0,0,0,1,1,No,No internet service,No internet service,No internet service,No internet service,No internet service,No internet service,0,18.9,18.9,0,18.9,0,0,0,1,0,0,1,0,0,0,0,0
3703-KBKZP,0,1,0,0,16,1,Yes,No,No,No,No,No,No,1,74.45,1261.35,0,78.834375,0,0,1,0,0,0,0,1,0,0,0,0
1449-XQEMT,0,0,0,0,3,1,No,No internet service,No internet service,No internet service,No internet service,No internet service,No internet service,1,19.8,58.15,1,19.383333333333333,0,0,0,1,0,0,1,0,0,0,0,0
2626-URJFX,0,0,1,1,4,1,Yes,No,No,No,No,No,No,1,50.9,225.6,1,56.4,0,0,0,0,0,1,0,0,0,0,0,0
4973-MGTON,1,0,1,0,71,1,No,Yes,Yes,Yes,Yes,Yes,Yes,1,84.4,5969.3,0,84.07464788732395,0,1,0,0,1,0,0,0,0,0,0,1
3682-YEUWS,0,0,1,1,10,1,Yes,No internet service,No internet service,No internet service,No internet service,No internet service,No internet service,1,24.4,253.9,0,25.39,0,0,0,1,0,0,1,0,0,0,0,0
1223-UNPKS,0,0,1,1,20,1,No,No internet service,No internet service,No internet service,No internet service,No internet service,No internet service,0,20.05,400.0,0,20.0,0,1,0,1,0,0,1,1,0,0,0,0
2612-RRIDN,0,0,0,0,4,1,No,No,No,No,No,Yes,No,1,81.0,340.85,1,85.2125,0,0,1,0,0,1,0,0,0,0,0,0
4735-ASGMA,0,0,0,0,26,1,Yes,No,No,Yes,No,Yes,Yes,1,98.35,2515.3,1,96.7423076923077,0,0,1,0,0,1,0,0,1,0,0,0
3446-QDSZF,1,0,0,0,4,1,No,No,No,No,No,Yes,No,0,55.5,227.35,0,56.8375,0,0,0,0,1,0,0,0,0,0,0,0
3669-LVWZB,0,0,0,0,5,0,No phone service,No,Yes,No,No,Yes,Yes,1,51.0,305.95,1,61.19,0,0,0,0,0,0,1,0,0,0,0,0
6892-EZDTG,1,0,1,0,4,1,Yes,No,Yes,No,No,Yes,No,1,91.65,365.4,1,91.35,0,0,1,0,0,1,0,0,0,0,0,0
5117-IFGPS,0,1,1,0,29,1,Yes,No,No,No,No,No,Yes,1,84.3,2357.75,0,81.30172413793103,0,0,1,0,0,1,0,0,1,0,0,0
7379-FNIUJ,0,0,0,0,2,1,No,Yes,Yes,No,No,Yes,Yes,0,100.2,198.5,0,99.25,0,0,1,0,0,1,0,0,0,0,0,0
1627-AFWVJ,1,0,0,0,29,1,No,No internet service,No internet service,No internet service,No internet service,No internet service,No internet service,0,19.4,554.25,0,19.112068965517242,0,1,0,1,0,0,1,0,1,0,0,0
9725-SCPZG,0,0,0,1,1,1,No,No,No,No,No,Yes,Yes,1,90.85,90.85,1,90.85,0,0,1,0,0,1,0,0,0,0,0,0
5884-GCYMI,0,0,0,0,1,1,No,No,No,No,No,No,No,0,69.4,69.4,1,69.4,0,0,1,0,0,0,1,0,0,0,0,0
3217-FZDMN,1,1,0,0,8,1,No,No,No,Yes,No,Yes,Yes,1,94.45,742.95,1,92.86875,0,0,1,0,1,0,0,0,0,0,0,0
4486-EFAEB,0,0,0,0,13,1,No,No internet service,No internet service,No internet service,No internet service,No internet service,No internet service,1,20.4,251.65,0,19.357692307692307,0,0,0,1,0,1,0,1,0,0,0,0
0060-FUALY,1,0,1,0,59,1,Yes,Yes,Yes,No,No,Yes,No,1,94.75,5597.65,0,94.87542372881356,0,0,1,0,0,1,0,0,0,0,1,0
7853-GVUDZ,1,0,1,1,1,1,No,No internet service,No internet service,No internet service,No internet service,No internet service,No internet service,1,20.15,20.15,1,20.15,0,0,0,1,1,0,0,0,0,0,0,0
7480-QNVZJ,0,1,0,0,50,1,Yes,No,No,No,No,Yes,Yes,1,95.7,4816.7,1,96.334,0,0,1,0,0,1,0,0,0,0,1,0
6954-OOYZZ,0,0,1,0,18,1,No,No,No,No,No,No,No,1,44.35,768.05,0,42.669444444444444,0,0,0,0,0,0,0,1,0,0,0,0
7088-FBAWU,1,0,1,1,17,1,No,Yes,Yes,No,No,Yes,Yes,0,74.55,1215.8,0,71.51764705882353,0,0,0,0,0,0,1,1,0,0,0,0
8313-AFGBW,0,0,1,0,47,1,No,No,Yes,Yes,No,Yes,Yes,0,73.6,3522.65,0,74.95,0,1,0,0,0,1,0,0,0,1,0,0
3943-KDREE,1,0,0,0,26,1,Yes,No,No,No,No,No,No,1,74.95,1834.95,1,70.575,0,0,1,0,0,0,0,0,1,0,0,0
9239-ZBZZV,1,0,0,0,6,0,No phone service,No,No,Yes,No,Yes,Yes,1,47.95,305.1,1,50.85,0,0,0,0,0,1,0,0,0,0,0,0
3097-IDVPU,0,0,1,1,19,1,Yes,No,No,No,No,No,No,0,50.1,910.45,0,47.91842105263158,0,0,0,0,1,0,0,1,0,0,0,0
4398-HSCJH,1,0,0,0,3,1,Yes,No,No,No,Yes,Yes,No,1,63.6,155.65,1,51.88333333333333,0,0,0,0,0,1,0,0,0,0,0,0
2197-OMWGI,1,1,1,1,68,0,No phone service,No,Yes,Yes,No,Yes,Yes,1,53.0,3656.25,0,53.768382352941174,0,1,0,0,0,1,0,0,0,0,0,1
2303-PJYHN,1,0,1,0,2,1,No,No internet service,No internet service,No internet service,No internet service,No internet service,No internet service,0,19.85,52.0,0,26.0,0,0,0,1,0,0,0,0,0,0,0,0
9795-VOWON,0,0,0,0,7,0,No phone service,No,No,No,No,No,No,1,24.35,150.85,0,21.55,1,0,0,0,1,0,0,0,0,0,0,0
1237-WIYYZ,1,0,0,0,18,1,No,No internet service,No internet service,No internet service,No internet service,No internet service,No internet service,1,19.55,389.25,0,21.625,0,0,0,1,0,0,1,1,0,0,0,0
1987-AUELQ,1,0,1,0,71,1,Yes,No internet service,No internet service,No internet service,No internet service,No internet service,No internet service,0,25.05,1873.7,0,26.390140845070423,0,1,0,1,1,0,0,0,0,0,0,1
7852-LECYP,0,1,1,0,13,1,Yes,Yes,Yes,No,No,No,Yes,0,93.8,1261.0,0,97.0,0,0,1,0,1,0,0,1,0,0,0,0
4430-UZIPO,0,0,0,0,3,0,No phone service,No,Yes,No,Yes,No,No,1,36.85,108.7,1,36.233333333333334,0,0,0,0,0,0,1,0,0,0,0,0
4822-LPTYJ,0,0,1,0,72,1,Yes,No,Yes,Yes,No,Yes,Yes,1,103.75,7346.2,0,102.03055555555555,0,1,1,0,0,0,0,0,0,0,0,1
8165-CBKXO,0,0,1,1,66,0,No phone service,No,Yes,Yes,No,Yes,Yes,1,56.75,3708.4,0,56.18787878787879,0,1,0,0,1,0,0,0,0,0,0,1
6527-PZFPV,0,0,1,1,24,1,No,No internet service,No internet service,No internet service,No internet service,No internet service,No internet service,1,20.8,469.65,0,19.568749999999998,1,0,0,1,1,0,0,1,0,0,0,0
4855-SNKMY,1,0,0,0,1,1,No,No,No,No,No,No,No,1,44.1,44.1,1,44.1,0,0,0,0,0,1,0,0,0,0,0,0
9593-CVZKR,1,0,1,1,56,1,Yes,No internet service,No internet service,No internet service,No internet service,No internet service,No internet service,1,24.45,1385.85,0,24.74732142857143,0,1,0,1,0,0,1,0,0,0,1,0
8595-SIZNC,1,1,1,0,22,1,Yes,No internet service,No internet service,No internet service,No internet service,No internet service,No internet service,0,25.6,548.8,0,24.94545454545454,1,0,0,1,0,0,0,1,0,0,0,0
8008-HAWED,0,0,0,0,14,0,No phone service,No,No,Yes,No,Yes,Yes,1,50.75,712.75,1,50.910714285714285,0,0,0,0,0,1,0,1,0,0,0,0
7124-UGSUR,1,1,1,0,61,1,Yes,No,Yes,Yes,No,Yes,Yes,1,104.4,6405.0,1,105.0,1,0,1,0,1,0,0,0,0,0,0,1
1862-SKORY,1,1,1,0,40,0,No phone service,No,Yes,No,No,Yes,No,1,39.3,1637.4,1,40.935,0,0,0,0,0,1,0,0,0,1,0,0
5236-XMZJY,1,0,0,0,42,1,No,Yes,Yes,Yes,No,No,No,0,59.65,2536.55,0,60.394047619047626,0,0,0,0,0,0,0,0,0,1,0,0
4827-DPADN,1,0,1,1,72,1,Yes,Yes,No,Yes,Yes,Yes,Yes,1,83.3,6042.7,0,83.92638888888888,0,1,0,0,0,0,0,0,0,0,0,1
2694-CIUMO,1,0,0,0,12,1,Yes,No,No,No,Yes,No,No,1,79.55,958.25,0,79.85416666666667,0,0,1,0,1,0,0,0,0,0,0,0
5846-ABOBJ,0,0,1,0,71,1,Yes,No internet service,No internet service,No internet service,No internet service,No internet service,No internet service,0,24.45,1730.65,0,24.375352112676058,0,1,0,1,0,0,0,0,0,0,0,1
1439-LCGVL,1,0,1,0,26,1,No,No internet service,No internet service,No internet service,No internet service,No internet service,No internet service,0,19.2,459.6,0,17.676923076923078,1,0,0,1,0,0,1,0,1,0,0,0
0909-SDHNU,1,0,0,1,7,0,No phone service,Yes,No,No,No,No,No,0,29.8,201.95,0,28.849999999999998,0,0,0,0,0,0,1,0,0,0,0,0
4647-XXZAM,1,0,1,1,6,1,No,No,No,No,No,No,No,0,45.5,285.2,0,47.53333333333333,0,0,0,0,0,0,1,0,0,0,0,0
1502-XFCVR,1,0,0,0,58,1,No,Yes,Yes,Yes,No,Yes,Yes,1,106.45,6145.85,1,105.96293103448276,1,0,1,0,0,1,0,0,0,0,1,0
7740-KKCXF,0,0,1,0,51,0,No phone service,No,Yes,No,No,No,No,1,30.05,1529.45,0,29.98921568627451,0,0,0,0,1,0,0,0,0,0,1,0
5360-XGYAZ,0,0,1,1,72,0,No phone service,Yes,Yes,Yes,Yes,Yes,Yes,1,65.65,4664.5,0,64.78472222222223,0,1,0,0,0,0,0,0,0,0,0,1
9692-TUSXH,1,0,0,0,18,1,No,Yes,No,No,No,Yes,Yes,1,96.05,1740.7,1,96.70555555555556,0,0,1,0,0,1,0,1,0,0,0,0
7912-SYRQT,1,0,0,0,7,1,Yes,No,No,No,No,No,No,1,75.1,552.95,1,78.99285714285715,0,0,1,0,0,0,0,0,0,0,0,0
3557-HTYWR,1,0,0,0,47,1,Yes,Yes,Yes,No,Yes,No,Yes,0,74.05,3496.3,0,74.38936170212766,0,1,0,0,0,0,1,0,0,1,0,0
4816-JBHOV,0,1,0,0,2,1,No,No,No,No,No,No,No,1,44.7,93.7,1,46.85,0,0,0,0,0,1,0,0,0,0,0,0
8920-NAVAY,0,1,0,0,62,1,Yes,No,Yes,Yes,Yes,Yes,Yes,1,110.75,7053.35,0,113.76370967741936,1,0,1,0,0,0,0,0,0,0,0,1
1699-TLDLZ,1,0,1,1,16,1,No,No internet service,No internet service,No internet service,No internet service,No internet service,No internet service,0,19.7,301.55,0,18.846875,0,1,0,1,0,0,1,1,0,0,0,0
5600-PDUJF,0,0,0,0,6,1,No,No,No,No,Yes,No,No,1,49.5,312.7,0,52.11666666666667,0,0,0,0,1,0,0,0,0,0,0,0
8292-TYSPY,0,0,0,0,19,1,No,No,No,Yes,Yes,No,No,1,55.0,1046.5,1,55.078947368421055,0,0,0,0,1,0,0,1,0,0,0,0
0567-XRHCU,1,0,1,1,69,0,No phone service,Yes,No,Yes,No,No,Yes,1,43.95,2960.1,0,42.9,0,1,0,0,1,0,0,0,0,0,0,1
1867-BDVFH,0,0,1,1,11,1,Yes,No,No,No,No,No,No,1,74.35,834.2,1,75.83636363636364,0,0,1,0,0,1,0,0,0,0,0,0
2067-QYTCF,1,0,1,0,64,1,Yes,No,Yes,Yes,Yes,Yes,Yes,1,111.15,6953.4,0,108.646875,0,0,1,0,0,1,0,0,0,0,0,1
2359-QWQUL,1,0,1,0,39,1,No,Yes,No,Yes,Yes,Yes,Yes,1,104.7,4134.85,1,106.02179487179488,1,0,1,0,1,0,0,0,0,1,0,0
9103-TCIHJ,1,0,0,0,15,1,Yes,Yes,No,No,No,No,No,1,55.7,899.8,1,59.986666666666665,0,0,0,0,0,0,1,1,0,0,0,0
7407-SUJIZ,0,0,0,0,25,1,No,No internet service,No internet service,No internet service,No internet service,No internet service,No internet service,0,20.6,541.5,0,21.66,0,0,0,1,0,0,1,0,1,0,0,0
9150-KPBJQ,1,0,0,0,6,1,No,No internet service,No internet service,No internet service,No internet service,No internet service,No internet service,0,19.65,116.85,0,19.474999999999998,0,1,0,1,1,0,0,0,0,0,0,0
0052-DCKON,0,0,1,0,66,1,Yes,Yes,Yes,Yes,Yes,Yes,Yes,0,115.8,7942.15,0,120.33560606060605,1,0,1,0,0,0,0,0,0,0,0,1
3654-ARMGP,1,0,0,0,61,1,Yes,No,Yes,Yes,Yes,Yes,Yes,0,88.65,5321.25,0,87.23360655737704,0,1,0,0,1,0,0,0,0,0,0,1
9699-UBQFS,1,1,1,0,43,1,Yes,Yes,Yes,No,No,Yes,No,1,94.5,4156.8,0,96.66976744186047,0,0,1,0,0,1,0,0,0,1,0,0
9367-TCUYN,1,0,0,0,12,1,No,No internet service,No internet service,No internet service,No internet service,No internet service,No internet service,0,20.1,223.6,0,18.633333333333333,0,0,0,1,0,0,1,0,0,0,0,0
1261-FWTTE,0,1,0,0,23,0,No phone service,No,No,No,No,No,Yes,1,34.65,768.45,0,33.410869565217396,0,0,0,0,0,0,0,1,0,0,0,0
3528-HFRIQ,0,1,1,0,71,0,No phone service,No,Yes,Yes,No,Yes,Yes,1,52.3,3765.05,0,53.02887323943662,0,0,0,0,0,0,0,0,0,0,0,1
0708-SJDIS,1,0,0,0,34,1,Yes,No,No,No,Yes,Yes,No,0,65.0,2157.5,0,63.455882352941174,0,0,0,0,0,0,1,0,1,0,0,0
4140-WJAWW,1,0,0,0,5,1,No,No internet service,No internet service,No internet service,No internet service,No internet service,No internet service,0,19.85,108.05,1,21.61,0,0,0,1,1,0,0,0,0,0,0,0
2073-QBVBI,1,0,1,0,41,0,No phone service,No,Yes,No,Yes,No,No,0,35.45,1391.65,0,33.94268292682927,1,0,0,0,0,0,1,0,0,1,0,0
6928-ONTRW,1,0,1,1,72,1,No,No internet service,No internet service,No internet service,No internet service,No internet service,No internet service,0,19.7,1379.8,0,19.163888888888888,0,1,0,1,1,0,0,0,0,0,0,1
3320-VEOYC,0,1,0,0,14,1,Yes,No,No,No,No,Yes,Yes,1,95.6,1273.3,0,90.95,0,0,1,0,0,1,0,1,0,0,0,0
5231-FIQPA,1,0,0,0,41,1,No,No internet service,No internet service,No internet service,No internet service,No internet service,No internet service,1,19.85,810.45,0,19.76707317073171,0,1,0,1,0,0,1,0,0,1,0,0
6617-WLBQC,1,0,1,1,23,1,Yes,Yes,No,No,No,No,No,0,81.85,1810.85,0,78.73260869565217,1,0,1,0,1,0,0,1,0,0,0,0
2599-CIPQE,0,0,1,1,71,1,No,Yes,Yes,Yes,Yes,Yes,Yes,0,109.3,7782.85,0,109.61760563380282,0,1,1,0,1,0,0,0,0,0,0,1
6653-CBBOM,1,0,0,0,1,1,No,No,No,No,No,No,No,1,70.3,70.3,1,70.3,0,0,1,0,0,1,0,0,0,0,0,0
8774-GSBUN,0,0,1,0,72,1,Yes,No internet service,No internet service,No internet service,No internet service,No internet service,No internet service,0,25.4,1797.1,0,24.959722222222222,0,1,0,1,0,0,1,0,0,0,0,1
7326-RIGQZ,0,0,1,1,6,1,No,No,No,No,No,No,No,1,69.8,377.85,0,62.975,0,0,1,0,0,1,0,0,0,0,0,0
1401-FTHFQ,0,0,1,1,23,1,No,No internet service,No internet service,No internet service,No internet service,No internet service,No internet service,1,20.0,445.3,0,19.360869565217392,1,0,0,1,1,0,0,1,0,0,0,0
3247-ZVOUO,0,1,1,0,10,1,Yes,No,No,No,No,No,Yes,0,85.55,851.75,1,85.175,0,0,1,0,0,1,0,0,0,0,0,0
0254-FNMCI,1,0,0,0,72,1,No,Yes,Yes,Yes,Yes,Yes,Yes,1,109.9,7624.2,0,105.89166666666667,0,1,1,0,0,1,0,0,0,0,0,1
1848-LBZHY,1,0,1,0,7,1,No,Yes,No,No,No,No,No,1,50.3,355.1,0,50.728571428571435,0,0,0,0,0,0,0,0,0,0,0,0
6101-IMRMM,0,0,0,1,6,1,No,No,No,Yes,No,Yes,Yes,0,94.5,575.45,1,95.90833333333335,0,0,1,0,0,0,1,0,0,0,0,0
8118-TJAFG,0,0,1,1,9,1,No,No,Yes,No,Yes,Yes,Yes,1,101.5,906.85,0,100.76111111111112,0,0,1,0,0,1,0,0,0,0,0,0
5429-LWCMV,1,0,0,0,12,1,Yes,No,Yes,No,No,No,Yes,1,89.15,1057.55,0,88.12916666666666,0,0,1,0,0,1,0,0,0,0,0,0
7298-IZWLY,1,0,0,0,1,1,No,No internet service,No internet service,No internet service,No internet service,No internet service,No internet service,1,19.4,19.4,0,19.4,0,0,0,1,0,0,1,0,0,0,0,0
9758-MFWGD,1,1,1,1,48,0,No phone service,No,Yes,No,No,No,No,0,29.9,1388.75,0,28.932291666666668,1,0,0,0,0,0,0,0,0,1,0,0
3955-JBZZM,0,0,0,0,20,1,No,No,No,No,No,Yes,No,0,78.8,1641.3,0,82.065,0,0,1,0,0,1,0,1,0,0,0,0
1268-ASBGA,1,1,1,0,16,1,Yes,No,No,No,No,No,Yes,1,85.35,1375.15,1,85.946875,0,0,1,0,1,0,0,1,0,0,0,0
8943-URTMR,1,0,0,0,2,1,No,No,No,No,No,Yes,No,1,79.65,152.7,1,76.35,0,0,1,0,0,0,1,0,0,0,0,0
4815-TUMEQ,1,0,0,0,10,1,No,No internet service,No internet service,No internet service,No internet service,No internet service,No internet service,1,19.3,185.2,0,18.52,1,0,0,1,0,0,1,0,0,0,0,0
4713-LZDRV,1,1,0,0,2,1,No,No,No,No,No,No,Yes,1,79.6,195.05,1,97.525,0,0,1,0,0,1,0,0,0,0,0,0
9909-IDLEK,0,0,1,1,20,1,Yes,No,Yes,No,Yes,Yes,No,0,96.8,1826.7,0,91.33500000000001,0,0,1,0,0,0,1,1,0,0,0,0
4092-OFQZS,0,0,1,0,20,1,No,No internet service,No internet service,No internet service,No internet service,No internet service,No internet service,0,20.65,417.5,0,20.875,1,0,0,1,0,0,1,1,0,0,0,0
1561-BWHIN,0,0,1,1,19,1,No,No internet service,No internet service,No internet service,No internet service,No internet service,No internet service,0,19.8,344.5,0,18.13157894736842,1,0,0,1,0,0,1,1,0,0,0,0
4325-NFSKC,0,1,0,0,19,1,Yes,Yes,No,No,No,Yes,No,1,90.6,1660.0,1,87.36842105263158,0,0,1,0,0,1,0,1,0,0,0,0
9927-DSWDF,0,0,1,0,22,1,No,Yes,Yes,No,Yes,Yes,Yes,1,104.6,2180.55,0,99.1159090909091,0,0,1,0,0,1,0,1,0,0,0,0
9500-LTVBP,1,0,0,0,35,1,Yes,No,No,No,Yes,No,No,0,80.05,2835.9,0,81.02571428571429,0,0,1,0,1,0,0,0,1,0,0,0
7252-NTGSS,1,0,0,0,1,1,No,No,No,No,No,No,No,0,45.15,45.15,0,45.15,0,0,0,0,0,0,1,0,0,0,0,0
8149-AIQCG,0,0,0,0,39,1,Yes,No,No,No,No,No,No,1,73.15,2730.85,0,70.02179487179487,0,0,1,0,1,0,0,0,0,1,0,0
1360-JYXKQ,1,1,1,0,54,1,No,No,No,Yes,Yes,Yes,Yes,1,99.1,5437.1,0,100.68703703703704,1,0,1,0,0,1,0,0,0,0,1,0
2955-PSXOE,1,0,0,0,1,1,No,No internet service,No internet service,No internet service,No internet service,No internet service,No internet service,1,20.2,20.2,1,20.2,0,0,0,1,0,0,0,0,0,0,0,0
7762-URZQH,0,0,1,0,66,1,Yes,Yes,No,Yes,No,Yes,Yes,1,106.05,6981.35,1,105.7780303030303,0,1,1,0,1,0,0,0,0,0,0,1
0899-WZRSD,0,0,0,0,56,1,Yes,Yes,No,No,Yes,Yes,Yes,1,105.35,5794.45,0,103.47232142857142,0,0,1,0,0,0,1,0,0,0,1,0
3255-GRXMG,0,0,0,1,18,1,No,No,No,No,No,No,No,1,45.65,747.2,0,41.51111111111111,0,0,0,0,1,0,0,1,0,0,0,0
4828-FAZPK,1,0,1,1,16,1,Yes,No,Yes,No,No,No,No,1,79.95,1267.95,0,79.246875,0,0,1,0,1,0,0,1,0,0,0,0
6094-ZIVKX,1,0,0,0,68,1,No,Yes,No,Yes,No,No,No,1,54.45,3674.95,0,54.04338235294117,1,0,0,0,1,0,0,0,0,0,0,1
6925-BAYGL,1,1,1,0,53,1,Yes,No internet service,No internet service,No internet service,No internet service,No internet service,No internet service,0,25.1,1275.6,0,24.067924528301884,0,1,0,1,1,0,0,0,0,0,1,0
3262-EIDHV,1,0,1,1,72,1,Yes,Yes,No,Yes,Yes,Yes,Yes,0,84.7,5893.9,0,81.85972222222222,0,1,0,0,1,0,0,0,0,0,0,1
7354-OIJLX,0,0,0,0,9,1,Yes,No,No,No,No,No,No,1,75.85,724.65,0,80.51666666666667,0,0,1,0,0,1,0,0,0,0,0,0
1376-HHBDV,1,0,0,0,30,1,No,Yes,No,No,No,No,No,1,48.8,1536.75,0,51.225,0,0,0,0,0,0,1,0,1,0,0,0
6907-NZZIJ,1,0,0,0,36,1,Yes,No,Yes,No,No,Yes,Yes,1,99.15,3615.6,1,100.43333333333334,0,0,1,0,0,1,0,0,1,0,0,0
6133-OZILE,1,0,0,0,18,0,No phone service,No,No,Yes,Yes,No,No,1,35.2,607.3,0,33.73888888888889,0,0,0,0,0,1,0,1,0,0,0,0
4135-FRWKJ,1,1,1,1,55,1,Yes,Yes,No,Yes,Yes,Yes,No,0,76.25,4154.55,0,75.53727272727274,1,0,0,0,0,1,0,0,0,0,1,0
2911-UREFD,1,0,1,0,39,0,No phone service,Yes,No,Yes,No,Yes,Yes,0,55.9,2184.35,1,56.008974358974356,0,0,0,0,0,1,0,0,0,1,0,0
3744-ZRRDZ,0,0,0,0,21,1,Yes,No,Yes,No,No,No,No,1,82.35,1852.85,1,88.23095238095237,0,0,1,0,0,1,0,1,0,0,0,0
5673-TIYIB,0,0,0,0,2,0,No phone service,No,Yes,Yes,Yes,No,No,1,40.4,77.15,1,38.575,0,0,0,0,1,0,0,0,0,0,0,0
6551-ZCOTS,0,1,0,0,33,1,Yes,No internet service,No internet service,No internet service,No internet service,No internet service,No internet service,1,24.9,847.8,0,25.690909090909088,1,0,0,1,0,0,0,0,1,0,0,0
7191-ADRGF,0,0,1,0,44,0,No phone service,No,Yes,Yes,No,Yes,Yes,0,54.3,2390.45,0,54.32840909090908,0,1,0,0,0,0,0,0,0,1,0,0
5018-LXQQG,1,0,1,1,30,1,No,Yes,No,No,Yes,No,Yes,0,66.3,1923.5,0,64.11666666666666,0,0,0,0,0,0,0,0,1,0,0,0
6892-BOGQE,1,0,1,0,71,1,No,No internet service,No internet service,No internet service,No internet service,No internet service,No internet service,1,20.9,1493.2,0,21.03098591549296,0,1,0,1,0,0,0,0,0,0,0,1
1602-IJQQE,1,0,0,0,4,1,Yes,No,No,No,No,No,No,0,75.35,338.1,1,84.525,0,0,1,0,0,1,0,0,0,0,0,0
4628-WQCQQ,0,0,0,1,35,1,No,No,No,Yes,No,Yes,No,1,85.15,3030.6,1,86.58857142857143,1,0,1,0,0,1,0,0,1,0,0,0
1746-TGTWV,0,0,1,0,1,1,No,No,No,Yes,No,No,No,0,75.35,75.35,0,75.35,0,0,1,0,1,0,0,0,0,0,0,0
5995-SNNEW,0,1,1,0,23,1,Yes,No,Yes,Yes,No,Yes,Yes,1,104.45,2184.85,0,94.99347826086957,0,0,1,0,0,1,0,1,0,0,0,0
8050-WYBND,1,0,0,1,22,0,No phone service,No,No,Yes,No,Yes,Yes,1,49.45,1031.4,0,46.88181818181818,1,0,0,0,1,0,0,1,0,0,0,0
2821-WARNZ,1,0,0,1,49,1,No,No internet service,No internet service,No internet service,No internet service,No internet service,No internet service,0,19.45,921.3,0,18.802040816326528,1,0,0,1,1,0,0,0,0,0,1,0
4879-GZLFH,1,0,1,1,42,1,No,No,No,Yes,No,Yes,Yes,1,92.15,3875.4,0,92.27142857142857,0,0,1,0,0,1,0,0,0,1,0,0
1644-IRKSF,1,0,1,1,33,1,No,No,No,Yes,No,Yes,Yes,1,93.8,3124.5,1,94.68181818181819,1,0,1,0,0,1,0,0,1,0,0,0
8314-HTWVE,1,0,1,1,7,1,No,No internet service,No internet service,No internet service,No internet service,No internet service,No internet service,0,19.85,144.15,0,20.592857142857145,0,1,0,1,0,0,1,0,0,0,0,0
9402-ROUMJ,1,0,1,1,67,1,Yes,Yes,No,Yes,Yes,No,Yes,1,100.25,6689.0,0,99.83582089552239,1,0,1,0,0,0,0,0,0,0,0,1
2507-QZPQS,0,0,0,0,15,1,Yes,No,Yes,No,Yes,No,Yes,0,95.7,1451.1,0,96.74,0,0,1,0,0,1,0,1,0,0,0,0
7159-NOKYQ,0,0,1,0,67,1,Yes,No,Yes,Yes,No,No,Yes,1,93.15,6368.2,0,95.04776119402985,0,1,1,0,0,1,0,0,0,0,0,1
5707-ZMDJP,0,0,1,1,53,1,No,Yes,Yes,No,Yes,Yes,No,1,69.7,3729.6,0,70.36981132075472,0,1,0,0,0,0,1,0,0,0,1,0
8779-YIQQA,0,0,1,1,21,1,No,No internet service,No internet service,No internet service,No internet service,No internet service,No internet service,0,19.8,350.1,0,16.67142857142857,1,0,0,1,0,0,1,1,0,0,0,0
7136-IHZJA,1,0,1,1,40,1,No,Yes,Yes,No,Yes,No,Yes,1,71.35,2847.2,0,71.17999999999999,0,0,0,0,0,0,1,0,0,1,0,0
8966-OIQHG,1,0,1,1,22,1,No,No internet service,No internet service,No internet service,No internet service,No internet service,No internet service,0,20.75,452.35,0,20.561363636363637,1,0,0,1,0,0,0,1,0,0,0,0
7074-STDCN,0,0,0,0,39,0,No phone service,No,No,No,Yes,No,Yes,1,40.6,1494.5,0,38.32051282051282,0,0,0,0,0,1,0,0,0,1,0,0
3705-PSNGL,0,0,0,0,45,1,No,No internet service,No internet service,No internet service,No internet service,No internet service,No internet service,1,20.4,930.45,1,20.67666666666667,1,0,0,1,0,1,0,0,0,1,0,0
8739-QOTTN,1,0,1,0,2,1,No,No internet service,No internet service,No internet service,No internet service,No internet service,No internet service,0,20.35,41.85,0,20.925,0,0,0,1,0,0,1,0,0,0,0,0
1399-OUPJN,1,0,1,1,57,1,No,No internet service,No internet service,No internet service,No internet service,No internet service,No internet service,0,19.75,1272.05,0,22.316666666666666,0,1,0,1,0,0,0,0,0,0,1,0
0277-BKSQP,0,0,1,1,8,1,No,No,No,No,No,Yes,No,1,54.4,475.1,0,59.3875,0,0,0,0,0,1,0,0,0,0,0,0
6502-HCJTI,0,1,1,0,7,1,Yes,Yes,Yes,No,No,No,Yes,1,94.7,673.1,1,96.15714285714286,0,0,1,0,1,0,0,0,0,0,0,0
2606-RMDHZ,0,0,0,0,6,0,No phone service,No,Yes,No,No,No,No,1,30.5,208.7,1,34.78333333333333,0,0,0,0,1,0,0,0,0,0,0,0
5774-XZTQC,1,0,1,1,7,1,No,No internet service,No internet service,No internet service,No internet service,No internet service,No internet service,0,20.45,150.75,0,21.535714285714285,0,0,0,1,0,0,1,0,0,0,0,0
2676-SSLTO,0,0,0,0,49,1,Yes,No,No,No,Yes,Yes,No,1,66.15,3199.0,0,65.28571428571429,0,1,0,0,0,0,0,0,0,0,1,0
6266-QHOJZ,1,0,0,0,65,1,Yes,Yes,Yes,No,Yes,No,No,1,89.85,5844.65,0,89.9176923076923,1,0,1,0,0,1,0,0,0,0,0,1
7269-JISCY,1,0,0,0,55,1,No,No,No,No,No,No,No,0,45.05,2462.6,0,44.77454545454545,1,0,0,0,0,0,0,0,0,0,1,0
0363-SVHYR,0,0,1,1,71,1,Yes,Yes,Yes,Yes,Yes,Yes,Yes,0,86.85,6263.8,0,88.22253521126761,0,1,0,0,0,0,0,0,0,0,0,1
8547-NSBBO,0,0,0,0,35,1,Yes,Yes,Yes,Yes,Yes,No,No,1,96.75,3403.4,0,97.24000000000001,0,0,1,0,0,0,1,0,1,0,0,0
8258-GSTJK,0,1,0,0,3,1,Yes,No,No,No,No,No,No,1,77.0,237.75,1,79.25,0,0,1,0,0,1,0,0,0,0,0,0
6861-OKBCE,1,0,0,1,11,1,No,No internet service,No internet service,No internet service,No internet service,No internet service,No internet service,0,20.1,221.35,1,20.12272727272727,0,0,0,1,1,0,0,0,0,0,0,0
9940-RHLFB,1,0,0,0,1,1,No,No,No,Yes,No,No,No,0,75.3,75.3,1,75.3,0,0,1,0,0,1,0,0,0,0,0,0
6591-QGOYB,0,0,0,0,17,1,Yes,Yes,Yes,Yes,Yes,Yes,No,1,106.65,1672.1,0,98.35882352941177,0,0,1,0,0,0,0,1,0,0,0,0
9070-BCKQP,1,0,1,0,72,1,Yes,Yes,No,Yes,Yes,Yes,Yes,1,110.15,7881.2,0,109.46111111111111,0,1,1,0,1,0,0,0,0,0,0,1
6421-SZVEM,1,0,1,1,28,1,No,Yes,No,No,No,No,Yes,1,82.85,2320.8,0,82.88571428571429,1,0,1,0,0,0,0,0,1,0,0,0
1328-EUZHC,1,0,1,0,18,1,No,No internet service,No internet service,No internet service,No internet service,No internet service,No internet service,0,20.1,370.5,0,20.583333333333332,0,1,0,1,0,0,1,1,0,0,0,0
2995-UPRYS,1,1,1,0,40,1,No,No,Yes,No,Yes,Yes,Yes,1,99.2,4062.2,1,101.55499999999999,1,0,1,0,1,0,0,0,0,1,0,0
8878-RYUKI,1,0,0,0,52,1,No,No,No,Yes,No,No,Yes,1,59.45,3043.7,0,58.5326923076923,0,0,0,0,0,1,0,0,0,0,1,0
9633-DENPU,1,0,1,0,47,1,No,No,Yes,No,No,Yes,No,1,58.6,2723.4,0,57.94468085106383,0,0,0,0,0,0,0,0,0,1,0,0
7811-JIVPF,1,0,0,0,23,1,No,No,No,Yes,No,No,No,0,49.7,1081.25,0,47.01086956521739,0,0,0,0,1,0,0,1,0,0,0,0
7113-HIPFI,0,0,1,1,66,1,No,Yes,Yes,Yes,Yes,No,No,0,65.85,4097.05,0,62.07651515151515,0,1,0,0,0,0,1,0,0,0,0,1
8541-QVFKM,1,0,0,0,8,1,Yes,No,No,No,No,No,No,1,73.5,632.2,0,79.025,0,0,1,0,0,1,0,0,0,0,0,0
6686-YPGHK,0,1,0,0,47,1,No,Yes,No,No,No,No,Yes,0,85.5,4042.3,1,86.00638297872341,0,0,1,0,0,0,1,0,0,1,0,0
1383-EZRWL,1,0,0,0,7,1,No,No internet service,No internet service,No internet service,No internet service,No internet service,No internet service,0,20.05,164.85,1,23.55,0,0,0,1,0,0,1,0,0,0,0,0
9258-CNWAC,1,0,1,1,71,1,Yes,Yes,Yes,Yes,Yes,Yes,Yes,0,113.65,8166.8,0,115.02535211267606,0,1,1,0,1,0,0,0,0,0,0,1
5371-VYLSX,1,1,0,0,50,1,Yes,Yes,Yes,No,No,No,No,1,83.4,4113.7,0,82.274,0,0,1,0,0,1,0,0,0,0,1,0
6374-AFWOX,0,0,1,0,46,1,No,Yes,Yes,Yes,Yes,No,No,0,65.65,3047.15,0,66.24239130434783,0,1,0,0,0,0,1,0,0,1,0,0
4759-TRPLW,0,0,0,0,1,1,No,No,No,No,No,No,No,0,70.4,70.4,1,70.4,0,0,1,0,0,1,0,0,0,0,0,0
5317-FLPJF,1,0,0,0,66,0,No phone service,Yes,No,Yes,Yes,Yes,Yes,1,61.35,4193.4,0,63.53636363636363,0,1,0,0,0,0,0,0,0,0,0,1
7621-VPNET,1,0,1,0,42,1,Yes,No,No,Yes,Yes,No,No,1,85.9,3729.75,0,88.80357142857143,0,0,1,0,1,0,0,0,0,1,0,0
6034-YMTOB,1,0,0,0,5,1,No,No,No,No,Yes,No,No,1,75.65,399.45,0,79.89,0,0,1,0,0,0,1,0,0,0,0,0
8563-IIOXK,0,0,1,1,7,1,No,Yes,No,No,No,No,No,1,49.75,331.3,1,47.32857142857143,1,0,0,0,0,1,0,0,0,0,0,0
4903-CNOZC,0,0,0,0,29,1,Yes,No,Yes,Yes,No,No,Yes,0,70.9,1964.6,0,67.7448275862069,1,0,0,0,1,0,0,0,1,0,0,0
4353-HYOJD,1,0,1,1,27,1,No,No,Yes,No,No,No,No,0,49.85,1336.15,0,49.48703703703704,0,0,0,0,0,0,1,0,1,0,0,0
8020-BWHYL,1,1,0,0,15,1,No,No,Yes,No,No,No,No,1,75.3,1147.45,1,76.49666666666667,0,0,1,0,1,0,0,1,0,0,0,0
7267-FRMJW,1,0,1,1,25,1,No,No internet service,No internet service,No internet service,No internet service,No internet service,No internet service,0,20.1,486.05,0,19.442,0,1,0,1,0,0,1,0,1,0,0,0
2982-VPSGI,1,0,1,0,11,1,Yes,No,No,No,No,Yes,Yes,1,94.0,1078.9,1,98.08181818181819,0,0,1,0,0,1,0,0,0,0,0,0
4188-FRABG,0,0,1,0,57,1,Yes,Yes,Yes,Yes,Yes,Yes,No,1,103.05,5925.75,0,103.96052631578948,0,0,1,0,0,1,0,0,0,0,1,0
8199-ZLLSA,0,0,0,0,67,1,Yes,Yes,Yes,Yes,Yes,Yes,Yes,1,118.35,7804.15,1,116.47985074626865,1,0,1,0,0,0,0,0,0,0,0,1
4128-ETESU,1,1,1,0,47,1,Yes,No,No,Yes,No,Yes,Yes,0,99.7,4747.2,0,101.00425531914894,0,0,1,0,0,1,0,0,0,1,0,0
0620-DLSLK,1,0,0,0,13,1,No,No,No,No,No,Yes,No,1,81.9,1028.9,0,79.14615384615385,0,0,1,0,0,0,1,1,0,0,0,0
4625-EWPTF,0,0,0,0,8,0,No phone service,Yes,No,No,No,No,No,1,30.45,226.45,1,28.30625,0,0,0,0,0,1,0,0,0,0,0,0
5980-NOPLP,1,0,1,0,44,1,Yes,No,No,No,No,Yes,Yes,1,96.1,4364.1,1,99.18409090909091,0,0,1,0,0,1,0,0,0,1,0,0
3850-OKINF,0,0,1,1,71,1,Yes,Yes,No,No,No,Yes,No,1,66.2,4692.55,0,66.09225352112676,1,0,0,0,0,1,0,0,0,0,0,1
6892-XPFPU,0,1,1,0,24,1,Yes,No,Yes,Yes,No,Yes,Yes,1,104.25,2433.9,1,101.41250000000001,0,0,1,0,0,1,0,1,0,0,0,0
8010-EZLOU,0,1,0,0,15,1,Yes,No,Yes,No,No,No,No,1,80.2,1217.25,1,81.15,0,0,1,0,0,1,0,1,0,0,0,0
1156-ZFYDO,1,0,0,0,1,1,No,No internet service,No internet service,No internet service,No internet service,No internet service,No internet service,0,19.75,19.75,0,19.75,0,0,0,1,0,1,0,0,0,0,0,0
3295-YVUSR,0,1,0,0,2,1,Yes,No,No,No,No,No,No,1,72.6,154.3,0,77.15,0,0,1,0,0,0,1,0,0,0,0,0
8016-NCFVO,0,1,0,0,55,1,Yes,Yes,Yes,Yes,Yes,Yes,Yes,1,116.5,6382.55,0,116.04636363636364,0,0,1,0,0,1,0,0,0,0,1,0
4119-ZYPZY,0,1,0,0,71,1,Yes,No,Yes,No,Yes,Yes,Yes,1,106.8,7623.2,0,107.36901408450704,0,1,1,0,0,1,0,0,0,0,0,1
5549-ZGHFB,0,0,1,1,50,1,Yes,No internet service,No internet service,No internet service,No internet service,No internet service,No internet service,0,24.95,1261.45,0,25.229,0,1,0,1,0,0,1,0,0,0,1,0
7577-SWIFR,0,0,0,0,1,1,No,No,No,No,No,Yes,Yes,1,89.25,89.25,0,89.25,0,0,1,0,0,1,0,0,0,0,0,0
0303-WMMRN,0,0,0,0,5,1,No,No internet service,No internet service,No internet service,No internet service,No internet service,No internet service,1,19.25,86.05,0,17.21,0,0,0,1,0,0,1,0,0,0,0,0
6408-OTUBZ,1,0,0,0,66,1,Yes,Yes,Yes,Yes,Yes,Yes,No,1,104.55,6779.05,0,102.7128787878788,1,0,1,0,0,0,0,0,0,0,0,1
5204-HMGYF,1,0,1,1,49,1,No,Yes,Yes,Yes,Yes,Yes,Yes,1,87.2,4345.0,0,88.6734693877551,1,0,0,0,0,0,1,0,0,0,1,0
1078-TDCRN,1,1,1,0,3,0,No phone service,No,Yes,No,No,No,No,1,30.75,82.85,0,27.616666666666664,0,0,0,0,0,1,0,0,0,0,0,0
3727-OVPRY,0,0,1,1,66,1,Yes,No internet service,No internet service,No internet service,No internet service,No internet service,No internet service,1,25.7,1714.55,0,25.9780303030303,1,0,0,1,1,0,0,0,0,0,0,1
3797-FKOGQ,0,0,0,1,11,1,Yes,No,No,No,No,No,Yes,0,86.2,893.2,0,81.2,0,0,1,0,0,1,0,0,0,0,0,0
7622-NXQZR,0,0,0,0,28,0,No phone service,No,No,No,Yes,No,No,1,30.1,810.85,0,28.958928571428572,0,0,0,0,1,0,0,0,1,0,0,0
6196-HBOBZ,0,0,1,0,65,1,Yes,Yes,Yes,Yes,No,Yes,No,1,99.35,6347.55,0,97.65461538461538,0,1,1,0,0,1,0,0,0,0,0,1
3970-XGJDU,1,0,0,0,62,1,No,No internet service,No internet service,No internet service,No internet service,No internet service,No internet service,1,19.2,1123.65,0,18.123387096774195,0,1,0,1,1,0,0,0,0,0,0,1
7017-VFULY,1,0,1,0,2,1,No,No internet service,No internet service,No internet service,No internet service,No internet service,No internet service,0,20.1,43.15,0,21.575,0,0,0,1,0,0,0,0,0,0,0,0
5562-YJQGT,1,0,0,0,2,1,No,No internet service,No internet service,No internet service,No internet service,No internet service,No internet service,0,20.35,35.1,0,17.55,0,0,0,1,1,0,0,0,0,0,0,0
8807-OPMBM,1,0,1,1,55,1,Yes,No internet service,No internet service,No internet service,No internet service,No internet service,No internet service,1,25.65,1388.0,0,25.236363636363638,0,1,0,1,1,0,0,0,0,0,1,0
5439-WIKXB,0,1,1,0,41,1,No,No,Yes,No,No,Yes,Yes,1,94.55,3851.45,0,93.93780487804878,0,0,1,0,0,1,0,0,0,1,0,0
9874-QLCLH,1,0,1,1,17,1,Yes,Yes,No,Yes,No,Yes,Yes,1,104.2,1743.5,1,102.55882352941177,0,0,1,0,0,1,0,1,0,0,0,0
8294-UIMBA,1,0,0,0,30,1,No,No,No,No,Yes,Yes,Yes,1,94.4,2638.1,0,87.93666666666667,1,0,1,0,0,0,0,0,1,0,0,0
8109-YUOHE,0,0,0,0,17,1,No,Yes,Yes,No,No,No,No,0,56.1,946.95,0,55.70294117647059,1,0,0,0,0,0,1,1,0,0,0,0
5840-NVDCG,1,0,1,1,16,1,No,Yes,Yes,No,Yes,No,Yes,0,68.25,1114.85,0,69.678125,0,1,0,0,0,0,0,1,0,0,0,0
8092-NLTGF,0,0,0,0,72,1,Yes,No internet service,No internet service,No internet service,No internet service,No internet service,No internet service,0,24.75,1777.6,0,24.688888888888886,0,1,0,1,0,0,0,0,0,0,0,1
5928-QLDHB,0,0,0,0,9,1,Yes,No,No,No,No,No,No,1,76.25,684.85,0,76.09444444444445,0,0,1,0,0,1,0,0,0,0,0,0
9840-EFJQB,1,0,0,0,1,1,No,No,Yes,No,No,No,No,0,74.35,74.35,0,74.35,0,0,1,0,0,1,0,0,0,0,0,0
0696-UKTOX,0,0,0,1,23,1,No,No,Yes,No,Yes,No,No,0,54.15,1312.45,0,57.06304347826087,0,0,0,0,0,1,0,1,0,0,0,0
4801-KFYKL,0,0,0,1,8,1,No,No internet service,No internet service,No internet service,No internet service,No internet service,No internet service,0,19.45,159.2,0,19.9,0,0,0,1,0,0,0,0,0,0,0,0
3472-OAOOR,0,0,1,1,19,0,No phone service,Yes,Yes,No,No,No,No,1,34.95,610.2,0,32.11578947368421,0,0,0,0,0,0,1,1,0,0,0,0
6135-OZQVA,1,0,0,0,7,1,Yes,Yes,No,No,No,No,No,1,53.65,404.35,0,57.76428571428572,0,0,0,0,0,1,0,0,0,0,0,0
8062-YBDOE,0,1,0,0,1,1,No,No,No,No,No,No,No,1,69.65,69.65,1,69.65,0,0,1,0,0,1,0,0,0,0,0,0
2252-JHJGE,0,0,0,0,61,1,Yes,Yes,No,Yes,No,Yes,Yes,0,104.0,6363.45,0,104.31885245901638,1,0,1,0,0,1,0,0,0,0,0,1
4188-PCPIG,1,0,1,0,57,1,No,Yes,Yes,No,Yes,Yes,No,1,70.35,4124.65,0,72.36228070175439,0,1,0,0,1,0,0,0,0,0,1,0
6000-APYLU,0,0,0,0,9,1,No,No,No,No,No,No,Yes,1,80.8,713.1,1,79.23333333333333,0,0,1,0,0,1,0,0,0,0,0,0
7105-BENQF,0,0,0,1,15,1,No,Yes,No,Yes,No,No,Yes,0,64.85,950.75,0,63.38333333333333,1,0,0,0,0,0,1,1,0,0,0,0
7721-DVEKZ,1,0,0,0,1,1,No,No internet service,No internet service,No internet service,No internet service,No internet service,No internet service,0,19.65,19.65,0,19.65,0,0,0,1,0,0,1,0,0,0,0,0
3566-VVORZ,1,0,1,0,12,1,No,No,No,No,No,No,No,0,45.9,505.95,0,42.1625,0,0,0,0,0,0,0,0,0,0,0,0
9507-HSMMZ,0,0,0,0,54,1,No,No internet service,No internet service,No internet service,No internet service,No internet service,No internet service,0,20.0,1149.65,0,21.289814814814818,0,1,0,1,0,0,1,0,0,0,1,0
2480-SQIOB,0,0,1,1,4,1,No,No,No,No,No,No,No,0,44.8,169.65,0,42.4125,0,0,0,0,0,1,0,0,0,0,0,0
0947-IDHRQ,1,0,0,0,7,1,No,No,No,No,No,Yes,No,1,80.3,526.7,1,75.24285714285715,0,0,1,0,0,0,1,0,0,0,0,0
7813-TKCVO,1,0,1,0,20,1,No,No internet service,No internet service,No internet service,No internet service,No internet service,No internet service,0,20.35,393.15,0,19.6575,1,0,0,1,0,0,1,1,0,0,0,0
0128-MKWSG,1,0,0,1,26,0,No phone service,Yes,No,No,Yes,No,Yes,0,45.8,1147.0,0,44.11538461538461,0,0,0,0,0,0,1,0,1,0,0,0
3672-YITQD,0,1,1,0,36,1,Yes,No,No,No,No,No,Yes,1,84.1,3021.6,1,83.93333333333334,0,0,1,0,0,1,0,0,1,0,0,0
4350-ZTLPI,1,0,1,0,53,1,Yes,No,Yes,Yes,Yes,Yes,Yes,1,108.95,5718.2,0,107.89056603773585,1,0,1,0,0,0,0,0,0,0,1,0
9048-JVYVF,0,0,0,0,3,1,No,No,No,No,Yes,Yes,Yes,1,69.35,191.35,1,63.78333333333333,0,0,0,0,0,1,0,0,0,0,0,0
0361-HJRDX,1,0,0,0,68,0,No phone service,Yes,Yes,Yes,Yes,Yes,Yes,0,64.35,4539.6,0,66.75882352941177,0,1,0,0,1,0,0,0,0,0,0,1
5727-MYATE,0,0,1,1,72,1,Yes,Yes,Yes,Yes,Yes,Yes,Yes,1,90.8,6397.6,0,88.85555555555555,0,1,0,0,1,0,0,0,0,0,0,1
3823-KYNQY,0,0,0,0,12,1,Yes,No internet service,No internet service,No internet service,No internet service,No internet service,No internet service,0,24.95,280.4,0,23.366666666666664,1,0,0,1,1,0,0,0,0,0,0,0
8988-ECPJR,1,1,1,1,34,1,Yes,No,Yes,No,No,No,No,1,79.6,2718.3,1,79.95,0,0,1,0,0,0,1,0,1,0,0,0
7570-WELNY,1,0,1,0,68,1,Yes,Yes,Yes,No,No,No,No,1,84.7,5711.05,0,83.9860294117647,0,1,1,0,0,0,0,0,0,0,0,1
3021-VLNRJ,1,0,0,1,50,1,No,Yes,No,Yes,Yes,Yes,No,1,70.8,3478.15,0,69.563,1,0,0,0,1,0,0,0,0,0,1,0
3776-EKTKM,1,1,0,0,1,0,No phone service,No,No,No,No,Yes,No,1,36.45,36.45,1,36.45,0,0,0,0,0,1,0,0,0,0,0,0
2080-CAZNM,1,1,0,0,41,1,Yes,No,Yes,Yes,No,Yes,Yes,1,104.4,4133.95,0,100.8280487804878,0,0,1,0,0,1,0,0,0,1,0,0
1028-FFNJK,0,1,1,0,30,1,Yes,No,No,No,Yes,Yes,Yes,1,101.5,2917.65,0,97.25500000000001,0,0,1,0,0,1,0,0,1,0,0,0
6907-FLBER,0,0,0,0,1,1,Yes,No,Yes,No,No,No,No,0,54.3,54.3,0,54.3,0,0,0,0,0,1,0,0,0,0,0,0
3001-UNBTL,0,1,1,1,29,1,Yes,No,No,Yes,No,Yes,Yes,1,103.95,2964.8,0,102.2344827586207,0,0,1,0,0,1,0,0,1,0,0,0
5982-PSMKW,1,0,1,1,23,1,Yes,Yes,Yes,Yes,Yes,Yes,Yes,1,91.1,2198.3,0,95.57826086956523,0,1,0,0,1,0,0,1,0,0,0,0
3507-GASNP,0,0,0,1,60,1,No,No internet service,No internet service,No internet service,No internet service,No internet service,No internet service,0,19.95,1189.9,0,19.831666666666667,0,1,0,1,0,0,1,0,0,0,1,0
7096-ZNBZI,1,0,1,0,72,1,Yes,No internet service,No internet service,No internet service,No internet service,No internet service,No internet service,0,26.45,1914.5,0,26.59027777777778,0,1,0,1,1,0,0,0,0,0,0,1
1902-XBTFB,0,0,0,1,22,1,No,No,Yes,Yes,No,Yes,No,1,89.4,2001.5,1,90.97727272727273,0,0,1,0,0,1,0,1,0,0,0,0
1676-MQAOA,0,0,0,0,72,1,No,Yes,Yes,Yes,Yes,Yes,No,1,75.1,5336.35,0,74.11597222222223,0,1,0,0,0,0,0,0,0,0,0,1
0786-IVLAW,1,1,0,0,66,1,Yes,No,Yes,Yes,No,Yes,Yes,0,108.1,7238.6,0,109.67575757575759,1,0,1,0,0,0,0,0,0,0,0,1
7566-DSRLQ,1,0,1,0,72,1,Yes,No,Yes,Yes,Yes,Yes,Yes,1,110.15,7998.8,0,111.09444444444445,0,1,1,0,0,1,0,0,0,0,0,1
0643-OKLRP,1,1,1,0,47,1,Yes,Yes,No,No,No,No,No,0,80.35,3825.85,1,81.40106382978723,0,0,1,0,0,1,0,0,0,1,0,0
7245-JMTTQ,1,0,0,0,51,1,Yes,No,Yes,Yes,Yes,Yes,Yes,1,111.5,5703.25,0,111.82843137254902,1,0,1,0,0,1,0,0,0,0,1,0
6050-IJRHS,1,0,1,1,70,1,Yes,No,Yes,Yes,No,Yes,Yes,1,106.5,7397.0,0,105.67142857142858,1,0,1,0,0,1,0,0,0,0,0,1
6202-JVYEU,0,0,0,0,9,1,No,No internet service,No internet service,No internet service,No internet service,No internet service,No internet service,1,19.9,164.6,0,18.288888888888888,1,0,0,1,0,1,0,0,0,0,0,0
8591-TKMZH,0,0,1,1,59,1,Yes,Yes,Yes,No,Yes,Yes,Yes,1,111.1,6555.2,0,111.10508474576271,0,1,1,0,0,0,1,0,0,0,1,0
0734-OXWBT,0,0,0,1,3,1,No,No,No,No,Yes,Yes,Yes,0,70.7,225.65,0,75.21666666666667,0,0,0,0,0,0,1,0,0,0,0,0
4282-ACRXS,0,1,1,0,38,0,No phone service,No,No,No,No,No,No,1,24.85,955.75,0,25.151315789473685,0,0,0,0,0,1,0,0,0,1,0,0
0365-TRTPY,1,0,0,0,37,1,Yes,Yes,Yes,Yes,No,No,No,0,91.2,3382.3,0,91.41351351351352,0,0,1,0,0,0,0,0,0,1,0,0
7349-ALMUX,0,0,0,0,37,1,No,Yes,Yes,Yes,Yes,No,No,0,65.6,2313.8,0,62.53513513513514,0,1,0,0,0,0,0,0,0,1,0,0
9381-NDKME,1,1,1,0,24,0,No phone service,No,No,Yes,No,No,Yes,1,40.65,933.3,1,38.887499999999996,0,0,0,0,1,0,0,1,0,0,0,0
6502-KUGLL,1,0,1,1,14,1,No,Yes,Yes,No,Yes,No,No,0,59.45,780.85,0,55.775,0,0,0,0,0,0,0,1,0,0,0,0
1841-YSJGV,0,0,1,0,72,1,Yes,Yes,Yes,No,Yes,Yes,Yes,1,109.95,7852.4,0,109.0611111111111,0,1,1,0,1,0,0,0,0,0,0,1
2794-XIMMO,0,0,1,0,53,0,No phone service,No,Yes,Yes,Yes,Yes,Yes,1,60.45,3184.25,1,60.08018867924528,1,0,0,0,0,1,0,0,0,0,1,0
8382-SHQEH,1,0,1,0,8,1,Yes,No,No,No,No,No,Yes,1,84.9,764.95,1,95.61875,0,0,1,0,0,1,0,0,0,0,0,0
3511-BFTJW,0,0,1,1,72,0,No phone service,Yes,Yes,Yes,No,No,No,0,38.5,2763.0,0,38.375,0,1,0,0,1,0,0,0,0,0,0,1
7668-XCFYV,1,1,1,0,17,1,Yes,No,No,No,No,Yes,Yes,1,92.55,1614.7,0,94.98235294117647,0,0,1,0,0,1,0,1,0,0,0,0
2983-ZANRP,1,0,1,1,2,1,No,No,Yes,No,No,No,No,1,73.55,145.4,1,72.7,0,0,1,0,0,0,0,0,0,0,0,0
7845-URHJN,1,0,1,0,8,1,No,No internet service,No internet service,No internet service,No internet service,No internet service,No internet service,0,20.15,156.25,1,19.53125,0,0,0,1,0,0,0,0,0,0,0,0
3034-ZBEQN,1,0,1,0,48,0,No phone service,No,Yes,Yes,No,No,No,0,34.7,1604.5,1,33.427083333333336,1,0,0,0,0,0,1,0,0,1,0,0
5018-HEKFO,1,0,0,0,10,1,Yes,No internet service,No internet service,No internet service,No internet service,No internet service,No internet service,1,24.5,270.15,0,27.014999999999997,0,0,0,1,0,0,1,0,0,0,0,0
3976-NLDEZ,0,0,0,0,1,1,No,No internet service,No internet service,No internet service,No internet service,No internet service,No internet service,0,20.6,20.6,0,20.6,0,0,0,1,0,0,1,0,0,0,0,0
2282-YGNOR,1,0,0,0,29,1,No,Yes,No,Yes,Yes,No,No,0,58.0,1734.5,0,59.810344827586206,1,0,0,0,1,0,0,0,1,0,0,0
5336-UFNZP,1,1,1,1,65,1,Yes,No,Yes,Yes,No,Yes,Yes,1,107.45,7047.5,0,108.42307692307692,1,0,1,0,0,1,0,0,0,0,0,1
6854-EXGSF,1,0,0,0,8,1,Yes,Yes,Yes,Yes,No,No,No,1,65.5,573.15,0,71.64375,0,0,0,0,0,0,0,0,0,0,0,0
1241-EZFMJ,0,0,1,0,61,1,Yes,No internet service,No internet service,No internet service,No internet service,No internet service,No internet service,0,25.45,1538.6,0,25.22295081967213,0,1,0,1,0,0,0,0,0,0,0,1
9233-PSYHO,1,1,0,0,45,1,Yes,No,No,Yes,No,Yes,Yes,1,100.15,4459.8,0,99.10666666666667,1,0,1,0,0,0,0,0,0,1,0,0
5376-PCKNB,0,0,1,1,72,1,Yes,No,Yes,Yes,No,Yes,Yes,1,104.45,7459.0,0,103.59722222222223,1,0,1,0,1,0,0,0,0,0,0,1
8044-BGWPI,0,0,1,1,12,1,No,No internet service,No internet service,No internet service,No internet service,No internet service,No internet service,1,21.15,306.05,0,25.504166666666666,0,0,0,1,0,1,0,0,0,0,0,0
4060-LDNLU,0,0,0,0,7,1,Yes,No,No,No,No,Yes,Yes,0,96.2,639.7,0,91.38571428571429,0,0,1,0,0,1,0,0,0,0,0,0
3589-PPVKW,0,0,0,0,9,1,No,No,No,No,No,No,No,1,44.4,348.15,0,38.68333333333333,0,0,0,0,0,0,1,0,0,0,0,0
8327-LZKAS,1,1,1,0,43,1,Yes,No,No,Yes,Yes,Yes,Yes,1,107.55,4533.9,1,105.43953488372092,1,0,1,0,0,1,0,0,0,1,0,0
5887-IKKYO,0,0,1,1,58,1,Yes,No,No,Yes,Yes,No,Yes,0,94.35,5563.65,0,95.925,0,1,1,0,0,0,0,0,0,0,1,0
1075-BGWOH,0,1,1,0,16,1,Yes,No,No,Yes,No,Yes,Yes,1,98.75,1587.55,1,99.221875,0,0,1,0,0,1,0,1,0,0,0,0
1755-RMCXH,0,0,1,1,2,1,No,No internet service,No internet service,No internet service,No internet service,No internet service,No internet service,0,20.3,40.25,0,20.125,0,0,0,1,0,0,1,0,0,0,0,0
0302-JOIVN,1,0,1,0,8,1,No,No,Yes,Yes,No,Yes,Yes,0,101.15,842.9,1,105.3625,0,0,1,0,0,1,0,0,0,0,0,0
3858-XHYJO,1,0,1,0,40,1,Yes,Yes,No,Yes,No,Yes,Yes,0,105.75,4228.55,0,105.71375,1,0,1,0,0,0,0,0,0,1,0,0
4299-SIMNS,0,0,0,0,9,1,Yes,Yes,No,No,No,No,No,1,81.15,784.45,0,87.16111111111111,0,0,1,0,0,1,0,0,0,0,0,0
7025-IWFHT,0,0,0,0,41,1,No,No,Yes,No,Yes,Yes,No,1,89.55,3729.75,0,90.96951219512195,1,0,1,0,0,1,0,0,0,1,0,0
6261-LHRTG,1,0,0,0,26,1,No,No,Yes,Yes,No,No,No,1,54.75,1406.9,0,54.111538461538466,0,0,0,0,1,0,0,0,1,0,0,0
7841-FCRQD,1,0,1,0,33,1,No,No,Yes,No,Yes,No,No,1,53.75,1857.3,0,56.28181818181818,1,0,0,0,1,0,0,0,1,0,0,0
2056-EVGZL,0,0,1,1,68,1,No,No,Yes,Yes,Yes,Yes,Yes,0,105.75,7322.5,0,107.68382352941177,1,0,1,0,1,0,0,0,0,0,0,1
8777-MBMTS,1,1,1,0,65,1,No,No,Yes,Yes,Yes,Yes,Yes,1,105.85,6725.5,0,103.46923076923076,0,1,1,0,1,0,0,0,0,0,0,1
7753-USQYQ,0,0,0,0,55,1,No,No,Yes,No,Yes,No,Yes,1,64.2,3627.3,0,65.9509090909091,1,0,0,0,0,1,0,0,0,0,1,0
5366-IJEQJ,0,0,0,0,20,1,Yes,No,No,Yes,No,Yes,No,1,88.7,1761.45,1,88.0725,0,0,1,0,0,1,0,1,0,0,0,0
7661-CPURM,0,0,0,0,19,1,No,No,No,No,Yes,No,Yes,1,87.7,1725.95,0,90.83947368421053,1,0,1,0,1,0,0,1,0,0,0,0
6233-HXJMX,1,0,0,0,45,1,Yes,No,No,Yes,No,No,Yes,1,89.3,4192.15,0,93.15888888888888,0,0,1,0,1,0,0,0,0,1,0,0
5902-WBLSE,1,0,1,1,70,1,No,No internet service,No internet service,No internet service,No internet service,No internet service,No internet service,1,20.15,1411.2,0,20.16,0,1,0,1,1,0,0,0,0,0,0,1
1981-INRFU,1,0,0,0,2,1,No,No,No,No,No,Yes,No,1,79.75,164.5,1,82.25,0,0,1,0,0,1,0,0,0,0,0,0
4971-PUYQO,1,0,0,0,27,1,Yes,No,No,No,No,Yes,Yes,1,94.55,2724.6,1,100.91111111111111,0,0,1,0,0,0,1,0,1,0,0,0
3239-TPHPZ,1,0,1,0,12,1,No,No internet service,No internet service,No internet service,No internet service,No internet service,No internet service,1,20.05,264.55,0,22.045833333333334,0,1,0,1,0,1,0,0,0,0,0,0
5115-GZDEL,0,0,0,1,72,0,No phone service,Yes,Yes,Yes,Yes,Yes,Yes,0,67.2,4671.7,0,64.88472222222222,0,1,0,0,1,0,0,0,0,0,0,1
3338-CVVEH,0,0,0,0,12,1,Yes,No,No,No,No,Yes,Yes,0,94.55,1173.55,0,97.79583333333333,0,0,1,0,0,1,0,0,0,0,0,0
8485-GJCDN,1,1,0,0,5,1,No,No,No,No,No,No,No,1,69.05,318.5,1,63.7,0,0,1,0,0,0,1,0,0,0,0,0
2615-YVMYX,0,1,1,0,71,1,Yes,Yes,Yes,Yes,No,Yes,Yes,1,107.5,7713.55,0,108.64154929577465,0,0,1,0,0,1,0,0,0,0,0,1
2851-STERV,0,1,0,0,35,1,No,No,No,Yes,Yes,Yes,Yes,1,73.0,2471.25,0,70.60714285714286,1,0,0,0,0,1,0,0,1,0,0,0
4393-GEADV,0,0,1,1,70,1,Yes,Yes,Yes,Yes,Yes,Yes,Yes,0,114.75,7842.3,0,112.03285714285714,0,1,1,0,1,0,0,0,0,0,0,1
8486-AYEQH,1,0,0,0,31,1,Yes,No,No,No,No,No,No,1,76.05,2227.8,0,71.86451612903227,0,0,1,0,0,1,0,0,1,0,0,0
1527-SXDPN,0,0,1,1,52,1,Yes,No,No,Yes,Yes,No,Yes,1,96.25,4990.25,1,95.96634615384616,0,1,1,0,0,0,0,0,0,0,1,0
6029-WTIPC,0,1,0,0,37,1,Yes,No,No,Yes,No,Yes,Yes,1,101.1,3744.05,1,101.19054054054054,0,0,1,0,0,1,0,0,0,1,0,0
8634-CILSZ,0,0,0,0,69,1,Yes,No,Yes,No,Yes,Yes,Yes,1,104.7,7220.35,1,104.64275362318841,1,0,1,0,0,0,0,0,0,0,0,1
5419-JKZNQ,0,1,1,0,30,1,Yes,No,No,No,No,No,No,0,77.9,2351.45,0,78.38166666666666,0,0,1,0,0,0,1,0,1,0,0,0
2495-KZNFB,1,0,0,0,33,1,Yes,Yes,No,No,No,No,Yes,1,90.65,2989.6,0,90.5939393939394,0,0,1,0,0,1,0,0,1,0,0,0
1409-PHXTF,0,1,1,0,54,1,Yes,No,Yes,Yes,Yes,Yes,Yes,1,110.45,6077.75,0,112.55092592592592,0,1,1,0,0,1,0,0,0,0,1,0
4560-WQAQW,1,0,0,0,59,1,Yes,Yes,No,No,Yes,No,Yes,0,68.7,4070.95,0,68.99915254237288,1,0,0,0,0,0,0,0,0,0,1,0
9591-YVTEB,0,1,0,0,55,0,No phone service,Yes,Yes,No,No,Yes,No,1,44.85,2479.05,0,45.07363636363637,0,0,0,0,0,1,0,0,0,0,1,0
9309-BZGNT,0,1,1,0,69,0,No phone service,No,No,Yes,No,No,No,1,29.8,2134.3,0,30.93188405797102,1,0,0,0,1,0,0,0,0,0,0,1
4274-DRSQT,1,0,0,0,66,1,Yes,No,Yes,No,No,Yes,No,1,88.9,6000.1,0,90.91060606060607,1,0,1,0,0,0,0,0,0,0,0,1
2027-DNKIV,0,0,1,1,37,1,No,Yes,No,Yes,Yes,No,No,1,58.75,2203.1,0,59.54324324324324,1,0,0,0,0,0,1,0,0,1,0,0
8075-GXIUB,0,1,1,0,9,1,No,No internet service,No internet service,No internet service,No internet service,No internet service,No internet service,0,19.85,183.15,0,20.35,1,0,0,1,1,0,0,0,0,0,0,0
2885-HIJDH,0,0,1,1,69,1,Yes,Yes,No,Yes,Yes,Yes,Yes,0,86.9,6194.1,0,89.7695652173913,0,1,0,0,0,0,0,0,0,0,0,1
5424-RLQLC,0,0,0,0,10,1,No,No,Yes,No,No,Yes,No,1,59.65,638.95,0,63.895,0,0,0,0,0,0,1,0,0,0,0,0
6682-QJDGB,0,0,0,1,40,1,No,Yes,Yes,No,No,No,No,1,55.25,2139.2,1,53.48,0,0,0,0,0,0,1,0,0,1,0,0
6507-DTJZV,0,0,0,1,13,1,No,No,No,No,No,Yes,Yes,0,66.4,831.75,0,63.98076923076923,0,0,0,0,1,0,0,1,0,0,0,0
8780-IXSTS,1,0,0,0,6,1,Yes,No,Yes,No,No,Yes,No,1,90.1,521.3,1,86.88333333333333,0,0,1,0,0,1,0,0,0,0,0,0
7673-BQGKU,1,0,1,1,69,1,No,No internet service,No internet service,No internet service,No internet service,No internet service,No internet service,0,20.15,1337.5,0,19.384057971014492,0,1,0,1,0,0,0,0,0,0,0,1
6723-WSNTY,1,1,1,0,66,1,Yes,No,Yes,Yes,Yes,Yes,Yes,1,108.1,7181.95,0,108.81742424242424,1,0,1,0,1,0,0,0,0,0,0,1
9530-EHPOH,0,0,0,0,11,1,Yes,No,No,Yes,No,No,No,0,53.75,608.0,1,55.27272727272727,0,0,0,0,0,1,0,0,0,0,0,0
2725-IWWBA,0,0,1,1,46,1,No,Yes,No,Yes,Yes,No,No,0,56.9,2560.1,0,55.654347826086955,1,0,0,0,0,0,1,0,0,1,0,0
0345-HKJVM,1,0,0,0,6,1,No,No,No,No,No,Yes,Yes,0,89.3,577.6,1,96.26666666666667,0,0,1,0,0,1,0,0,0,0,0,0
1061-PNTHC,1,0,1,1,56,1,Yes,Yes,No,Yes,Yes,Yes,Yes,1,109.6,5953.0,0,106.30357142857143,0,0,1,0,0,0,1,0,0,0,1,0
0394-YONDK,0,0,1,1,70,1,Yes,No internet service,No internet service,No internet service,No internet service,No internet service,No internet service,0,25.15,1790.15,0,25.57357142857143,0,1,0,1,1,0,0,0,0,0,0,1
6574-MCOEH,1,0,1,1,33,1,Yes,No,No,Yes,Yes,Yes,Yes,1,79.15,2531.4,0,76.70909090909092,1,0,0,0,0,1,0,0,1,0,0,0
7399-QHBJS,1,0,1,1,72,1,Yes,Yes,Yes,No,Yes,No,No,0,66.75,4760.3,0,66.11527777777778,0,1,0,0,1,0,0,0,0,0,0,1
3049-SOLAY,1,0,1,0,3,1,Yes,No,No,No,No,Yes,Yes,1,95.2,292.85,1,97.61666666666667,0,0,1,0,0,1,0,0,0,0,0,0
0997-YTLNY,1,0,0,1,19,1,No,No,No,No,Yes,No,No,0,48.8,953.65,0,50.19210526315789,0,0,0,0,0,0,1,1,0,0,0,0
3317-HRTNN,1,1,0,0,5,0,No phone service,No,No,No,No,Yes,Yes,0,45.7,198.0,1,39.6,0,0,0,0,0,1,0,0,0,0,0,0
9479-HYNYL,1,0,1,0,71,1,No,No,Yes,Yes,Yes,Yes,Yes,1,80.7,5705.05,0,80.35281690140846,0,1,0,0,1,0,0,0,0,0,0,1
3235-ETOOB,0,0,1,0,8,1,No,Yes,No,No,No,No,No,1,74.5,609.9,1,76.2375,0,0,1,0,0,1,0,0,0,0,0,0
9708-KFDBY,0,0,0,0,1,1,No,No internet service,No internet service,No internet service,No internet service,No internet service,No internet service,0,20.55,20.55,0,20.55,0,0,0,1,1,0,0,0,0,0,0,0
8058-INTPH,1,0,0,0,1,1,No,No,No,No,No,Yes,No,1,79.65,79.65,1,79.65,0,0,1,0,0,1,0,0,0,0,0,0
3642-GKTCT,1,0,0,0,61,1,Yes,Yes,Yes,Yes,Yes,Yes,Yes,1,115.1,6993.65,0,114.64999999999999,1,0,1,0,0,0,1,0,0,0,0,1
0774-RMNUW,1,0,1,1,71,0,No phone service,Yes,Yes,No,Yes,Yes,Yes,0,59.7,4122.65,0,58.06549295774647,0,1,0,0,0,0,0,0,0,0,0,1
1334-PDUKM,1,0,1,0,68,1,Yes,No,Yes,Yes,No,No,No,0,86.45,5762.95,0,84.74926470588235,1,0,1,0,1,0,0,0,0,0,0,1
0756-MPZRL,0,0,0,0,46,0,No phone service,No,No,Yes,Yes,No,No,0,33.7,1537.85,0,33.43152173913043,1,0,0,0,1,0,0,0,0,1,0,0
2242-MFOTG,0,0,0,0,33,1,Yes,Yes,No,No,No,No,No,0,80.1,2603.3,0,78.88787878787879,1,0,1,0,0,0,0,0,1,0,0,0
2927-CVULT,1,0,1,1,53,1,Yes,Yes,Yes,Yes,Yes,No,Yes,1,104.05,5566.4,0,105.02641509433961,0,1,1,0,0,0,0,0,0,0,1,0
2144-BFDSO,1,1,1,0,50,1,Yes,Yes,Yes,Yes,No,Yes,Yes,0,108.75,5431.9,0,108.63799999999999,0,0,1,0,0,0,0,0,0,0,1,0
8745-PVESG,1,0,0,0,57,0,No phone service,Yes,No,Yes,Yes,No,No,1,41.1,2258.25,0,39.61842105263158,1,0,0,0,1,0,0,0,0,0,1,0
7647-GYYKX,1,0,1,1,54,1,No,No internet service,No internet service,No internet service,No internet service,No internet service,No internet service,1,20.35,1092.35,0,20.2287037037037,0,1,0,1,0,0,0,0,0,0,1,0
5647-FXOTP,1,1,1,0,60,1,Yes,No,Yes,Yes,No,Yes,Yes,1,105.9,6401.25,0,106.6875,0,0,1,0,0,1,0,0,0,0,1,0
5569-OUICF,1,1,1,0,28,1,Yes,No,No,No,Yes,Yes,Yes,1,101.3,2812.2,1,100.43571428571428,0,0,1,0,1,0,0,0,1,0,0,0
8821-XNHVZ,1,0,1,1,1,1,No,No,No,No,No,Yes,No,1,80.05,80.05,1,80.05,0,0,1,0,0,0,1,0,0,0,0,0
2082-OJVTK,0,0,1,1,29,1,Yes,No,No,Yes,No,No,Yes,1,89.2,2698.35,1,93.04655172413793,0,0,1,0,0,1,0,0,1,0,0,0
9700-ISPUP,1,0,1,1,10,1,No,No,Yes,No,Yes,No,Yes,1,65.5,616.9,0,61.69,0,0,0,0,0,1,0,0,0,0,0,0
9839-ETQOE,0,0,0,1,43,0,No phone service,Yes,Yes,Yes,No,No,No,1,40.45,1912.85,0,44.48488372093023,0,0,0,0,0,1,0,0,0,1,0,0
6078-VESFR,0,1,1,0,13,1,No,No,No,No,No,No,No,0,70.45,849.1,0,65.31538461538462,0,0,1,0,0,0,0,1,0,0,0,0
9027-TMATR,1,0,1,0,43,1,No,Yes,No,Yes,Yes,Yes,Yes,1,78.8,3460.3,0,80.47209302325582,0,1,0,0,0,1,0,0,0,1,0,0
5940-NFXKV,0,0,1,1,19,1,Yes,No,No,No,No,No,Yes,1,83.65,1465.75,1,77.14473684210526,0,0,1,0,0,1,0,1,0,0,0,0
1941-HOSAM,0,0,1,1,1,1,No,No,No,No,No,Yes,Yes,1,90.1,90.1,0,90.1,0,0,1,0,0,1,0,0,0,0,0,0
9110-HSGTV,1,0,0,0,69,1,No,Yes,No,Yes,Yes,Yes,Yes,1,82.45,5555.3,0,80.51159420289855,0,1,0,0,1,0,0,0,0,0,0,1
0704-VCUMB,1,0,1,0,61,1,No,No internet service,No internet service,No internet service,No internet service,No internet service,No internet service,0,20.25,1278.8,0,20.963934426229507,0,1,0,1,1,0,0,0,0,0,0,1
6171-ZTVYB,0,0,1,0,43,1,Yes,Yes,Yes,No,Yes,No,No,0,66.25,2907.35,0,67.61279069767441,0,0,0,0,0,0,0,0,0,1,0,0
8053-WWDRO,1,0,1,0,6,1,No,No internet service,No internet service,No internet service,No internet service,No internet service,No internet service,0,19.5,146.3,1,24.383333333333336,0,0,0,1,0,0,0,0,0,0,0,0
9564-KCLHR,0,0,0,0,1,1,No,No,No,No,Yes,No,No,0,51.25,51.25,1,51.25,0,0,0,0,0,0,1,0,0,0,0,0
1935-IMVBB,0,0,1,0,56,1,No,No,No,No,No,Yes,Yes,0,89.7,4952.95,0,88.44553571428571,0,0,1,0,0,0,1,0,0,0,1,0
2535-PBCGC,1,0,1,0,70,0,No phone service,Yes,Yes,Yes,Yes,Yes,Yes,0,64.55,4504.9,0,64.35571428571428,0,1,0,0,0,0,0,0,0,0,0,1
2082-CEFLT,0,0,0,0,1,1,No,No,No,No,No,No,No,1,45.6,45.6,1,45.6,0,0,0,0,0,1,0,0,0,0,0,0
1470-PSXNM,0,0,1,1,49,1,Yes,No,Yes,Yes,No,Yes,No,1,93.65,4520.15,0,92.24795918367346,1,0,1,0,0,1,0,0,0,0,1,0
1213-NGCUN,1,0,0,0,6,1,No,No,No,No,Yes,No,No,1,49.65,267.35,1,44.55833333333334,0,0,0,0,0,0,0,0,0,0,0,0
2498-XLDZR,1,0,1,1,32,1,No,Yes,Yes,Yes,Yes,No,Yes,0,73.6,2316.85,0,72.4015625,0,1,0,0,0,0,1,0,1,0,0,0
9866-OCCKE,1,1,1,0,72,1,Yes,Yes,No,Yes,Yes,Yes,Yes,1,109.75,8075.35,0,112.1576388888889,0,1,1,0,0,0,1,0,0,0,0,1
5338-YHWYT,0,0,0,1,37,1,No,Yes,Yes,No,Yes,No,No,0,61.45,2302.35,0,62.225675675675674,0,1,0,0,1,0,0,0,0,1,0,0
7718-UPSKJ,1,0,1,0,69,1,No,Yes,Yes,No,Yes,Yes,Yes,1,106.4,7251.9,0,105.1,1,0,1,0,1,0,0,0,0,0,0,1
8731-WBBMB,1,0,1,0,26,1,No,No,Yes,Yes,Yes,Yes,Yes,0,81.9,2078.55,0,79.94423076923077,0,0,0,0,0,0,0,0,1,0,0,0
1448-CYWKC,1,0,1,1,58,1,Yes,No,Yes,Yes,No,Yes,Yes,1,105.2,6225.4,0,107.33448275862068,1,0,1,0,1,0,0,0,0,0,1,0
7901-IIDQV,0,0,0,0,24,1,Yes,No,No,No,Yes,No,No,0,54.6,1242.25,0,51.760416666666664,1,0,0,0,0,0,0,1,0,0,0,0
2690-DVRVK,0,0,1,1,5,1,No,No internet service,No internet service,No internet service,No internet service,No internet service,No internet service,0,20.55,99.45,0,19.89,1,0,0,1,0,1,0,0,0,0,0,0
5688-KZTSN,0,0,1,1,15,1,No,No internet service,No internet service,No internet service,No internet service,No internet service,No internet service,1,20.0,288.05,1,19.203333333333333,0,0,0,1,0,1,0,1,0,0,0,0
1270-XKUCC,1,0,1,1,30,1,No,No internet service,No internet service,No internet service,No internet service,No internet service,No internet service,0,19.7,599.25,0,19.975,0,1,0,1,0,0,1,0,1,0,0,0
0334-ZFJSR,1,0,1,0,55,1,Yes,Yes,Yes,No,Yes,No,No,1,66.05,3462.1,0,62.947272727272725,1,0,0,0,1,0,0,0,0,0,1,0
2894-QOJRX,1,0,1,0,25,0,No phone service,No,No,No,No,Yes,No,1,34.0,853.0,1,34.12,0,0,0,0,0,0,0,0,1,0,0,0
5747-PMBSQ,0,1,1,0,10,1,No,No,Yes,Yes,Yes,Yes,No,1,92.5,934.1,1,93.41,0,0,1,0,0,0,1,0,0,0,0,0
5583-EJXRD,0,0,1,1,44,0,No phone service,Yes,Yes,Yes,Yes,No,Yes,1,54.05,2375.2,0,53.98181818181818,0,1,0,0,1,0,0,0,0,1,0,0
4565-EVZMJ,1,0,0,0,47,1,No,Yes,Yes,No,Yes,No,No,1,58.9,2813.05,0,59.85212765957447,1,0,0,0,0,0,1,0,0,1,0,0
3143-JQEGI,1,0,1,1,13,1,No,No,No,No,No,Yes,Yes,0,88.35,1222.8,1,94.06153846153846,0,0,1,0,0,1,0,1,0,0,0,0
6386-SZZKH,1,0,1,1,49,1,Yes,No,Yes,Yes,Yes,Yes,Yes,1,107.95,5293.2,1,108.02448979591837,0,1,1,0,0,0,0,0,0,0,1,0
3327-YBAKM,1,0,1,0,64,1,No,Yes,No,No,Yes,Yes,Yes,1,96.9,6314.35,0,98.66171875,1,0,1,0,0,0,1,0,0,0,0,1
9441-QHEVC,0,0,0,0,1,1,No,No internet service,No internet service,No internet service,No internet service,No internet service,No internet service,0,19.1,19.1,0,19.1,0,0,0,1,0,0,1,0,0,0,0,0
6705-LNMDD,0,0,0,0,20,1,No,No,No,No,Yes,No,No,0,50.0,1003.05,0,50.152499999999996,0,0,0,0,0,0,1,1,0,0,0,0
2580-ASVVY,1,0,1,0,37,0,No phone service,Yes,No,No,Yes,Yes,No,0,45.4,1593.1,0,43.056756756756755,0,1,0,0,0,1,0,0,0,1,0,0
3370-GQEAL,0,0,1,1,30,1,Yes,No,No,No,No,Yes,No,0,85.45,2509.95,0,83.66499999999999,0,0,1,0,0,1,0,0,1,0,0,0
5032-USPKF,1,0,0,0,38,1,Yes,Yes,Yes,Yes,No,Yes,Yes,0,84.1,3187.65,0,83.88552631578948,1,0,0,0,0,0,0,0,0,1,0,0
2982-IHMFT,1,1,0,0,1,1,Yes,No,No,No,No,No,No,1,74.45,74.45,1,74.45,0,0,1,0,0,0,1,0,0,0,0,0
3521-SYVOR,1,0,0,0,37,1,No,No,No,No,No,Yes,Yes,1,64.75,2345.2,1,63.38378378378378,0,0,0,0,0,1,0,0,0,1,0,0
4254-QPEDE,1,0,1,0,52,0,No phone service,Yes,Yes,Yes,Yes,Yes,Yes,0,66.25,3330.1,0,64.04038461538461,0,1,0,0,1,0,0,0,0,0,1,0
6283-GITPX,0,0,0,1,71,1,No,Yes,Yes,Yes,Yes,Yes,No,1,76.9,5522.7,0,77.78450704225352,0,1,0,0,1,0,0,0,0,0,0,1
9526-JAWYF,0,0,0,0,26,1,No,No,Yes,Yes,No,Yes,No,0,89.8,2335.3,1,89.81923076923077,0,0,1,0,0,1,0,0,1,0,0,0
0771-CHWSK,0,0,0,0,66,1,Yes,Yes,Yes,Yes,No,No,Yes,1,74.6,4798.4,0,72.7030303030303,0,1,0,0,1,0,0,0,0,0,0,1
9788-HNGUT,0,0,1,0,72,1,Yes,Yes,Yes,Yes,Yes,Yes,Yes,1,116.95,8594.4,0,119.36666666666666,0,1,1,0,1,0,0,0,0,0,0,1
9495-REDIY,0,0,0,1,25,0,No phone service,Yes,No,No,No,Yes,No,1,40.65,970.55,0,38.821999999999996,1,0,0,0,1,0,0,0,1,0,0,0
5375-XLDOF,0,0,1,1,69,1,Yes,Yes,Yes,Yes,Yes,Yes,Yes,1,114.35,7665.8,0,111.09855072463769,0,1,1,0,0,0,0,0,0,0,0,1
1172-VIYBP,0,0,1,1,53,1,Yes,Yes,Yes,No,No,No,Yes,0,69.7,3686.05,0,69.54811320754717,0,1,0,0,0,0,0,0,0,0,1,0
5649-VUKMC,1,0,0,0,12,1,No,No,No,Yes,No,Yes,Yes,0,95.5,1115.15,1,92.92916666666667,1,0,1,0,0,0,1,0,0,0,0,0
6559-PDZLR,0,0,0,0,26,1,No,No,No,Yes,Yes,Yes,Yes,1,98.65,2537.0,0,97.57692307692308,0,0,1,0,0,1,0,0,1,0,0,0
8992-OBVDG,0,0,0,0,21,1,No,No,No,Yes,No,No,Yes,0,61.65,1393.6,0,66.36190476190475,0,0,0,0,0,0,1,1,0,0,0,0
4273-MBHYA,1,0,0,1,1,1,No,No,No,No,No,Yes,Yes,1,89.35,89.35,0,89.35,0,0,1,0,0,1,0,0,0,0,0,0
4724-WXVWF,0,0,0,0,48,1,Yes,Yes,No,No,Yes,No,Yes,1,95.4,4445.3,0,92.61041666666667,0,0,1,0,0,1,0,0,0,1,0,0
5701-GUXDC,1,0,1,0,26,0,No phone service,Yes,No,Yes,No,No,No,0,35.4,978.6,0,37.63846153846154,1,0,0,0,1,0,0,0,1,0,0,0
1460-UZPRJ,0,0,1,0,60,1,No,No internet service,No internet service,No internet service,No internet service,No internet service,No internet service,0,19.95,1258.15,0,20.96916666666667,0,1,0,1,0,0,1,0,0,0,1,0
6082-GLJIX,0,0,0,0,18,1,No,No internet service,No internet service,No internet service,No internet service,No internet service,No internet service,0,19.25,331.35,0,18.408333333333335,0,0,0,1,0,0,1,1,0,0,0,0
5143-EGQFK,1,1,0,0,10,0,No phone service,No,No,No,Yes,No,No,1,29.65,291.4,1,29.139999999999997,0,0,0,0,0,1,0,0,0,0,0,0
4919-IKATY,0,0,1,1,5,1,Yes,Yes,No,Yes,No,No,No,1,84.5,453.75,1,90.75,0,0,1,0,0,1,0,0,0,0,0,0
2495-TTHBQ,1,0,0,1,4,1,No,No internet service,No internet service,No internet service,No internet service,No internet service,No internet service,1,20.4,84.75,0,21.1875,1,0,0,1,0,0,1,0,0,0,0,0
0485-ZBSLN,0,0,1,1,65,1,Yes,No internet service,No internet service,No internet service,No internet service,No internet service,No internet service,0,24.75,1715.1,0,26.386153846153846,0,1,0,1,1,0,0,0,0,0,0,1
3810-PJUHR,0,0,1,1,70,1,Yes,No internet service,No internet service,No internet service,No internet service,No internet service,No internet service,0,25.35,1715.15,0,24.502142857142857,0,1,0,1,0,0,1,0,0,0,0,1
9050-QLROH,0,0,0,0,18,1,Yes,No,No,Yes,No,No,Yes,1,90.7,1597.25,1,88.73611111111111,0,0,1,0,1,0,0,1,0,0,0,0
0847-HGRML,0,0,0,1,62,1,No,No internet service,No internet service,No internet service,No internet service,No internet service,No internet service,0,20.0,1250.1,0,20.16290322580645,0,1,0,1,0,0,0,0,0,0,0,1
8232-CTLKO,1,0,1,1,66,1,No,Yes,No,No,No,Yes,No,1,59.75,3996.8,0,60.55757575757576,0,1,0,0,0,1,0,0,0,0,0,1
9227-YBAXE,1,0,1,1,65,1,Yes,Yes,Yes,No,Yes,Yes,Yes,1,82.5,5215.1,0,80.2323076923077,0,1,0,0,0,0,0,0,0,0,0,1
6168-WFVVF,1,1,0,0,3,1,No,No,No,No,No,No,No,1,70.3,235.5,1,78.5,0,0,1,0,0,1,0,0,0,0,0,0
9860-LISIZ,1,0,0,0,34,1,No,No internet service,No internet service,No internet service,No internet service,No internet service,No internet service,0,20.35,673.2,0,19.8,0,0,0,1,0,0,1,0,1,0,0,0
0112-QAWRZ,0,0,1,1,16,1,Yes,No,No,Yes,No,Yes,No,1,90.8,1442.2,0,90.1375,0,0,1,0,0,0,0,1,0,0,0,0
0877-SDMBN,1,0,0,0,54,1,Yes,Yes,No,Yes,No,Yes,Yes,1,103.95,5639.05,1,104.42685185185185,1,0,1,0,0,0,0,0,0,0,1,0
2786-GCDPI,1,1,0,0,50,1,Yes,No,No,Yes,Yes,Yes,Yes,1,104.95,5222.35,0,104.447,0,0,1,0,0,1,0,0,0,0,1,0
4043-MKDTV,0,0,1,0,71,1,No,No,Yes,Yes,Yes,Yes,Yes,1,105.25,7291.75,0,102.70070422535211,0,1,1,0,0,1,0,0,0,0,0,1
8065-YKXKD,1,0,0,0,10,1,Yes,No,No,No,No,No,No,1,74.75,799.65,1,79.965,0,0,1,0,0,1,0,0,0,0,0,0
9637-EIHEQ,1,0,0,0,1,1,No,No,No,No,Yes,No,No,1,50.8,50.8,1,50.8,0,0,0,0,0,1,0,0,0,0,0,0
9229-RQABD,0,0,0,0,18,1,Yes,No internet service,No internet service,No internet service,No internet service,No internet service,No internet service,0,23.75,424.5,0,23.583333333333332,1,0,0,1,0,0,1,1,0,0,0,0
8313-KTIHG,0,0,0,0,4,1,No,No,No,No,Yes,Yes,No,1,61.3,249.4,0,62.35,0,0,0,0,0,1,0,0,0,0,0,0
5320-BRKGK,1,0,1,1,58,1,Yes,Yes,No,Yes,Yes,Yes,No,0,75.8,4415.75,0,76.13362068965517,0,1,0,0,0,0,1,0,0,0,1,0
6284-KMNUF,1,0,1,0,56,1,Yes,Yes,No,No,No,Yes,Yes,1,98.0,5270.6,0,94.11785714285715,1,0,1,0,0,1,0,0,0,0,1,0
9689-PTNPG,0,0,0,0,2,1,No,No,No,No,No,Yes,No,1,80.25,144.55,1,72.275,0,0,1,0,0,1,0,0,0,0,0,0
9465-RWMXL,0,0,1,0,32,1,Yes,No,No,Yes,No,No,No,1,78.9,2447.95,1,76.4984375,0,0,1,0,0,1,0,0,1,0,0,0
6229-UOLQL,0,0,1,1,56,0,No phone service,Yes,Yes,No,Yes,Yes,No,1,52.0,2884.9,0,51.51607142857143,1,0,0,0,0,0,1,0,0,0,1,0
2362-IBOOY,0,0,0,0,36,1,Yes,No,No,No,No,No,Yes,1,84.75,3050.15,1,84.72638888888889,0,0,1,0,0,1,0,0,1,0,0,0
3137-LUPIX,1,0,0,0,4,1,Yes,No,No,No,Yes,Yes,No,1,64.4,253.0,0,63.25,0,0,0,0,0,0,1,0,0,0,0,0
0843-WTBXE,0,0,0,0,53,1,Yes,No,No,No,No,Yes,No,0,85.45,4517.25,1,85.23113207547169,0,0,1,0,0,0,0,0,0,0,1,0
6143-JQKEA,0,0,0,0,10,1,No,No,No,No,No,No,No,1,45.8,436.2,0,43.62,0,0,0,0,1,0,0,0,0,0,0,0
8676-OOQEJ,0,0,0,0,4,0,No phone service,No,No,No,Yes,No,No,0,30.5,118.4,0,29.6,0,0,0,0,0,1,0,0,0,0,0,0
5515-IDEJJ,0,0,1,1,1,1,No,No internet service,No internet service,No internet service,No internet service,No internet service,No internet service,0,19.9,19.9,1,19.9,0,0,0,1,0,0,1,0,0,0,0,0
9701-CDXHR,1,0,1,0,51,1,No,No,No,No,No,No,No,0,69.15,3649.6,0,71.56078431372549,0,0,1,0,0,0,1,0,0,0,1,0
7450-NWRTR,0,1,0,0,12,1,Yes,No,No,Yes,No,Yes,Yes,1,99.45,1200.15,1,100.0125,0,0,1,0,0,1,0,0,0,0,0,0
8124-NZVGJ,1,0,0,0,6,0,No phone service,No,No,No,Yes,Yes,Yes,1,49.25,255.6,0,42.6,1,0,0,0,0,0,1,0,0,0,0,0
2162-FRZAA,0,0,1,1,63,0,No phone service,No,Yes,Yes,Yes,No,No,0,39.35,2395.05,0,38.01666666666667,0,1,0,0,0,0,0,0,0,0,0,1
5376-DEQCP,1,0,0,0,1,1,No,No,No,No,No,No,No,1,70.6,70.6,1,70.6,0,0,1,0,0,1,0,0,0,0,0,0
5118-MUEYH,1,0,1,0,48,1,Yes,No,Yes,No,Yes,Yes,Yes,1,105.1,5083.55,0,105.90729166666667,0,0,1,0,1,0,0,0,0,1,0,0
9095-HFAFX,1,0,0,0,5,1,No,No,No,No,No,Yes,No,1,81.0,389.6,1,77.92,0,0,1,0,1,0,0,0,0,0,0,0
5627-TVBPP,1,0,0,1,35,1,No,No internet service,No internet service,No internet service,No internet service,No internet service,No internet service,1,20.1,644.5,0,18.414285714285715,1,0,0,1,1,0,0,0,1,0,0,0
2379-ENZGV,0,0,0,0,6,1,No,No,Yes,No,No,Yes,No,1,84.85,523.5,1,87.25,0,0,1,0,0,1,0,0,0,0,0,0
3936-QQFLL,0,0,0,0,2,1,No,No internet service,No internet service,No internet service,No internet service,No internet service,No internet service,0,19.75,39.3,0,19.65,0,0,0,1,0,0,1,0,0,0,0,0
2589-AYCRP,1,0,0,0,50,1,No,No internet service,No internet service,No internet service,No internet service,No internet service,No internet service,0,19.75,989.05,0,19.781,1,0,0,1,0,0,0,0,0,0,1,0
4067-HLYQI,1,0,0,0,33,1,No,No,No,No,No,No,No,1,70.4,2406.1,0,72.9121212121212,0,0,1,0,0,0,0,0,1,0,0,0
5124-EOGYE,0,0,0,0,31,1,No,No internet service,No internet service,No internet service,No internet service,No internet service,No internet service,0,20.45,638.55,0,20.598387096774193,0,1,0,1,0,0,1,0,1,0,0,0
5057-RKGLH,1,0,1,1,9,1,No,No internet service,No internet service,No internet service,No internet service,No internet service,No internet service,0,20.35,191.1,0,21.233333333333334,0,1,0,1,0,0,1,0,0,0,0,0
0292-WEGCH,1,0,1,1,54,1,Yes,No,Yes,Yes,Yes,Yes,Yes,1,86.2,4524.05,0,83.77870370370371,0,0,0,0,0,1,0,0,0,0,1,0
8910-ICHIU,1,0,0,0,46,1,No,Yes,Yes,Yes,No,Yes,No,1,95.65,4664.2,0,101.39565217391304,1,0,1,0,1,0,0,0,0,1,0,0
4097-YODCF,0,0,0,1,34,1,Yes,Yes,Yes,No,No,Yes,Yes,1,103.8,3470.8,0,102.08235294117648,1,0,1,0,0,1,0,0,1,0,0,0
9715-WZCLW,0,0,1,1,71,1,Yes,Yes,No,No,No,Yes,Yes,1,97.2,6910.3,0,97.32816901408451,0,1,1,0,0,1,0,0,0,0,0,1
9786-YWNHU,1,0,1,1,63,1,No,Yes,Yes,Yes,Yes,No,No,0,63.55,4014.2,0,63.717460317460315,0,1,0,0,0,0,1,0,0,0,0,1
6407-GSJNL,1,0,0,0,51,1,Yes,No internet service,No internet service,No internet service,No internet service,No internet service,No internet service,0,24.95,1288.0,0,25.254901960784313,0,1,0,1,0,0,0,0,0,0,1,0
6005-OBZPH,1,1,0,0,26,1,Yes,No,Yes,No,No,Yes,No,1,89.15,2277.65,1,87.60192307692309,0,0,1,0,0,1,0,0,1,0,0,0
4049-ZPALD,1,0,1,0,64,1,No,Yes,No,Yes,No,Yes,Yes,1,99.0,6375.8,0,99.621875,0,1,1,0,0,0,0,0,0,0,0,1
7932-WPTDS,1,1,1,0,1,0,No phone service,No,No,No,No,No,No,1,24.8,24.8,1,24.8,0,0,0,0,0,1,0,0,0,0,0,0
3733-UOCWF,0,1,1,0,61,1,Yes,No,Yes,No,Yes,No,No,1,85.55,5251.75,0,86.09426229508196,1,0,1,0,0,0,0,0,0,0,0,1
6833-JMZYP,1,0,0,0,15,1,No,No,No,Yes,No,Yes,Yes,1,94.0,1505.45,0,100.36333333333333,0,0,1,0,1,0,0,1,0,0,0,0
2722-VOJQL,0,0,0,0,64,1,Yes,No,Yes,No,Yes,Yes,Yes,1,105.65,6903.1,1,107.8609375,1,0,1,0,1,0,0,0,0,0,0,1
1310-QRITU,1,0,0,0,18,1,Yes,No,No,No,No,No,No,1,50.3,913.3,0,50.73888888888889,0,0,0,0,0,1,0,1,0,0,0,0
8961-QDZZJ,1,0,1,1,57,1,No,No,Yes,No,No,Yes,Yes,1,95.0,5535.8,0,97.11929824561403,1,0,1,0,0,1,0,0,0,0,1,0
9715-SBVSU,0,0,1,1,14,1,No,Yes,Yes,No,No,No,Yes,1,61.4,815.55,0,58.253571428571426,0,1,0,0,0,0,0,1,0,0,0,0
8490-BXHEO,0,1,0,0,18,1,Yes,No,Yes,No,No,No,No,1,80.55,1411.65,0,78.42500000000001,0,0,1,0,1,0,0,1,0,0,0,0
7173-TETGO,1,1,1,0,72,1,Yes,Yes,No,No,No,No,No,0,78.5,5602.25,0,77.80902777777777,0,1,1,0,0,0,0,0,0,0,0,1
7929-SKFGK,0,0,1,0,70,1,Yes,Yes,Yes,Yes,Yes,Yes,Yes,0,114.3,8244.3,0,117.77571428571427,0,1,1,0,1,0,0,0,0,0,0,1
2300-RQGOI,1,0,0,0,38,1,No,No internet service,No internet service,No internet service,No internet service,No internet service,No internet service,0,20.05,741.5,0,19.513157894736842,0,1,0,1,0,0,1,0,0,1,0,0
3563-SVYLG,0,0,1,1,68,1,No,Yes,Yes,Yes,Yes,No,No,0,62.65,4375.8,0,64.35000000000001,0,1,0,0,1,0,0,0,0,0,0,1
5228-EXCET,0,0,0,0,13,1,No,No,No,No,No,No,Yes,1,80.85,1008.7,1,77.5923076923077,0,0,1,0,0,1,0,1,0,0,0,0
6435-VWCCY,0,1,1,0,65,1,Yes,Yes,Yes,No,No,Yes,No,1,92.7,5968.4,0,91.82153846153845,0,1,1,0,1,0,0,0,0,0,0,1
4998-IKFSE,1,0,0,0,30,1,Yes,No,No,Yes,No,Yes,Yes,0,100.45,3096.9,0,103.23,0,0,1,0,0,1,0,0,1,0,0,0
8630-QSGXK,0,0,1,0,51,1,Yes,No,No,No,Yes,Yes,Yes,1,75.2,3901.25,0,76.49509803921569,0,1,0,0,0,0,0,0,0,0,1,0
2455-USLMV,1,0,0,0,31,1,Yes,Yes,No,Yes,No,No,No,1,84.75,2613.4,0,84.30322580645162,0,0,1,0,1,0,0,0,1,0,0,0
7394-FKDNK,1,0,1,0,9,1,No,No,No,No,No,Yes,Yes,0,89.45,853.1,1,94.78888888888889,0,0,1,0,0,1,0,0,0,0,0,0
9488-FVZCC,1,0,1,1,72,1,Yes,Yes,Yes,Yes,Yes,No,Yes,1,79.5,5661.7,0,78.63472222222222,0,1,0,0,0,0,0,0,0,0,0,1
6331-LWDTQ,0,0,0,0,10,1,Yes,No,No,No,No,Yes,Yes,1,72.15,794.25,1,79.425,0,0,0,0,1,0,0,0,0,0,0,0
5995-WWKKG,1,0,0,0,37,1,No,No internet service,No internet service,No internet service,No internet service,No internet service,No internet service,1,19.8,695.05,0,18.785135135135135,1,0,0,1,0,1,0,0,0,1,0,0
1597-FZREH,1,0,0,0,2,1,No,No,No,Yes,Yes,Yes,Yes,0,76.4,160.8,1,80.4,0,0,0,0,0,1,0,0,0,0,0,0
7879-CGSFV,0,0,0,0,55,1,No,Yes,Yes,No,No,Yes,Yes,1,100.9,5552.05,0,100.94636363636364,1,0,1,0,0,0,1,0,0,0,1,0
9921-EZKBY,0,0,0,1,33,1,Yes,Yes,No,Yes,No,No,Yes,1,95.3,3275.15,0,99.2469696969697,0,0,1,0,0,0,0,0,1,0,0,0
7432-FFVAR,1,0,1,1,46,1,No,No,No,Yes,Yes,No,Yes,0,90.95,4236.6,0,92.10000000000001,1,0,1,0,0,0,0,0,0,1,0,0
7246-ZGQDF,1,0,0,1,1,1,No,Yes,No,No,Yes,No,No,0,54.5,54.5,0,54.5,0,0,0,0,0,1,0,0,0,0,0,0
7000-WCEVQ,1,1,0,0,20,1,Yes,No,No,No,No,No,Yes,1,61.6,1174.35,1,58.717499999999994,0,0,0,0,0,0,1,1,0,0,0,0
0727-IWKVK,0,0,1,0,9,1,No,No,Yes,Yes,No,No,No,1,79.9,741.7,1,82.41111111111111,0,0,1,0,0,1,0,0,0,0,0,0
5959-BELXA,0,1,0,0,32,1,Yes,No,No,No,No,Yes,Yes,1,96.15,3019.25,1,94.3515625,0,0,1,0,1,0,0,0,1,0,0,0
4456-RHSNB,1,0,1,1,19,1,No,No,No,Yes,No,No,No,1,49.6,962.9,0,50.67894736842105,0,0,0,0,0,0,0,1,0,0,0,0
3512-IZIKN,1,0,1,0,70,1,Yes,Yes,No,Yes,Yes,No,No,0,65.3,4759.75,1,67.99642857142857,0,1,0,0,1,0,0,0,0,0,0,1
2481-SBOYW,1,0,0,1,61,1,Yes,No internet service,No internet service,No internet service,No internet service,No internet service,No internet service,1,25.0,1498.35,0,24.563114754098358,0,1,0,1,1,0,0,0,0,0,0,1
7109-MFBYV,0,0,0,0,26,1,No,No,No,No,No,No,No,0,45.45,1233.15,0,47.42884615384616,0,0,0,0,0,1,0,0,1,0,0,0
1833-TCXKK,0,0,1,0,45,1,Yes,No,Yes,Yes,No,Yes,Yes,1,107.75,4882.8,0,108.50666666666667,0,0,1,0,0,0,0,0,0,1,0,0
1832-PEUTS,0,0,1,1,62,1,Yes,No,No,Yes,No,Yes,No,1,89.1,5411.65,0,87.28467741935484,0,1,1,0,1,0,0,0,0,0,0,1
6141-OOXUQ,0,0,0,0,1,1,No,No internet service,No internet service,No internet service,No internet service,No internet service,No internet service,0,19.65,19.65,1,19.65,0,0,0,1,0,0,1,0,0,0,0,0
8660-BUETV,1,0,0,0,3,1,No,No,No,No,No,No,No,0,44.75,148.05,0,49.35,0,0,0,0,0,0,1,0,0,0,0,0
0580-PIQHM,1,0,1,1,41,1,Yes,Yes,Yes,Yes,No,No,Yes,1,101.6,3930.55,0,95.86707317073171,1,0,1,0,0,0,0,0,0,1,0,0
5696-CEIQJ,0,0,1,1,67,1,No,No,Yes,Yes,Yes,Yes,Yes,0,103.15,6895.5,0,102.91791044776119,0,1,1,0,0,0,0,0,0,0,0,1
7503-ZGUZJ,0,0,0,0,1,1,Yes,No,No,No,No,Yes,No,1,84.65,84.65,1,84.65,0,0,1,0,0,0,1,0,0,0,0,0
1696-HXOWK,1,0,1,0,71,1,Yes,Yes,Yes,No,No,Yes,No,0,95.65,6856.95,0,96.57676056338028,1,0,1,0,0,0,1,0,0,0,0,1
3026-ATZYV,1,0,1,1,37,1,No,Yes,Yes,No,No,Yes,Yes,0,75.1,2658.8,0,71.85945945945946,1,0,0,0,0,0,0,0,0,1,0,0
4012-YCFAI,0,0,1,0,60,1,No,Yes,Yes,No,Yes,No,No,1,61.35,3766.2,0,62.769999999999996,0,1,0,0,0,0,1,0,0,0,1,0
2506-TNFCO,1,1,1,0,1,1,No,No,No,No,No,No,No,1,69.55,69.55,1,69.55,0,0,1,0,0,1,0,0,0,0,0,0
9970-QBCDA,1,0,0,0,6,1,No,No internet service,No internet service,No internet service,No internet service,No internet service,No internet service,0,19.7,129.55,0,21.59166666666667,0,0,0,1,1,0,0,0,0,0,0,0
8718-PTMEZ,1,0,0,0,13,0,No phone service,No,Yes,No,No,No,No,1,31.05,347.25,1,26.71153846153846,0,0,0,0,0,1,0,1,0,0,0,0
9496-IVVRP,1,0,1,1,11,1,No,Yes,No,No,No,No,No,0,51.0,581.7,0,52.88181818181818,0,0,0,0,0,0,0,0,0,0,0,0
2207-OBZNX,0,0,0,0,7,1,No,Yes,No,No,No,No,No,1,51.0,354.05,1,50.57857142857143,0,0,0,0,0,0,1,0,0,0,0,0
2657-VPXTA,1,0,1,1,10,1,No,No,No,No,No,Yes,Yes,1,88.85,929.45,0,92.94500000000001,0,0,1,0,0,1,0,0,0,0,0,0
6551-VLJMV,0,0,1,0,34,1,No,No internet service,No internet service,No internet service,No internet service,No internet service,No internet service,0,20.05,679.0,0,19.970588235294116,0,1,0,1,1,0,0,0,1,0,0,0
1221-GHZEP,1,0,0,0,62,1,No,Yes,No,No,Yes,No,Yes,1,65.1,3846.75,0,62.04435483870968,0,1,0,0,0,0,1,0,0,0,0,1
9289-LBQVU,0,0,1,0,64,1,Yes,No,Yes,No,Yes,No,Yes,1,70.15,4480.7,0,70.0109375,1,0,0,0,0,0,1,0,0,0,0,1
6142-VSJQO,1,0,1,1,1,1,No,No,No,No,No,No,No,1,44.35,44.35,1,44.35,0,0,0,0,0,0,0,0,0,0,0,0
3458-IDMFK,0,0,0,0,25,1,No,No internet service,No internet service,No internet service,No internet service,No internet service,No internet service,1,20.75,499.4,0,19.976,0,1,0,1,0,0,1,0,1,0,0,0
6933-FHBZC,1,0,0,0,26,1,No,No,Yes,Yes,No,No,No,1,56.05,1553.2,0,59.73846153846154,1,0,0,0,0,0,1,0,1,0,0,0
0221-NAUXK,0,0,0,1,10,1,No,No internet service,No internet service,No internet service,No internet service,No internet service,No internet service,1,19.95,219.5,0,21.95,1,0,0,1,0,0,0,0,0,0,0,0
9770-KXGQU,1,0,0,0,53,1,Yes,Yes,Yes,Yes,No,Yes,No,0,98.6,5311.85,0,100.22358490566039,1,0,1,0,0,0,1,0,0,0,1,0
6437-UKHMV,1,0,0,0,7,1,No,No,No,No,No,Yes,No,1,79.7,586.05,1,83.72142857142856,0,0,1,0,0,1,0,0,0,0,0,0
6538-POCHL,0,0,0,0,33,1,No,No,Yes,Yes,No,No,No,1,79.0,2576.8,0,78.0848484848485,0,0,1,0,1,0,0,0,1,0,0,0
6726-NNFWD,1,1,1,0,71,1,No,No,Yes,Yes,No,No,Yes,0,89.45,6435.25,0,90.63732394366197,0,1,1,0,1,0,0,0,0,0,0,1
3002-WQZWT,1,0,0,0,29,1,Yes,No,No,No,No,No,No,1,74.2,1993.25,0,68.73275862068965,0,0,1,0,0,1,0,0,1,0,0,0
4277-UDIEF,0,0,1,1,24,1,Yes,Yes,No,No,Yes,Yes,Yes,0,81.0,1923.85,0,80.16041666666666,0,0,0,0,0,0,0,1,0,0,0,0
1208-NBVFH,0,0,1,1,20,1,No,No,No,Yes,No,No,No,1,49.6,939.8,0,46.989999999999995,0,0,0,0,0,1,0,1,0,0,0,0
4912-PIGUY,1,0,0,0,1,1,Yes,No,No,No,No,Yes,No,1,84.6,84.6,0,84.6,0,0,1,0,0,1,0,0,0,0,0,0
1114-CENIM,0,0,0,1,54,1,Yes,No,Yes,No,No,No,No,1,55.0,3092.65,1,57.2712962962963,0,0,0,0,1,0,0,0,0,0,1,0
6060-DRTNL,1,1,0,0,5,1,No,No,No,Yes,No,Yes,No,1,84.85,415.55,1,83.11,0,0,1,0,0,0,1,0,0,0,0,0
2725-TTRIQ,1,0,1,1,72,1,Yes,Yes,No,Yes,Yes,Yes,Yes,1,84.2,5986.55,0,83.14652777777778,0,1,0,0,0,0,0,0,0,0,0,1
3374-TTZTK,0,0,1,0,52,1,No,Yes,Yes,Yes,Yes,Yes,Yes,1,106.3,5487.0,0,105.51923076923077,0,1,1,0,0,1,0,0,0,0,1,0
8990-ZXLSU,1,0,0,0,9,1,No,No,No,No,No,No,No,0,69.05,651.5,0,72.38888888888889,0,0,1,0,0,1,0,0,0,0,0,0
2275-RBYQS,1,0,0,0,1,1,No,No,No,No,No,No,No,1,45.4,45.4,0,45.4,0,0,0,0,0,0,1,0,0,0,0,0
8473-VUVJN,0,1,0,0,1,1,Yes,No,No,No,No,No,No,1,73.65,73.65,1,73.65,0,0,1,0,0,1,0,0,0,0,0,0
6289-CPNLD,0,0,1,1,33,1,No,No,No,Yes,Yes,Yes,Yes,1,73.9,2405.05,1,72.88030303030304,1,0,0,0,0,0,1,0,1,0,0,0
5536-SLHPM,1,0,1,0,55,1,Yes,No,No,Yes,No,No,No,1,77.75,4458.15,1,81.05727272727272,0,0,1,0,0,1,0,0,0,0,1,0
4419-UJMUS,0,0,1,1,69,1,Yes,No,No,No,Yes,Yes,Yes,1,99.35,6856.45,0,99.36884057971014,0,1,1,0,0,1,0,0,0,0,0,1
7794-JASDG,0,0,0,0,1,1,No,Yes,No,No,No,No,No,1,50.75,50.75,0,50.75,0,0,0,0,0,0,1,0,0,0,0,0
7609-YBPXG,0,0,0,0,54,1,Yes,Yes,No,Yes,Yes,Yes,Yes,0,87.1,4735.2,0,87.68888888888888,0,1,0,0,0,0,0,0,0,0,1,0
5519-TEEUH,0,0,0,1,33,1,No,No internet service,No internet service,No internet service,No internet service,No internet service,No internet service,1,20.15,682.15,0,20.671212121212122,1,0,0,1,0,0,1,0,1,0,0,0
7856-GANIL,0,1,1,0,45,1,Yes,No,Yes,Yes,Yes,Yes,No,1,98.7,4525.8,0,100.57333333333334,1,0,1,0,0,0,0,0,0,1,0,0
0804-XBFBV,1,0,0,1,11,0,No phone service,No,No,No,No,No,No,0,25.2,321.05,0,29.186363636363637,0,0,0,0,0,1,0,0,0,0,0,0
2676-OXPPQ,0,0,0,0,6,1,No,Yes,Yes,No,No,No,No,1,55.7,335.65,0,55.94166666666666,0,0,0,0,0,0,0,0,0,0,0,0
3703-TTEPD,0,0,0,0,21,1,No,Yes,No,Yes,No,Yes,No,0,65.35,1424.4,0,67.82857142857144,0,0,0,0,0,0,0,1,0,0,0,0
2799-TSLAG,1,0,1,1,65,1,Yes,No internet service,No internet service,No internet service,No internet service,No internet service,No internet service,1,25.3,1748.55,0,26.90076923076923,0,1,0,1,0,0,0,0,0,0,0,1
0196-VULGZ,1,1,1,0,6,1,Yes,No,No,No,No,No,Yes,1,84.35,474.9,1,79.14999999999999,0,0,1,0,0,1,0,0,0,0,0,0
8837-VVWLQ,1,0,0,0,8,1,No,Yes,No,No,No,Yes,No,0,84.95,668.4,1,83.55,0,0,1,0,0,1,0,0,0,0,0,0
2696-NARTR,0,0,0,0,11,1,No,No,No,No,Yes,No,No,1,73.85,926.25,1,84.20454545454545,0,0,1,0,0,1,0,0,0,0,0,0
2208-NKVVH,0,0,1,1,43,1,Yes,No internet service,No internet service,No internet service,No internet service,No internet service,No internet service,0,24.25,1077.95,0,25.06860465116279,0,1,0,1,0,0,1,0,0,1,0,0
7614-QVWQL,0,0,1,1,49,0,No phone service,No,Yes,No,No,Yes,Yes,1,51.8,2541.25,1,51.86224489795919,1,0,0,0,0,0,0,0,0,0,1,0
1976-CFOCS,1,1,1,0,1,1,No,No,No,No,No,No,No,0,46.0,46.0,1,46.0,0,0,0,0,0,1,0,0,0,0,0,0
4631-OACRM,0,1,0,0,15,1,No,No,No,No,No,No,Yes,1,79.4,1156.1,1,77.07333333333332,0,0,1,0,0,1,0,1,0,0,0,0
7139-JZFVG,0,0,1,1,60,1,No,Yes,Yes,Yes,No,No,No,0,60.5,3694.45,0,61.57416666666666,0,1,0,0,0,0,0,0,0,0,1,0
4987-GQWPO,0,0,0,0,17,0,No phone service,No,No,No,No,No,No,0,25.1,382.8,0,22.51764705882353,0,0,0,0,1,0,0,1,0,0,0,0
3755-JBMNH,0,1,1,0,16,1,No,No,No,No,No,No,No,1,71.8,1167.8,1,72.9875,0,0,1,0,0,0,0,1,0,0,0,0
1757-TCATG,0,0,1,1,35,1,No,No internet service,No internet service,No internet service,No internet service,No internet service,No internet service,0,20.05,746.75,0,21.335714285714285,1,0,0,1,0,0,0,0,1,0,0,0
6345-ULYRW,0,1,1,0,44,1,Yes,No,Yes,No,No,No,Yes,0,88.4,3912.9,1,88.92954545454546,1,0,1,0,0,0,1,0,0,1,0,0
4776-XSKYQ,1,0,1,1,12,0,No phone service,No,No,No,Yes,No,No,0,30.25,368.85,0,30.7375,1,0,0,0,1,0,0,0,0,0,0,0
8048-DSDFQ,0,0,0,0,1,1,No,No internet service,No internet service,No internet service,No internet service,No internet service,No internet service,0,20.2,20.2,0,20.2,0,0,0,1,0,0,1,0,0,0,0,0
5753-QQWPW,1,0,0,0,28,1,No,Yes,Yes,No,Yes,No,No,1,59.9,1654.7,0,59.096428571428575,1,0,0,0,0,1,0,0,1,0,0,0
6010-DDPPW,0,0,1,0,70,1,Yes,No internet service,No internet service,No internet service,No internet service,No internet service,No internet service,0,25.15,1940.85,0,27.72642857142857,0,1,0,1,0,0,0,0,0,0,0,1
1809-DMJHQ,1,0,0,1,5,1,No,No,No,No,No,No,No,0,46.0,221.7,1,44.339999999999996,0,0,0,0,0,0,1,0,0,0,0,0
6693-FRIRW,0,0,0,0,18,1,No,No,Yes,Yes,No,Yes,Yes,0,101.3,1794.65,0,99.70277777777778,0,0,1,0,1,0,0,1,0,0,0,0
6586-MYGKD,0,0,1,0,70,1,Yes,Yes,No,No,Yes,Yes,Yes,1,76.95,5289.8,0,75.56857142857143,0,1,0,0,1,0,0,0,0,0,0,1
3173-NVMPX,1,0,1,1,9,1,Yes,No,Yes,No,No,No,No,1,55.3,501.2,0,55.68888888888889,0,0,0,0,0,0,1,0,0,0,0,0
0248-PGHBZ,1,1,0,0,67,1,No,Yes,Yes,No,Yes,Yes,No,1,92.45,6140.85,0,91.65447761194031,0,1,1,0,0,0,0,0,0,0,0,1
0623-GDISB,1,0,0,0,1,1,No,Yes,No,No,No,No,No,1,48.45,48.45,0,48.45,0,0,0,0,0,0,0,0,0,0,0,0
2892-GESUL,1,0,1,1,18,1,No,No internet service,No internet service,No internet service,No internet service,No internet service,No internet service,0,19.35,309.25,0,17.180555555555557,0,1,0,1,0,0,1,1,0,0,0,0
6923-EFPNL,0,0,0,0,4,1,Yes,No,No,No,No,No,No,0,51.75,201.1,1,50.275,0,0,0,0,1,0,0,0,0,0,0,0
7472-EQOAV,0,1,1,1,71,1,No,Yes,Yes,Yes,No,No,No,1,86.7,6179.35,0,87.0330985915493,1,0,1,0,0,0,0,0,0,0,0,1
9574-RKJIF,0,0,1,1,30,1,Yes,Yes,Yes,No,No,Yes,No,1,94.4,2838.7,1,94.62333333333332,0,0,1,0,0,1,0,0,1,0,0,0
2043-WVTQJ,0,0,1,0,1,1,No,Yes,No,Yes,No,No,No,0,55.7,55.7,0,55.7,0,0,0,0,0,0,1,0,0,0,0,0
8034-RYTVV,1,0,0,0,55,1,Yes,Yes,No,Yes,No,No,No,1,84.25,4589.85,0,83.45181818181818,1,0,1,0,1,0,0,0,0,0,1,0
3863-QSTYI,0,0,0,0,59,1,No,No,No,Yes,Yes,Yes,No,1,64.65,3735.45,0,63.31271186440678,0,0,0,0,0,1,0,0,0,0,1,0
2619-WFQWU,1,0,0,0,1,1,No,No,No,No,No,No,No,1,70.15,70.15,1,70.15,0,0,1,0,0,0,1,0,0,0,0,0
5044-LRQAQ,1,0,1,0,7,1,No,No,No,No,No,No,No,1,69.2,477.55,0,68.22142857142858,0,0,1,0,0,0,0,0,0,0,0,0
1716-LSAMB,0,0,1,1,45,1,No,Yes,No,No,Yes,No,No,0,54.65,2553.7,0,56.748888888888885,0,1,0,0,0,0,0,0,0,1,0,0
1333-PBMXB,1,0,1,1,54,1,Yes,No internet service,No internet service,No internet service,No internet service,No internet service,No internet service,1,24.75,1342.15,0,24.85462962962963,1,0,0,1,0,0,0,0,0,0,1,0
6546-OPBBH,0,0,1,1,51,1,Yes,No internet service,No internet service,No internet service,No internet service,No internet service,No internet service,1,23.95,1216.35,0,23.849999999999998,1,0,0,1,0,0,1,0,0,0,1,0
5985-BEHZK,1,1,1,0,72,1,Yes,No,Yes,Yes,No,Yes,Yes,0,105.0,7578.05,0,105.25069444444445,1,0,1,0,1,0,0,0,0,0,0,1
9127-QRZMH,0,0,1,0,44,1,No,Yes,Yes,No,Yes,No,No,1,59.85,2603.95,0,59.18068181818182,1,0,0,0,0,0,0,0,0,1,0,0
5919-VCZYM,0,0,0,0,2,1,No,No internet service,No internet service,No internet service,No internet service,No internet service,No internet service,0,20.05,42.7,0,21.35,0,0,0,1,0,0,1,0,0,0,0,0
9644-KVCNC,1,0,0,0,66,1,Yes,No,No,Yes,No,Yes,No,1,92.15,6056.9,0,91.77121212121212,1,0,1,0,0,0,0,0,0,0,0,1
2137-DQMEV,0,0,1,1,68,0,No phone service,Yes,Yes,No,No,Yes,No,0,44.8,2983.65,0,43.87720588235294,1,0,0,0,0,0,1,0,0,0,0,1
8174-LNWMW,1,0,0,0,31,1,No,No internet service,No internet service,No internet service,No internet service,No internet service,No internet service,0,20.9,689.35,0,22.23709677419355,0,1,0,1,1,0,0,0,1,0,0,0
9279-CJEOJ,1,1,0,0,21,1,Yes,No,No,No,No,Yes,Yes,1,95.4,2025.1,0,96.43333333333332,0,0,1,0,0,0,0,1,0,0,0,0
7964-VEXDG,0,0,0,1,21,1,Yes,Yes,No,No,No,No,No,0,80.35,1747.2,0,83.2,0,0,1,0,0,1,0,1,0,0,0,0
2404-JIBFC,1,0,1,1,55,1,Yes,Yes,No,Yes,Yes,Yes,Yes,1,85.1,4657.95,0,84.69,0,1,0,0,0,0,0,0,0,0,1,0
0778-NELLA,0,0,0,0,9,0,No phone service,No,No,No,No,Yes,No,1,34.7,296.1,1,32.900000000000006,0,0,0,0,1,0,0,0,0,0,0,0
8029-XYPWT,0,1,1,0,71,1,Yes,Yes,Yes,Yes,Yes,Yes,Yes,1,115.05,8016.6,0,112.90985915492958,0,1,1,0,0,0,0,0,0,0,0,1
4614-NUVZD,1,0,0,0,1,1,No,No,No,No,No,No,Yes,1,81.1,81.1,1,81.1,0,0,1,0,0,1,0,0,0,0,0,0
4632-PAOYU,0,0,1,1,22,1,No,No internet service,No internet service,No internet service,No internet service,No internet service,No internet service,0,19.95,433.5,0,19.704545454545453,1,0,0,1,0,0,1,1,0,0,0,0
3803-KMQFW,1,0,1,1,1,1,No,No internet service,No internet service,No internet service,No internet service,No internet service,No internet service,0,20.55,20.55,1,20.55,0,0,0,1,0,0,1,0,0,0,0,0
6804-GDMOI,1,0,0,0,61,1,Yes,No,No,Yes,Yes,Yes,Yes,1,106.6,6428.4,1,105.38360655737705,0,1,1,0,0,1,0,0,0,0,0,1
2990-OGYTD,1,0,1,0,67,1,Yes,No,Yes,Yes,Yes,Yes,Yes,0,86.15,5883.85,0,87.81865671641792,0,1,0,0,0,0,0,0,0,0,0,1
6646-JPPHA,1,1,0,0,14,1,No,Yes,Yes,No,No,No,No,0,78.85,1043.8,0,74.55714285714285,0,0,1,0,0,1,0,1,0,0,0,0
9572-MTILT,0,0,1,0,59,1,Yes,Yes,Yes,Yes,Yes,Yes,No,1,106.75,6252.9,1,105.98135593220339,0,0,1,0,0,1,0,0,0,0,1,0
7658-UYUQS,0,1,1,0,21,1,No,No,No,Yes,No,Yes,No,0,86.55,1857.25,0,88.44047619047619,0,0,1,0,0,0,0,1,0,0,0,0
7880-XSOJX,0,0,0,0,4,0,No phone service,Yes,Yes,No,Yes,No,No,0,42.4,146.4,0,36.6,0,0,0,0,0,0,1,0,0,0,0,0
9611-CTWIH,1,0,0,0,3,1,No,No,No,No,No,Yes,Yes,1,89.45,240.45,1,80.14999999999999,0,0,1,0,0,1,0,0,0,0,0,0
4589-IUAJB,0,0,1,0,70,1,Yes,No internet service,No internet service,No internet service,No internet service,No internet service,No internet service,0,24.25,1724.15,0,24.630714285714287,0,1,0,1,0,0,0,0,0,0,0,1
0329-GTIAJ,1,0,0,0,3,1,No,No,Yes,No,Yes,Yes,Yes,1,97.9,315.3,1,105.10000000000001,0,0,1,0,0,1,0,0,0,0,0,0
8746-BFOAJ,0,1,0,0,21,1,No,No internet service,No internet service,No internet service,No internet service,No internet service,No internet service,0,20.5,429.55,0,20.454761904761906,1,0,0,1,0,0,0,1,0,0,0,0
8457-XIGKN,0,0,0,0,20,1,No,No internet service,No internet service,No internet service,No internet service,No internet service,No internet service,1,19.6,356.15,0,17.807499999999997,0,0,0,1,1,0,0,1,0,0,0,0
6072-NUQCB,0,0,1,1,22,1,No,No internet service,No internet service,No internet service,No internet service,No internet service,No internet service,0,20.25,488.25,0,22.193181818181817,1,0,0,1,0,0,0,1,0,0,0,0
6629-CZTTH,0,0,0,0,1,1,No,No,No,No,No,No,Yes,1,55.7,55.7,1,55.7,0,0,0,0,0,0,1,0,0,0,0,0
8838-GPHZP,1,0,0,0,63,1,No,No internet service,No internet service,No internet service,No internet service,No internet service,No internet service,1,20.6,1298.7,0,20.614285714285714,0,1,0,1,0,0,1,0,0,0,0,1
8750-QWZAJ,1,0,1,1,70,1,No,No internet service,No internet service,No internet service,No internet service,No internet service,No internet service,0,19.8,1378.75,0,19.696428571428573,0,1,0,1,0,0,0,0,0,0,0,1
5364-EVNIB,0,0,0,0,13,1,No,No,Yes,Yes,No,No,No,1,79.8,973.45,1,74.88076923076923,0,0,1,0,0,1,0,1,0,0,0,0
6918-UMQCG,1,0,0,0,5,1,No,No,No,No,No,Yes,No,0,80.2,384.25,0,76.85,0,0,1,0,0,1,0,0,0,0,0,0
0675-NCDYU,1,0,1,1,72,1,Yes,Yes,Yes,Yes,Yes,Yes,Yes,1,116.4,8543.25,0,118.65625,0,1,1,0,1,0,0,0,0,0,0,1
6339-DKLMK,1,0,0,0,13,0,No phone service,No,Yes,No,No,No,No,1,31.65,389.95,0,29.996153846153845,0,0,0,0,0,1,0,1,0,0,0,0
1346-PJWTK,0,0,1,0,61,1,No,No,Yes,Yes,Yes,No,Yes,0,94.15,5731.85,0,93.96475409836066,0,0,1,0,1,0,0,0,0,0,0,1
5088-QZLRL,0,0,0,0,1,1,No,No internet service,No internet service,No internet service,No internet service,No internet service,No internet service,0,20.65,20.65,0,20.65,0,0,0,1,0,1,0,0,0,0,0,0
8023-QHAIO,1,1,1,0,56,1,Yes,No,No,No,Yes,No,No,1,76.85,4275.75,0,76.35267857142857,0,0,1,0,0,0,0,0,0,0,1,0
4397-FRLTA,1,0,0,0,4,1,No,No internet service,No internet service,No internet service,No internet service,No internet service,No internet service,0,20.15,84.5,0,21.125,0,0,0,1,0,0,1,0,0,0,0,0
3057-VJJQE,0,0,0,0,35,1,Yes,Yes,No,No,No,No,No,0,55.25,1924.1,0,54.97428571428571,0,1,0,0,0,0,1,0,1,0,0,0
5087-SUURX,1,0,1,0,18,0,No phone service,No,No,Yes,No,Yes,No,1,39.05,669.85,1,37.21388888888889,0,0,0,0,0,1,0,1,0,0,0,0
2302-OUZXB,0,0,1,0,72,1,Yes,No,Yes,Yes,No,Yes,Yes,0,82.15,5784.3,0,80.3375,0,1,0,0,0,0,0,0,0,0,0,1
8133-ANHHJ,1,1,0,0,49,1,Yes,Yes,Yes,Yes,Yes,No,Yes,0,103.0,5166.2,0,105.43265306122449,1,0,1,0,0,0,0,0,0,0,1,0
2270-CHBFN,1,0,1,0,44,1,Yes,Yes,Yes,Yes,Yes,No,No,1,95.1,4060.55,0,92.28522727272728,0,0,1,0,1,0,0,0,0,1,0,0
0013-EXCHZ,1,1,1,0,3,1,No,No,No,No,Yes,Yes,No,1,83.9,267.4,1,89.13333333333333,0,0,1,0,0,0,1,0,0,0,0,0
5982-FPVQN,1,0,1,1,37,1,Yes,No,Yes,Yes,No,No,Yes,1,95.15,3532.85,0,95.48243243243243,0,0,1,0,0,1,0,0,0,1,0,0
9107-UKCKY,0,0,1,0,61,1,Yes,No,Yes,Yes,No,Yes,Yes,1,79.8,4914.8,0,80.57049180327868,1,0,0,0,0,1,0,0,0,0,0,1
4654-ULTTN,0,0,1,0,70,1,Yes,Yes,No,Yes,Yes,No,Yes,1,74.8,5315.8,0,75.94,0,1,0,0,1,0,0,0,0,0,0,1
5550-VFRLC,1,1,0,0,1,1,No,No,No,No,No,No,No,1,69.85,69.85,1,69.85,0,0,1,0,0,1,0,0,0,0,0,0
5546-BYZSM,1,0,0,0,41,1,No,No internet service,No internet service,No internet service,No internet service,No internet service,No internet service,0,20.45,775.6,0,18.917073170731708,0,0,0,1,0,1,0,0,0,1,0,0
1492-KGETH,0,0,1,1,70,1,Yes,Yes,Yes,Yes,Yes,No,Yes,0,78.35,5445.95,0,77.79928571428572,1,0,0,0,0,0,0,0,0,0,0,1
4929-BSTRX,1,0,0,0,1,1,No,No,No,No,No,Yes,No,1,53.55,53.55,1,53.55,0,0,0,0,0,0,1,0,0,0,0,0
4163-HFTUK,0,0,0,0,51,1,No,No internet service,No internet service,No internet service,No internet service,No internet service,No internet service,0,19.1,1007.8,0,19.76078431372549,1,0,0,1,0,1,0,0,0,0,1,0
8215-NGSPE,1,0,1,1,42,1,No,No internet service,No internet service,No internet service,No internet service,No internet service,No internet service,0,20.0,833.55,0,19.84642857142857,0,1,0,1,0,0,1,0,0,1,0,0
2225-ZRGSG,1,0,1,1,70,1,Yes,Yes,Yes,Yes,Yes,No,No,0,93.9,6579.05,1,93.98642857142858,0,1,1,0,0,0,0,0,0,0,0,1
8859-YSTWS,0,0,0,0,48,1,No,No internet service,No internet service,No internet service,No internet service,No internet service,No internet service,0,19.95,1004.5,0,20.927083333333332,1,0,0,1,0,0,0,0,0,1,0,0
5271-YNWVR,0,0,1,1,68,1,Yes,Yes,Yes,Yes,Yes,Yes,Yes,1,113.15,7856.0,1,115.52941176470588,0,1,1,0,0,1,0,0,0,0,0,1
7601-DHFWZ,1,0,0,0,48,1,Yes,No internet service,No internet service,No internet service,No internet service,No internet service,No internet service,0,24.0,1183.05,0,24.646874999999998,0,1,0,1,1,0,0,0,0,1,0,0
2657-ALMWY,1,1,1,0,26,1,No,No,Yes,No,No,No,Yes,0,84.95,2169.75,1,83.45192307692308,0,0,1,0,0,1,0,0,1,0,0,0
6330-JKLPC,0,0,1,0,11,1,Yes,No,Yes,No,No,No,No,1,80.5,896.9,1,81.53636363636363,0,0,1,0,0,0,0,0,0,0,0,0
4667-OHGKG,0,0,0,0,1,1,No,No internet service,No internet service,No internet service,No internet service,No internet service,No internet service,1,19.3,19.3,1,19.3,0,0,0,1,0,0,1,0,0,0,0,0
1998-VHJHK,1,0,0,0,27,1,No,No internet service,No internet service,No internet service,No internet service,No internet service,No internet service,0,19.15,501.35,0,18.56851851851852,1,0,0,1,0,0,1,0,1,0,0,0
1707-HABPF,1,1,0,0,46,1,No,No,Yes,Yes,No,Yes,No,1,91.3,4126.35,0,89.70326086956523,1,0,1,0,0,0,0,0,0,1,0,0
1660-HSOOQ,0,0,0,0,1,1,No,No,No,Yes,No,No,No,1,49.65,49.65,1,49.65,0,0,0,0,0,0,1,0,0,0,0,0
7253-UVNDW,1,0,0,0,46,1,No,No,No,Yes,Yes,No,No,0,54.35,2460.15,1,53.481521739130436,0,1,0,0,1,0,0,0,0,1,0,0
0487-VVUVK,0,0,1,1,25,1,No,No internet service,No internet service,No internet service,No internet service,No internet service,No internet service,1,19.15,477.6,0,19.104,0,0,0,1,0,0,1,0,1,0,0,0
7228-OMTPN,0,0,0,0,4,1,No,No,No,No,No,Yes,Yes,1,88.45,370.65,1,92.6625,0,0,1,0,0,1,0,0,0,0,0,0
5063-IUOKK,0,0,0,0,13,1,No,No internet service,No internet service,No internet service,No internet service,No internet service,No internet service,0,19.75,265.75,0,20.442307692307693,0,1,0,1,0,0,1,1,0,0,0,0
4508-OEBEY,0,0,1,0,31,1,No,Yes,Yes,Yes,Yes,No,Yes,1,75.5,2424.45,0,78.20806451612903,1,0,0,0,1,0,0,0,1,0,0,0
0027-KWYKW,1,0,1,1,23,1,Yes,No,No,No,No,Yes,No,1,83.75,1849.95,0,80.43260869565218,0,0,1,0,0,1,0,1,0,0,0,0
2308-STERM,1,0,0,0,2,1,No,No internet service,No internet service,No internet service,No internet service,No internet service,No internet service,0,19.4,61.05,0,30.525,0,0,0,1,0,0,1,0,0,0,0,0
5982-XMDEX,1,0,0,0,65,1,Yes,No internet service,No internet service,No internet service,No internet service,No internet service,No internet service,0,26.5,1698.55,0,26.13153846153846,0,1,0,1,0,0,0,0,0,0,0,1
6284-AHOOQ,0,1,0,0,22,1,Yes,No,No,No,Yes,Yes,No,1,90.5,1910.6,1,86.84545454545454,0,0,1,0,0,0,0,1,0,0,0,0
6051-PTVNS,1,0,1,1,55,1,No,No internet service,No internet service,No internet service,No internet service,No internet service,No internet service,0,19.15,998.1,0,18.14727272727273,1,0,0,1,1,0,0,0,0,0,1,0
2344-JMOGN,0,0,1,0,9,1,No,No,Yes,Yes,Yes,Yes,No,1,94.85,890.6,1,98.95555555555556,0,0,1,0,0,0,1,0,0,0,0,0
3799-ISUZQ,0,0,1,1,7,1,No,No,No,No,No,No,No,1,69.95,529.5,1,75.64285714285714,0,0,1,0,0,0,0,0,0,0,0,0
2877-VDUER,1,0,1,1,35,0,No phone service,No,No,No,Yes,Yes,No,0,40.9,1383.6,0,39.53142857142857,1,0,0,0,0,0,1,0,1,0,0,0
9152-AMKAK,0,0,0,0,6,1,No,Yes,No,Yes,Yes,Yes,Yes,1,80.25,493.4,0,82.23333333333333,0,1,0,0,0,0,1,0,0,0,0,0
1794-HBQTJ,1,0,0,0,1,1,No,Yes,No,No,No,No,No,1,48.6,48.6,1,48.6,0,0,0,0,1,0,0,0,0,0,0,0
9432-VOFYX,0,0,0,0,17,1,No,No,No,No,No,No,No,1,70.8,1207.0,0,71.0,0,0,1,0,0,1,0,1,0,0,0,0
8049-WJCLQ,0,0,1,1,10,1,No,No,No,Yes,No,Yes,No,0,60.2,563.5,0,56.35,0,0,0,0,0,0,1,0,0,0,0,0
6586-PSJOX,0,0,0,1,15,1,No,No,No,Yes,Yes,No,No,0,55.2,864.55,0,57.63666666666666,1,0,0,0,1,0,0,1,0,0,0,0
2460-FPSYH,1,1,0,0,40,0,No phone service,Yes,Yes,No,No,Yes,Yes,1,55.8,2109.35,1,52.73375,0,0,0,0,0,1,0,0,0,1,0,0
9705-ZJBCG,1,0,1,1,13,1,No,Yes,No,No,Yes,No,No,0,54.15,701.05,0,53.926923076923075,1,0,0,0,0,0,0,1,0,0,0,0
4818-DRBQT,0,0,1,0,29,1,Yes,No,Yes,No,No,No,No,1,80.15,2265.25,1,78.11206896551724,0,0,1,0,0,0,0,0,1,0,0,0
1320-HTRDR,1,0,0,0,3,1,Yes,No,No,No,No,No,No,1,75.5,220.6,1,73.53333333333333,0,0,1,0,0,1,0,0,0,0,0,0
6847-KJLTS,1,1,1,0,58,1,Yes,No,No,No,Yes,Yes,Yes,1,100.4,5749.8,0,99.13448275862069,0,0,1,0,0,0,0,0,0,0,1,0
9670-BPNXF,1,0,0,0,45,1,No,Yes,Yes,No,Yes,No,No,1,62.55,2796.45,0,62.14333333333333,1,0,0,0,1,0,0,0,0,1,0,0
3913-FCUUW,1,0,1,1,72,1,Yes,Yes,Yes,Yes,Yes,No,No,1,70.45,5165.7,0,71.74583333333334,0,1,0,0,0,0,0,0,0,0,0,1
3301-VKTGC,0,0,1,1,68,1,Yes,Yes,Yes,No,No,No,No,1,85.5,5696.6,0,83.77352941176471,1,0,1,0,0,0,0,0,0,0,0,1
1493-AMTIE,0,0,0,0,1,1,No,No internet service,No internet service,No internet service,No internet service,No internet service,No internet service,1,20.2,20.2,1,20.2,0,0,0,1,0,0,0,0,0,0,0,0
9555-SAHUZ,1,0,1,1,38,1,No,Yes,Yes,No,No,No,No,0,54.5,2076.05,0,54.63289473684211,0,0,0,0,0,1,0,0,0,1,0,0
0816-TSPHQ,0,0,0,0,2,1,No,No internet service,No internet service,No internet service,No internet service,No internet service,No internet service,0,20.75,44.2,0,22.1,0,0,0,1,0,0,1,0,0,0,0,0
9932-WBWIK,0,0,0,0,11,1,No,No internet service,No internet service,No internet service,No internet service,No internet service,No internet service,0,20.35,215.25,0,19.568181818181817,0,0,0,1,0,0,1,0,0,0,0,0
4619-EVPHY,1,1,1,0,20,1,No,No,No,No,No,Yes,Yes,1,91.0,1859.5,0,92.975,1,0,1,0,0,0,0,1,0,0,0,0
5286-YHCVC,0,0,1,0,72,1,Yes,No,Yes,Yes,No,Yes,Yes,1,104.8,7470.1,0,103.7513888888889,0,1,1,0,0,0,0,0,0,0,0,1
6424-ELEYH,1,0,1,0,3,1,Yes,No,No,No,No,No,No,1,74.75,229.5,1,76.5,0,0,1,0,1,0,0,0,0,0,0,0
4391-RESHN,0,0,0,0,23,1,Yes,No,No,Yes,Yes,Yes,Yes,1,104.05,2470.1,1,107.39565217391304,0,0,1,0,0,0,1,1,0,0,0,0
9115-YQHGA,0,0,0,0,40,1,No,No,No,No,Yes,No,No,1,51.1,2092.9,0,52.322500000000005,0,0,0,0,0,1,0,0,0,1,0,0
4462-CYWMH,0,1,1,0,62,1,Yes,No,Yes,No,No,No,Yes,1,89.8,5629.55,0,90.7991935483871,0,0,1,0,0,0,0,0,0,0,0,1
8963-MQVYN,1,0,0,1,22,1,No,No internet service,No internet service,No internet service,No internet service,No internet service,No internet service,1,20.55,469.85,0,21.356818181818184,0,0,0,1,0,1,0,1,0,0,0,0
2458-EOMRE,1,0,0,0,11,1,No,Yes,No,Yes,No,No,Yes,0,64.05,733.95,0,66.72272727272728,0,0,0,0,0,0,0,0,0,0,0,0
9334-GWGOW,0,1,1,0,7,1,Yes,No,No,No,No,No,No,1,74.85,485.25,0,69.32142857142857,0,0,1,0,0,1,0,0,0,0,0,0
6821-BUXUX,1,0,0,0,13,1,Yes,Yes,Yes,No,No,Yes,No,1,96.65,1244.5,1,95.73076923076923,0,0,1,0,0,1,0,1,0,0,0,0
5028-HTLJB,0,1,0,0,1,1,No,No internet service,No internet service,No internet service,No internet service,No internet service,No internet service,0,20.05,20.05,1,20.05,0,0,0,1,0,0,1,0,0,0,0,0
9801-GDWGV,1,0,0,0,39,1,Yes,No,Yes,Yes,No,Yes,Yes,1,103.45,3994.45,1,102.42179487179487,0,0,1,0,0,1,0,0,0,1,0,0
6542-LWGXJ,0,0,1,0,3,0,No phone service,No,No,No,No,No,No,0,25.0,78.25,0,26.083333333333332,0,0,0,0,0,0,1,0,0,0,0,0
5567-GZKQY,0,0,0,0,58,1,No,No internet service,No internet service,No internet service,No internet service,No internet service,No internet service,0,20.3,1131.5,0,19.50862068965517,0,1,0,1,1,0,0,0,0,0,1,0
1222-LRYKO,0,0,0,1,6,1,Yes,No internet service,No internet service,No internet service,No internet service,No internet service,No internet service,0,26.35,184.05,0,30.675,0,0,0,1,0,0,1,0,0,0,0,0
2320-JRSDE,1,0,1,1,1,1,No,No internet service,No internet service,No internet service,No internet service,No internet service,No internet service,1,19.9,19.9,1,19.9,0,0,0,1,0,1,0,0,0,0,0,0
2087-QAREY,1,0,1,0,22,1,No,No,Yes,Yes,No,No,No,1,54.7,1178.75,0,53.57954545454545,0,0,0,0,0,0,1,1,0,0,0,0
0601-WZHJF,0,0,1,0,14,0,No phone service,No,No,No,No,Yes,Yes,0,46.35,667.7,1,47.69285714285714,0,0,0,0,0,1,0,1,0,0,0,0
4423-JWZJN,0,0,1,1,64,1,Yes,No,No,Yes,No,No,Yes,0,90.25,5629.15,0,87.95546875,1,0,1,0,1,0,0,0,0,0,0,1
5143-WMWOG,0,0,0,0,1,1,No,No internet service,No internet service,No internet service,No internet service,No internet service,No internet service,0,19.95,19.95,1,19.95,0,0,0,1,0,1,0,0,0,0,0,0
6490-FGZAT,0,0,0,0,6,1,No,No internet service,No internet service,No internet service,No internet service,No internet service,No internet service,0,20.65,109.3,0,18.216666666666665,0,0,0,1,0,0,1,0,0,0,0,0
5393-RXQSZ,0,0,0,0,1,1,No,No,No,No,No,No,Yes,0,79.6,79.6,1,79.6,0,0,1,0,0,1,0,0,0,0,0,0
7452-FOLON,0,0,0,1,39,1,Yes,No internet service,No internet service,No internet service,No internet service,No internet service,No internet service,0,25.45,958.45,0,24.575641025641026,1,0,0,1,0,0,0,0,0,1,0,0
2320-TZRRH,1,0,0,0,20,1,No,No internet service,No internet service,No internet service,No internet service,No internet service,No internet service,0,19.5,403.15,0,20.1575,1,0,0,1,0,0,1,1,0,0,0,0
0231-LXVAP,0,0,0,0,1,1,No,No,No,No,Yes,No,No,1,75.9,75.9,1,75.9,0,0,1,0,0,1,0,0,0,0,0,0
9444-JTXHZ,0,0,1,0,1,1,No,No,No,Yes,No,No,No,0,76.2,76.2,1,76.2,0,0,1,0,0,1,0,0,0,0,0,0
4942-VZZOM,0,0,1,0,64,1,Yes,Yes,No,No,No,Yes,No,1,66.15,4392.5,0,68.6328125,1,0,0,0,1,0,0,0,0,0,0,1
5510-BOIUJ,0,0,0,1,1,1,No,No internet service,No internet service,No internet service,No internet service,No internet service,No internet service,0,19.25,19.25,1,19.25,0,0,0,1,0,0,1,0,0,0,0,0
7502-BNYGS,1,0,1,0,46,1,No,No,Yes,No,No,Yes,Yes,1,69.1,3168.0,0,68.8695652173913,0,0,0,0,1,0,0,0,0,1,0,0
4291-HYEBC,1,1,1,1,28,0,No phone service,No,Yes,No,No,No,Yes,1,39.1,1096.6,0,39.16428571428571,1,0,0,0,0,1,0,0,1,0,0,0
6147-CBCRA,1,0,1,0,33,1,No,No internet service,No internet service,No internet service,No internet service,No internet service,No internet service,0,20.05,669.45,0,20.28636363636364,0,0,0,1,0,0,1,0,1,0,0,0
6047-SUHPR,0,0,1,1,39,1,No,Yes,Yes,Yes,No,No,No,0,59.8,2343.85,0,60.09871794871795,1,0,0,0,0,1,0,0,0,1,0,0
4471-KXAUH,1,0,1,0,42,1,Yes,No,No,Yes,Yes,No,No,1,84.3,3588.4,1,85.43809523809524,0,0,1,0,0,1,0,0,0,1,0,0
9752-ZNQUT,1,0,0,0,1,1,No,No,Yes,No,No,No,No,1,48.6,48.6,0,48.6,0,0,0,0,0,1,0,0,0,0,0,0
7638-QVMVY,1,0,0,0,7,1,No,No,No,No,No,Yes,No,1,79.0,522.95,1,74.70714285714287,0,0,1,0,0,1,0,0,0,0,0,0
1576-PFZIW,0,1,1,0,70,1,No,Yes,Yes,Yes,No,Yes,Yes,0,105.35,7511.9,0,107.31285714285714,0,1,1,0,1,0,0,0,0,0,0,1
5666-MBJPT,0,0,0,0,65,1,Yes,No internet service,No internet service,No internet service,No internet service,No internet service,No internet service,1,25.1,1725.0,0,26.53846153846154,0,1,0,1,0,0,0,0,0,0,0,1
7312-XSBAT,0,0,0,0,1,1,No,Yes,No,No,No,No,No,0,49.75,49.75,0,49.75,0,0,0,0,0,1,0,0,0,0,0,0
3096-GKWEB,0,0,1,0,18,1,Yes,No,No,No,No,Yes,Yes,1,94.75,1691.9,0,93.99444444444445,0,0,1,0,0,1,0,1,0,0,0,0
2371-JQHZZ,0,0,1,0,24,1,Yes,No,No,No,No,Yes,Yes,1,93.0,2248.05,0,93.66875,0,0,1,0,0,1,0,1,0,0,0,0
0674-GCDXG,0,0,0,0,63,1,Yes,Yes,No,Yes,Yes,No,Yes,1,71.9,4479.2,0,71.0984126984127,0,1,0,0,0,0,0,0,0,0,0,1
1121-QSIVB,1,0,0,1,44,1,Yes,No,Yes,No,No,Yes,Yes,1,77.55,3471.1,0,78.88863636363637,1,0,0,0,0,0,1,0,0,1,0,0
4396-KLSEH,0,0,0,0,4,1,No,No internet service,No internet service,No internet service,No internet service,No internet service,No internet service,1,19.85,63.0,0,15.75,0,0,0,1,0,1,0,0,0,0,0,0
3244-DCJWY,1,0,0,0,1,1,No,No,No,No,No,No,No,1,70.25,70.25,1,70.25,0,0,1,0,0,1,0,0,0,0,0,0
2824-MYYBN,1,0,1,1,37,1,Yes,No,No,No,No,Yes,Yes,1,95.25,3314.15,0,89.57162162162163,0,0,1,0,0,1,0,0,0,1,0,0
0875-CABNR,1,1,0,0,10,1,No,No,No,Yes,No,No,Yes,1,84.6,865.55,1,86.55499999999999,0,0,1,0,1,0,0,0,0,0,0,0
6345-HOVES,0,0,0,0,34,0,No phone service,No,No,No,No,No,No,1,25.05,852.7,0,25.079411764705885,0,0,0,0,0,0,0,0,1,0,0,0
8318-LCNBW,0,0,1,0,35,0,No phone service,Yes,No,Yes,No,Yes,Yes,0,53.15,1930.9,0,55.16857142857143,1,0,0,0,1,0,0,0,1,0,0,0
6469-QJKZW,1,0,1,0,4,1,No,No internet service,No internet service,No internet service,No internet service,No internet service,No internet service,0,20.15,91.4,0,22.85,0,0,0,1,0,1,0,0,0,0,0,0
0147-ESWWR,1,1,1,0,39,1,Yes,No,No,No,Yes,Yes,Yes,1,101.25,3949.15,0,101.26025641025642,0,0,1,0,0,1,0,0,0,1,0,0
1217-VASWC,0,1,1,0,43,1,No,No,Yes,Yes,No,Yes,Yes,1,100.55,4304.0,0,100.09302325581395,1,0,1,0,0,0,0,0,0,1,0,0
7812-FZHPE,1,0,1,1,17,1,Yes,No internet service,No internet service,No internet service,No internet service,No internet service,No internet service,0,24.1,409.9,1,24.11176470588235,0,0,0,1,0,0,1,1,0,0,0,0
6370-ZVHDV,1,0,1,0,61,1,Yes,No internet service,No internet service,No internet service,No internet service,No internet service,No internet service,0,25.3,1554.9,0,25.49016393442623,0,1,0,1,0,0,0,0,0,0,0,1
5915-DGNVC,1,0,1,0,49,1,Yes,Yes,Yes,Yes,No,No,Yes,0,71.8,3472.05,0,70.85816326530613,1,0,0,0,0,1,0,0,0,0,1,0
6260-XLACS,0,0,0,0,4,1,No,No internet service,No internet service,No internet service,No internet service,No internet service,No internet service,0,19.7,117.8,0,29.45,1,0,0,1,0,0,1,0,0,0,0,0
3566-CAAYU,1,0,1,1,64,0,No phone service,No,Yes,Yes,Yes,No,Yes,0,49.85,3210.35,0,50.16171875,0,1,0,0,0,1,0,0,0,0,0,1
4983-CCWMC,0,0,0,0,3,1,No,No,No,No,No,No,No,1,69.6,207.4,0,69.13333333333334,0,0,1,0,0,0,1,0,0,0,0,0
9103-CXVOK,0,0,1,1,1,1,No,No internet service,No internet service,No internet service,No internet service,No internet service,No internet service,0,19.75,19.75,0,19.75,0,0,0,1,0,1,0,0,0,0,0,0
2896-TBNBE,0,0,1,0,40,1,No,No,Yes,Yes,No,No,No,0,80.8,3132.75,0,78.31875,1,0,1,0,0,1,0,0,0,1,0,0
4797-AXPXK,1,0,0,1,1,1,No,Yes,Yes,No,Yes,No,No,1,60.0,60.0,1,60.0,0,0,0,0,0,1,0,0,0,0,0,0
5229-PRWKT,0,0,0,0,8,1,Yes,No,No,No,No,No,Yes,1,86.55,649.65,1,81.20625,0,0,1,0,0,1,0,0,0,0,0,0
6982-UQZLY,1,1,1,0,1,1,No,No internet service,No internet service,No internet service,No internet service,No internet service,No internet service,1,20.85,20.85,1,20.85,0,0,0,1,0,0,1,0,0,0,0,0
2522-WLNSF,1,1,1,0,34,1,No,No,No,Yes,Yes,Yes,No,0,64.2,2106.3,0,61.95,1,0,0,0,0,0,0,0,1,0,0,0
3841-CONLJ,1,0,1,0,1,0,No phone service,No,No,No,No,No,Yes,0,35.0,35.0,0,35.0,0,0,0,0,0,1,0,0,0,0,0,0
5057-LCOUI,1,0,0,0,39,0,No phone service,No,No,Yes,No,Yes,Yes,1,50.75,2011.4,1,51.57435897435898,0,0,0,0,0,1,0,0,0,1,0,0
0193-ESZXP,1,1,1,0,58,1,No,Yes,Yes,No,Yes,Yes,Yes,1,105.5,6205.5,1,106.99137931034483,1,0,1,0,1,0,0,0,0,0,1,0
4475-NVTLU,0,0,1,1,45,1,No,No internet service,No internet service,No internet service,No internet service,No internet service,No internet service,0,19.2,903.7,0,20.082222222222224,0,1,0,1,0,1,0,0,0,1,0,0
4369-HTUIF,0,1,0,0,6,1,No,Yes,No,No,No,Yes,No,1,85.15,503.6,1,83.93333333333334,0,0,1,0,0,0,0,0,0,0,0,0
9386-LDCZR,0,0,0,0,43,1,No,Yes,Yes,Yes,Yes,No,No,1,90.65,3882.3,0,90.28604651162792,1,0,1,0,1,0,0,0,0,1,0,0
9585-KKMFD,0,0,1,1,41,1,No,No internet service,No internet service,No internet service,No internet service,No internet service,No internet service,1,20.0,879.8,0,21.458536585365852,0,1,0,1,0,0,1,0,0,1,0,0
5399-ZIMKF,0,0,0,0,5,1,No,No,Yes,No,No,No,No,1,74.65,383.65,0,76.72999999999999,0,0,1,0,0,1,0,0,0,0,0,0
0336-KXKFK,0,0,0,0,72,0,No phone service,Yes,No,Yes,Yes,Yes,Yes,1,61.2,4390.25,0,60.97569444444444,0,1,0,0,1,0,0,0,0,0,0,1
5619-XZZKR,0,0,0,0,4,1,No,No internet service,No internet service,No internet service,No internet service,No internet service,No internet service,0,19.95,68.2,0,17.05,1,0,0,1,0,0,1,0,0,0,0,0
3948-FVVRP,0,0,1,1,9,1,No,No,Yes,No,Yes,No,No,0,54.8,452.8,0,50.31111111111111,0,0,0,0,0,0,1,0,0,0,0,0
5327-XOKKY,0,1,1,0,72,1,Yes,No,No,Yes,No,Yes,Yes,1,73.45,5329.0,0,74.01388888888889,0,1,0,0,1,0,0,0,0,0,0,1
0983-TATYJ,1,0,1,0,33,1,No,No,No,No,Yes,No,No,1,51.45,1758.9,0,53.300000000000004,1,0,0,0,0,0,1,0,1,0,0,0
1813-JYWTO,1,0,1,0,72,1,Yes,Yes,No,No,No,No,No,0,80.45,5737.6,0,79.6888888888889,0,1,1,0,0,0,0,0,0,0,0,1
0156-FVPTA,0,0,1,0,22,1,No,Yes,No,No,Yes,No,No,1,54.2,1152.7,1,52.39545454545455,0,0,0,0,0,1,0,1,0,0,0,0
1984-FCOWB,1,0,1,0,70,1,Yes,No,Yes,Yes,Yes,Yes,Yes,1,109.5,7674.55,1,109.63642857142857,1,0,1,0,0,1,0,0,0,0,0,1
0654-HMSHN,0,0,1,1,21,1,Yes,No,Yes,Yes,No,Yes,Yes,0,104.4,2157.95,1,102.7595238095238,0,0,1,0,0,1,0,1,0,0,0,0
6719-OXYBR,0,0,0,0,15,1,No,No,No,Yes,No,Yes,No,0,85.3,1219.85,0,81.32333333333332,0,0,1,0,0,1,0,1,0,0,0,0
3312-ZWLGF,0,1,1,0,29,1,Yes,No,No,No,Yes,No,No,1,79.3,2414.55,0,83.26034482758621,0,0,1,0,0,1,0,0,1,0,0,0
6476-YHMGA,1,0,1,1,15,1,No,No,Yes,Yes,Yes,Yes,Yes,0,76.5,1155.6,0,77.03999999999999,0,0,0,0,0,0,0,1,0,0,0,0
5287-QWLKY,0,1,1,1,71,1,Yes,Yes,Yes,No,No,Yes,Yes,1,105.1,7548.1,1,106.3112676056338,0,0,1,0,1,0,0,0,0,0,0,1
0795-XCCTE,0,1,0,0,72,1,Yes,No internet service,No internet service,No internet service,No internet service,No internet service,No internet service,0,25.4,1809.35,0,25.12986111111111,0,1,0,1,0,0,0,0,0,0,0,1
0168-XZKBB,1,0,1,0,19,1,Yes,No,No,No,No,Yes,No,1,86.85,1564.4,0,82.33684210526316,0,0,1,0,0,1,0,1,0,0,0,0
3785-NRHYR,0,0,0,0,1,1,No,No internet service,No internet service,No internet service,No internet service,No internet service,No internet service,0,19.65,19.65,0,19.65,0,0,0,1,0,0,1,0,0,0,0,0
5196-SGOAK,1,0,0,0,1,1,No,No,Yes,No,No,No,No,1,75.7,75.7,1,75.7,0,0,1,0,0,1,0,0,0,0,0,0
4537-DKTAL,1,0,0,0,2,1,No,No,No,No,No,No,No,0,45.55,84.4,0,42.2,0,0,0,0,0,1,0,0,0,0,0,0
7072-MBHEV,1,1,1,1,11,1,Yes,No,No,Yes,No,No,No,1,78.1,864.85,0,78.62272727272727,0,0,1,0,1,0,0,0,0,0,0,0
5602-BVFMK,1,0,0,0,12,1,No,No internet service,No internet service,No internet service,No internet service,No internet service,No internet service,0,19.3,228.75,0,19.0625,1,0,0,1,0,0,1,0,0,0,0,0
6297-NOOPG,1,0,1,0,70,1,Yes,No,Yes,Yes,Yes,Yes,Yes,1,110.5,7752.05,0,110.74357142857143,0,1,1,0,0,1,0,0,0,0,0,1
1891-UAWWU,1,1,1,0,20,1,Yes,No,No,Yes,No,Yes,No,0,90.8,1951.0,1,97.55,0,0,1,0,0,1,0,1,0,0,0,0
8204-TIFGJ,1,0,0,0,23,1,No,No internet service,No internet service,No internet service,No internet service,No internet service,No internet service,1,20.3,470.6,0,20.460869565217394,0,0,0,1,0,0,0,1,0,0,0,0
8050-DVOJX,0,1,0,0,49,1,Yes,Yes,Yes,Yes,Yes,No,Yes,0,81.35,4060.9,0,82.87551020408164,0,1,0,0,1,0,0,0,0,0,1,0
6108-OQZDQ,1,0,1,1,4,1,Yes,No,Yes,No,No,Yes,Yes,1,97.95,384.5,1,96.125,0,0,1,0,0,1,0,0,0,0,0,0
0363-QJVFX,0,0,0,0,32,1,Yes,Yes,Yes,No,Yes,Yes,Yes,1,108.15,3432.9,1,107.278125,0,0,1,0,1,0,0,0,1,0,0,0
8903-XEBGX,0,0,0,1,2,1,No,No,No,No,No,No,Yes,1,55.3,108.65,0,54.325,0,0,0,0,0,1,0,0,0,0,0,0
8169-SAEJD,0,1,1,0,69,0,No phone service,Yes,Yes,No,No,Yes,Yes,0,56.55,3952.65,0,57.28478260869565,0,1,0,0,1,0,0,0,0,0,0,1
9840-DVNDC,0,0,0,0,6,1,No,No,No,No,No,Yes,No,1,80.5,463.05,1,77.175,0,0,1,0,1,0,0,0,0,0,0,0
1089-XZWHH,1,0,1,1,24,1,No,No internet service,No internet service,No internet service,No internet service,No internet service,No internet service,1,19.7,494.05,0,20.585416666666667,0,1,0,1,0,0,1,1,0,0,0,0
2325-WINES,1,0,0,0,32,1,Yes,No,Yes,Yes,No,Yes,Yes,1,104.05,3416.85,0,106.7765625,1,0,1,0,1,0,0,0,1,0,0,0
6064-ZATLR,1,0,0,0,27,1,No,Yes,Yes,No,No,No,No,0,52.85,1498.65,0,55.50555555555556,0,1,0,0,0,0,0,0,1,0,0,0
3096-JRDSO,1,1,1,0,27,1,Yes,Yes,No,No,Yes,Yes,Yes,1,104.3,2867.75,1,106.21296296296296,0,0,1,0,0,0,0,0,1,0,0,0
7824-PANSQ,0,0,0,0,58,1,Yes,No,No,No,Yes,No,No,0,80.65,4807.35,0,82.88534482758621,0,0,1,0,0,0,0,0,0,0,1,0
8042-JVNFH,0,0,0,0,1,1,No,No,No,No,No,No,No,1,71.35,71.35,1,71.35,0,0,1,0,0,0,1,0,0,0,0,0
9648-BCHKM,1,0,1,1,18,1,Yes,No internet service,No internet service,No internet service,No internet service,No internet service,No internet service,1,24.65,471.35,0,26.186111111111114,0,1,0,1,1,0,0,1,0,0,0,0
2888-ADFAO,1,0,1,1,47,1,No,No internet service,No internet service,No internet service,No internet service,No internet service,No internet service,1,21.3,1041.8,0,22.16595744680851,0,1,0,1,0,0,0,0,0,1,0,0
8707-HOEDG,1,0,1,1,70,1,Yes,No,Yes,Yes,Yes,Yes,Yes,1,110.2,7689.8,0,109.85428571428572,0,1,1,0,0,1,0,0,0,0,0,1
3374-LXDEV,1,0,0,0,13,1,Yes,No,Yes,Yes,Yes,No,No,0,89.4,1132.35,1,87.10384615384615,0,0,1,0,0,1,0,1,0,0,0,0
4072-IPYLT,1,0,1,1,36,1,No,Yes,No,No,No,No,No,0,51.05,1815.0,0,50.416666666666664,0,0,0,0,1,0,0,0,1,0,0,0
7167-PCEYD,0,0,0,0,67,1,No,No internet service,No internet service,No internet service,No internet service,No internet service,No internet service,1,19.8,1311.3,0,19.571641791044776,0,1,0,1,0,0,1,0,0,0,0,1
4936-YPJNK,1,0,0,0,10,1,No,No internet service,No internet service,No internet service,No internet service,No internet service,No internet service,1,19.9,199.45,0,19.945,0,0,0,1,0,0,1,0,0,0,0,0
1580-BMCMR,0,1,0,0,19,1,No,Yes,No,No,No,No,Yes,1,87.3,1637.3,0,86.17368421052632,0,0,1,0,0,1,0,1,0,0,0,0
4817-KEQSP,1,0,1,1,71,1,No,No internet service,No internet service,No internet service,No internet service,No internet service,No internet service,0,19.85,1326.35,0,18.680985915492958,0,1,0,1,0,0,0,0,0,0,0,1
6408-WHTEF,0,0,1,1,72,1,Yes,Yes,Yes,Yes,Yes,Yes,Yes,1,89.4,6376.55,0,88.56319444444445,0,1,0,0,0,0,1,0,0,0,0,1
9251-AWQGT,1,0,1,1,48,1,No,No internet service,No internet service,No internet service,No internet service,No internet service,No internet service,0,20.0,935.9,0,19.497916666666665,0,1,0,1,0,0,1,0,0,1,0,0
8749-CLJXC,0,0,0,0,1,1,No,No internet service,No internet service,No internet service,No internet service,No internet service,No internet service,0,20.05,20.05,0,20.05,0,0,0,1,0,0,1,0,0,0,0,0
7989-VCQOH,0,0,1,1,18,1,No,Yes,No,Yes,Yes,Yes,Yes,0,83.25,1611.15,0,89.50833333333334,0,0,0,0,0,1,0,1,0,0,0,0
5049-GLYVG,0,0,0,0,1,1,No,No internet service,No internet service,No internet service,No internet service,No internet service,No internet service,0,20.6,20.6,1,20.6,0,0,0,1,0,0,1,0,0,0,0,0
4199-QHJNM,0,1,1,0,67,1,Yes,No,Yes,No,Yes,Yes,Yes,0,102.9,6989.7,0,104.32388059701492,0,1,1,0,0,0,0,0,0,0,0,1
8882-TLVRW,0,0,1,1,69,0,No phone service,Yes,No,Yes,Yes,No,No,0,39.1,2779.5,0,40.28260869565217,0,1,0,0,0,0,1,0,0,0,0,1
5883-GTGVD,0,0,0,0,19,1,Yes,No,Yes,No,No,Yes,Yes,1,99.95,1931.75,1,101.67105263157895,0,0,1,0,0,1,0,1,0,0,0,0
5135-GRQJV,0,1,1,0,72,1,Yes,Yes,Yes,Yes,Yes,Yes,Yes,1,114.5,8331.95,0,115.7215277777778,0,1,1,0,0,0,1,0,0,0,0,1
2384-OVPSA,1,1,0,0,38,1,No,No internet service,No internet service,No internet service,No internet service,No internet service,No internet service,0,20.2,735.9,0,19.36578947368421,0,1,0,1,0,0,1,0,0,1,0,0
1371-WEPDS,0,1,1,0,40,1,No,No,No,No,No,No,Yes,0,55.8,2283.3,0,57.0825,1,0,0,0,0,1,0,0,0,1,0,0
3580-GICBM,1,0,1,1,61,1,Yes,No internet service,No internet service,No internet service,No internet service,No internet service,No internet service,1,24.2,1445.2,0,23.691803278688525,0,1,0,1,0,0,1,0,0,0,0,1
4817-QRJSX,1,0,0,0,10,1,Yes,No,Yes,No,No,No,No,1,81.0,818.05,1,81.80499999999999,0,0,1,0,1,0,0,0,0,0,0,0
9730-DRTMJ,0,0,1,0,32,1,Yes,Yes,No,No,Yes,Yes,No,1,72.8,2333.05,0,72.9078125,1,0,0,0,1,0,0,0,1,0,0,0
4686-UXDML,1,0,0,0,21,1,Yes,No,Yes,No,No,Yes,Yes,1,99.85,1992.55,0,94.88333333333333,0,0,1,0,1,0,0,1,0,0,0,0
3349-ANQNH,1,1,0,0,59,1,Yes,No,No,Yes,No,Yes,Yes,1,99.5,5890.0,0,99.83050847457628,1,0,1,0,0,1,0,0,0,0,1,0
2398-YPMUR,1,1,1,0,13,1,No,No,No,No,No,No,No,1,70.15,916.75,1,70.51923076923077,0,0,1,0,0,1,0,1,0,0,0,0
0932-YIXYU,1,0,0,0,47,1,No,No internet service,No internet service,No internet service,No internet service,No internet service,No internet service,0,20.25,1029.8,0,21.91063829787234,0,1,0,1,1,0,0,0,0,1,0,0
7480-SPLEF,0,0,1,1,69,1,Yes,No internet service,No internet service,No internet service,No internet service,No internet service,No internet service,1,26.0,1796.55,0,26.03695652173913,0,1,0,1,0,0,0,0,0,0,0,1
7636-XUHWW,0,0,0,0,2,1,No,No internet service,No internet service,No internet service,No internet service,No internet service,No internet service,1,19.9,33.7,0,16.85,0,0,0,1,1,0,0,0,0,0,0,0
1431-CYWMH,1,0,1,1,22,1,No,No internet service,No internet service,No internet service,No internet service,No internet service,No internet service,0,19.05,454.05,0,20.638636363636365,0,0,0,1,0,0,0,1,0,0,0,0
5937-EORGB,0,1,1,0,15,1,Yes,Yes,No,Yes,No,Yes,No,1,96.5,1392.25,0,92.81666666666666,0,0,1,0,0,1,0,1,0,0,0,0
6349-JDHQP,1,0,0,0,53,1,No,No internet service,No internet service,No internet service,No internet service,No internet service,No internet service,0,19.85,1049.6,0,19.80377358490566,0,1,0,1,1,0,0,0,0,0,1,0
5539-HIVAK,1,1,1,0,28,1,Yes,No internet service,No internet service,No internet service,No internet service,No internet service,No internet service,0,25.7,734.6,0,26.235714285714288,0,0,0,1,0,0,1,0,1,0,0,0
5847-MXBEO,0,0,0,0,22,1,No,No internet service,No internet service,No internet service,No internet service,No internet service,No internet service,0,20.3,475.1,0,21.595454545454547,1,0,0,1,0,0,1,1,0,0,0,0
9985-MWVIX,1,0,0,0,1,1,No,No,No,No,No,No,No,1,70.15,70.15,1,70.15,0,0,1,0,0,0,1,0,0,0,0,0
4583-PARNH,0,1,1,0,16,1,No,No,No,Yes,Yes,No,Yes,1,91.55,1540.05,0,96.253125,0,0,1,0,0,1,0,1,0,0,0,0
1116-FRYVH,1,0,1,1,48,0,No phone service,Yes,Yes,No,Yes,No,No,0,39.4,1978.65,0,41.221875000000004,0,1,0,0,0,0,1,0,0,1,0,0
1421-HCERK,0,1,1,0,30,1,Yes,Yes,Yes,Yes,Yes,Yes,No,1,105.7,3181.8,0,106.06,0,0,1,0,0,0,0,0,1,0,0,0
9633-XQABV,1,0,0,0,3,1,No,No,No,No,No,No,No,1,70.25,229.7,0,76.56666666666666,0,0,1,0,0,1,0,0,0,0,0,0
0716-BQNDX,0,1,0,0,57,1,Yes,Yes,No,No,Yes,No,Yes,0,93.75,5625.55,0,98.69385964912281,0,1,1,0,0,1,0,0,0,0,1,0
1265-XTECC,1,1,1,0,68,1,Yes,Yes,Yes,No,No,No,Yes,1,96.55,6581.9,1,96.79264705882352,1,0,1,0,1,0,0,0,0,0,0,1
1183-CANVH,1,0,1,0,23,1,No,No,No,No,Yes,Yes,No,0,60.0,1347.15,0,58.571739130434786,1,0,0,0,0,0,0,1,0,0,0,0
1972-XMUWV,1,0,1,0,65,1,No,No,No,No,Yes,Yes,No,1,59.8,3808.2,0,58.58769230769231,0,1,0,0,1,0,0,0,0,0,0,1
8679-LZBMD,0,0,1,0,44,1,No,No,No,No,No,Yes,Yes,1,90.65,3974.15,0,90.32159090909092,1,0,1,0,0,0,0,0,0,1,0,0
3407-JMJQQ,1,0,1,1,71,1,Yes,Yes,Yes,Yes,No,Yes,Yes,1,109.0,7661.8,0,107.91267605633803,0,1,1,0,0,0,0,0,0,0,0,1
6252-DFGTK,1,0,1,0,37,1,Yes,Yes,No,Yes,Yes,No,No,0,68.1,2479.25,0,67.00675675675676,1,0,0,0,1,0,0,0,0,1,0,0
1539-LNKHM,1,0,0,0,12,1,No,No internet service,No internet service,No internet service,No internet service,No internet service,No internet service,0,20.4,266.6,0,22.21666666666667,0,0,0,1,0,0,1,0,0,0,0,0
8645-KOMJQ,0,0,1,1,69,1,Yes,No,Yes,Yes,Yes,Yes,Yes,1,81.95,5601.4,0,81.17971014492753,0,1,0,0,0,0,0,0,0,0,0,1
0289-IVARM,1,0,0,0,35,1,No,Yes,Yes,Yes,No,No,No,0,60.55,1982.6,0,56.645714285714284,0,0,0,0,0,1,0,0,1,0,0,0
9761-XUJWD,0,0,0,0,5,1,No,No,Yes,No,Yes,No,Yes,1,65.6,339.9,0,67.97999999999999,0,0,0,0,0,0,0,0,0,0,0,0
4057-FKCZK,0,0,1,1,58,1,Yes,No,No,No,No,Yes,No,0,82.5,4828.05,0,83.24224137931034,0,1,1,0,0,0,0,0,0,0,1,0
4291-TPNFG,0,0,1,0,72,1,Yes,Yes,Yes,Yes,Yes,No,Yes,1,82.3,5980.55,0,83.06319444444445,0,1,0,0,0,0,0,0,0,0,0,1
6087-YPWHO,0,0,1,0,72,1,Yes,Yes,Yes,Yes,Yes,No,No,0,68.15,4808.7,0,66.7875,0,1,0,0,0,0,1,0,0,0,0,1
3090-QFUVD,1,0,0,0,1,1,No,No internet service,No internet service,No internet service,No internet service,No internet service,No internet service,0,20.3,20.3,0,20.3,0,0,0,1,1,0,0,0,0,0,0,0
2237-ZFSMY,1,0,0,0,39,1,No,Yes,No,Yes,Yes,Yes,No,1,95.55,3692.85,1,94.68846153846154,1,0,1,0,0,1,0,0,0,1,0,0
1722-LDZJS,0,0,1,1,53,1,No,No internet service,No internet service,No internet service,No internet service,No internet service,No internet service,0,20.2,1068.15,0,20.15377358490566,1,0,0,1,1,0,0,0,0,0,1,0
1818-ESQMW,1,0,0,0,27,1,No,No,No,Yes,Yes,No,Yes,1,89.2,2383.6,0,88.28148148148148,0,0,1,0,0,1,0,0,1,0,0,0
4871-JTKJF,1,1,0,0,1,1,No,No,No,No,No,No,No,1,69.65,69.65,1,69.65,0,0,1,0,0,1,0,0,0,0,0,0
1415-YFWLT,1,1,0,0,1,1,No,No,No,No,No,Yes,Yes,1,89.3,89.3,1,89.3,0,0,1,0,0,1,0,0,0,0,0,0
7401-RUBNK,1,0,1,0,18,1,No,Yes,No,No,No,No,No,0,74.8,1438.05,0,79.89166666666667,0,0,1,0,0,1,0,1,0,0,0,0
0506-YLVKJ,0,0,1,1,46,1,No,No internet service,No internet service,No internet service,No internet service,No internet service,No internet service,1,20.2,917.45,0,19.944565217391304,0,1,0,1,0,0,1,0,0,1,0,0
8661-BOYNW,1,0,1,0,72,1,Yes,Yes,No,Yes,Yes,Yes,Yes,1,84.4,6096.45,0,84.67291666666667,0,1,0,0,1,0,0,0,0,0,0,1
6711-VTNRE,1,0,0,0,36,1,No,No,No,Yes,Yes,No,Yes,1,87.55,3078.1,1,85.50277777777778,0,0,1,0,0,1,0,0,1,0,0,0
4815-GBTCD,1,0,1,0,4,0,No phone service,No,No,No,No,No,No,1,25.15,99.95,0,24.9875,0,0,0,0,0,1,0,0,0,0,0,0
2805-AUFQN,1,0,0,0,25,1,No,No internet service,No internet service,No internet service,No internet service,No internet service,No internet service,0,19.8,475.2,0,19.008,0,1,0,1,1,0,0,0,1,0,0,0
0980-PVMRC,1,0,1,1,40,0,No phone service,No,Yes,No,No,Yes,Yes,1,50.85,2036.55,0,50.91375,0,0,0,0,0,1,0,0,0,1,0,0
7233-DRTRF,0,0,1,0,63,1,Yes,No,Yes,Yes,No,Yes,Yes,1,102.4,6444.05,0,102.28650793650795,0,0,1,0,0,1,0,0,0,0,0,1
3500-RMZLT,1,1,0,0,15,1,No,Yes,No,Yes,Yes,No,Yes,1,96.3,1426.75,1,95.11666666666666,0,0,1,0,0,0,1,1,0,0,0,0
3873-NFTGI,0,0,0,0,14,1,Yes,No,Yes,No,No,No,No,1,55.5,767.55,0,54.824999999999996,0,0,0,0,1,0,0,1,0,0,0,0
1162-ECVII,0,1,1,0,72,1,Yes,No,Yes,Yes,Yes,Yes,Yes,1,109.75,7932.5,0,110.17361111111111,0,1,1,0,0,0,0,0,0,0,0,1
7048-GXDAY,0,0,0,0,39,1,Yes,Yes,Yes,No,No,Yes,Yes,1,106.4,4040.65,0,103.60641025641026,0,0,1,0,0,1,0,0,0,1,0,0
8571-ZCMCX,1,0,1,1,47,0,No phone service,Yes,Yes,Yes,No,Yes,Yes,1,60.0,2768.65,0,58.90744680851064,0,1,0,0,1,0,0,0,0,1,0,0
1169-WCVAK,0,0,1,0,19,1,Yes,Yes,Yes,No,Yes,No,No,1,88.8,1672.35,0,88.01842105263158,0,0,1,0,1,0,0,1,0,0,0,0
4548-SDBKE,1,0,0,0,5,1,Yes,No,No,No,No,Yes,No,1,85.2,474.8,1,94.96000000000001,0,0,1,0,0,1,0,0,0,0,0,0
8066-POXGX,1,0,0,0,13,0,No phone service,No,No,No,No,No,Yes,1,35.1,446.1,1,34.315384615384616,0,0,0,0,0,1,0,1,0,0,0,0
7129-CAKJW,1,0,0,0,17,1,Yes,No,No,Yes,No,No,No,0,80.05,1345.65,0,79.15588235294118,0,0,1,0,0,0,0,1,0,0,0,0
8695-ARGXZ,0,1,1,0,34,1,Yes,No,No,No,No,No,No,1,75.55,2425.4,0,71.33529411764707,0,0,1,0,0,1,0,0,1,0,0,0
3570-YUEKJ,1,0,0,0,42,1,No,No,Yes,No,No,No,No,1,49.55,2077.95,0,49.474999999999994,0,0,0,0,0,1,0,0,0,1,0,0
4143-OOBWZ,0,0,1,0,5,1,Yes,No,Yes,No,No,No,No,1,81.3,416.3,1,83.26,0,0,1,0,0,1,0,0,0,0,0,0
1555-HAPSU,1,0,1,1,71,1,Yes,No internet service,No internet service,No internet service,No internet service,No internet service,No internet service,0,23.9,1663.5,0,23.429577464788732,0,1,0,1,1,0,0,0,0,0,0,1
1697-NVVGY,0,1,1,0,19,1,No,Yes,No,Yes,No,Yes,No,0,66.4,1286.05,0,67.68684210526315,0,0,0,0,0,0,0,1,0,0,0,0
7854-EKTJL,1,0,0,1,2,1,No,No internet service,No internet service,No internet service,No internet service,No internet service,No internet service,1,19.6,35.85,1,17.925,0,0,0,1,0,1,0,0,0,0,0,0
8464-EETCQ,0,0,0,0,57,1,No,No internet service,No internet service,No internet service,No internet service,No internet service,No internet service,0,18.8,1094.35,0,19.19912280701754,0,1,0,1,1,0,0,0,0,0,1,0
2419-FSORS,0,0,1,0,72,1,Yes,No,Yes,Yes,Yes,Yes,Yes,1,108.4,7719.5,0,107.21527777777777,0,1,1,0,0,1,0,0,0,0,0,1
8132-YPVBX,1,0,0,0,6,1,No,No,Yes,No,No,No,Yes,1,85.95,514.6,0,85.76666666666667,0,0,1,0,0,0,1,0,0,0,0,0
9102-IAYHT,1,0,1,1,17,1,Yes,No,No,No,No,No,Yes,1,85.45,1451.6,1,85.38823529411764,0,0,1,0,0,1,0,1,0,0,0,0
6754-LZUKA,0,0,1,0,61,1,Yes,No,Yes,Yes,No,Yes,Yes,0,80.9,4932.5,0,80.86065573770492,0,1,0,0,0,0,0,0,0,0,0,1
3422-LYEPQ,0,0,1,1,1,1,No,No,No,No,No,No,No,1,71.0,71.0,1,71.0,0,0,1,0,0,1,0,0,0,0,0,0
8099-MZPUJ,0,0,1,1,48,1,Yes,Yes,Yes,Yes,Yes,Yes,Yes,0,111.8,5443.65,0,113.409375,0,1,1,0,1,0,0,0,0,1,0,0
0787-LHDYT,0,0,0,0,16,1,No,No internet service,No internet service,No internet service,No internet service,No internet service,No internet service,1,20.6,330.25,0,20.640625,0,0,0,1,1,0,0,1,0,0,0,0
2642-DTVCO,0,1,0,0,9,1,Yes,No,No,No,No,No,Yes,1,85.05,746.5,1,82.94444444444444,0,0,1,0,0,1,0,0,0,0,0,0
0374-IOEGQ,1,0,0,0,3,1,No,No,No,No,No,No,No,0,44.6,122.7,0,40.9,0,0,0,0,0,1,0,0,0,0,0,0
4361-JEIVL,0,0,0,1,1,1,No,No,No,No,No,No,No,1,44.4,44.4,1,44.4,0,0,0,0,0,1,0,0,0,0,0,0
3197-NNYNB,0,0,0,0,65,1,Yes,No,Yes,Yes,No,Yes,Yes,0,105.1,6631.85,0,102.02846153846154,0,1,1,0,1,0,0,0,0,0,0,1
3396-DKDEL,1,0,1,1,70,1,Yes,Yes,Yes,Yes,Yes,Yes,Yes,1,115.15,8250.0,0,117.85714285714286,0,1,1,0,1,0,0,0,0,0,0,1
1752-OZXFY,0,0,1,0,60,1,No,Yes,No,No,No,Yes,No,1,59.8,3561.15,0,59.3525,1,0,0,0,0,0,1,0,0,0,1,0
9066-QRSDU,1,0,1,0,69,1,Yes,No internet service,No internet service,No internet service,No internet service,No internet service,No internet service,1,26.3,1763.55,0,25.558695652173913,1,0,0,1,0,1,0,0,0,0,0,1
9112-WSNPU,1,1,0,0,35,1,No,No,No,No,No,No,No,0,70.55,2419.0,0,69.11428571428571,0,0,1,0,0,1,0,0,1,0,0,0
9867-NNXLC,1,0,0,0,22,1,No,No internet service,No internet service,No internet service,No internet service,No internet service,No internet service,1,20.05,470.2,0,21.37272727272727,0,0,0,1,0,0,1,1,0,0,0,0
5321-NTRKC,0,0,1,1,66,1,Yes,No,Yes,Yes,No,Yes,Yes,0,79.85,5234.95,0,79.31742424242424,0,1,0,0,0,0,0,0,0,0,0,1
1363-TXLSL,0,1,1,0,1,1,No,No,No,No,No,No,No,1,70.3,70.3,1,70.3,0,0,1,0,0,1,0,0,0,0,0,0
9507-EXLTT,1,0,1,0,1,1,No,No,No,No,No,Yes,No,1,79.35,79.35,1,79.35,0,0,1,0,0,0,0,0,0,0,0,0
3161-GETRM,0,0,1,1,34,1,Yes,No,No,Yes,No,No,Yes,1,90.05,3097.0,0,91.08823529411765,0,0,1,0,1,0,0,0,1,0,0,0
0402-OAMEN,1,0,1,1,72,1,Yes,No internet service,No internet service,No internet service,No internet service,No internet service,No internet service,0,24.45,1709.1,0,23.737499999999997,0,1,0,1,0,0,0,0,0,0,0,1
6933-VLYFX,0,0,1,1,31,0,No phone service,Yes,No,Yes,Yes,Yes,Yes,0,59.95,1848.8,0,59.63870967741936,1,0,0,0,0,1,0,0,1,0,0,0
6754-WKSHP,0,0,0,1,30,1,Yes,No internet service,No internet service,No internet service,No internet service,No internet service,No internet service,0,25.35,723.3,0,24.11,1,0,0,1,0,0,0,0,1,0,0,0
9846-GKXAS,1,0,0,0,9,1,No,No,No,No,No,Yes,Yes,1,90.8,809.75,1,89.97222222222223,0,0,1,0,0,0,0,0,0,0,0,0
6017-PPLPX,0,0,1,1,20,1,No,No,No,No,No,No,No,1,70.45,1470.95,1,73.5475,0,0,1,0,0,1,0,1,0,0,0,0
4976-LNFVV,0,1,1,0,19,0,No phone service,No,Yes,Yes,No,No,No,1,34.3,577.15,0,30.376315789473683,0,0,0,0,1,0,0,1,0,0,0,0
5055-MGMGF,1,0,1,0,65,1,Yes,Yes,No,Yes,No,Yes,Yes,1,105.05,6914.95,0,106.38384615384615,0,0,1,0,0,1,0,0,0,0,0,1
4641-FROLU,1,0,1,1,30,1,No,No internet service,No internet service,No internet service,No internet service,No internet service,No internet service,0,19.3,602.9,0,20.096666666666668,0,1,0,1,0,0,1,0,1,0,0,0
2862-JVEOY,0,0,0,0,6,1,No,No internet service,No internet service,No internet service,No internet service,No internet service,No internet service,0,19.15,124.4,0,20.733333333333334,1,0,0,1,0,0,1,0,0,0,0,0
2969-QWUBZ,1,0,0,0,2,0,No phone service,No,Yes,No,No,Yes,Yes,0,51.4,96.8,0,48.4,0,0,0,0,0,1,0,0,0,0,0,0
9822-BIIGN,0,0,1,1,53,1,Yes,Yes,No,No,Yes,No,Yes,0,71.85,3827.9,0,72.22452830188679,0,0,0,0,0,1,0,0,0,0,1,0
2077-MPJQO,0,1,1,0,7,1,Yes,No,No,No,No,No,No,1,75.4,533.05,0,76.14999999999999,0,0,1,0,0,1,0,0,0,0,0,0
1534-OULXE,1,0,1,1,61,1,No,Yes,No,No,No,No,No,1,49.7,2961.4,0,48.54754098360656,1,0,0,0,0,0,0,0,0,0,0,1
7136-RVDTZ,0,1,0,0,70,0,No phone service,No,No,No,No,Yes,Yes,1,45.25,3264.45,1,46.635,1,0,0,0,0,1,0,0,0,0,0,1
2971-SGAFL,1,0,0,0,13,1,Yes,Yes,No,Yes,No,Yes,Yes,1,78.75,995.35,0,76.56538461538462,0,0,0,0,0,1,0,1,0,0,0,0
1480-IVEVR,0,1,1,0,35,1,Yes,No,No,Yes,No,No,No,1,81.6,2815.25,0,80.43571428571428,1,0,1,0,0,0,0,0,1,0,0,0
2905-KFQUV,1,0,1,0,2,1,No,No,No,No,No,No,No,1,70.4,154.8,0,77.4,0,0,1,0,1,0,0,0,0,0,0,0
4581-SSPWD,1,0,0,0,3,1,Yes,No,No,No,No,No,No,1,75.8,246.3,1,82.10000000000001,0,0,1,0,0,1,0,0,0,0,0,0
3370-HXOPH,1,0,0,0,3,1,Yes,No,No,No,No,No,No,0,76.1,257.6,0,85.86666666666667,0,0,1,0,0,1,0,0,0,0,0,0
9391-YZEJW,1,0,0,0,62,1,Yes,No,No,No,No,Yes,Yes,1,94.0,5757.2,0,92.85806451612903,1,0,1,0,0,0,0,0,0,0,0,1
9958-MEKUC,0,0,1,1,72,1,Yes,Yes,Yes,Yes,Yes,No,Yes,0,103.95,7517.7,0,104.4125,0,1,1,0,1,0,0,0,0,0,0,1
0281-CNTZX,0,0,1,0,63,1,No,No internet service,No internet service,No internet service,No internet service,No internet service,No internet service,1,19.95,1234.8,0,19.599999999999998,0,1,0,1,0,0,0,0,0,0,0,1
6927-WTFIV,0,1,0,0,20,1,No,No,No,No,No,No,No,0,71.3,1389.2,1,69.46000000000001,0,0,1,0,1,0,0,1,0,0,0,0
4118-CEVPF,1,1,0,0,35,1,Yes,Yes,Yes,Yes,Yes,Yes,Yes,1,110.8,3836.3,0,109.60857142857144,1,0,1,0,0,0,0,0,1,0,0,0
3398-ZOUAA,0,1,1,0,21,1,No,No,No,No,No,No,No,1,69.1,1474.75,1,70.22619047619048,0,0,1,0,0,1,0,1,0,0,0,0
9114-VEPUF,0,0,1,0,62,1,Yes,Yes,Yes,No,No,No,Yes,0,96.1,6001.45,0,96.79758064516129,1,0,1,0,0,1,0,0,0,0,0,1
7876-BEUTG,1,0,0,0,15,1,Yes,No,No,No,No,No,No,1,48.8,720.1,0,48.00666666666667,0,0,0,0,0,0,1,1,0,0,0,0
2338-BQEZT,1,0,0,0,55,1,No,Yes,No,No,No,No,No,1,50.55,2832.75,0,51.50454545454546,0,0,0,0,1,0,0,0,0,0,1,0
9873-MNDKV,1,0,0,0,11,1,No,No,No,No,No,No,No,1,44.65,472.25,0,42.93181818181818,0,0,0,0,0,0,1,0,0,0,0,0
0378-NHQXU,1,0,1,1,17,1,Yes,No,No,Yes,No,Yes,No,0,88.25,1460.65,1,85.92058823529412,0,0,1,0,0,1,0,1,0,0,0,0
8241-JUIQO,1,0,0,0,61,1,No,No internet service,No internet service,No internet service,No internet service,No internet service,No internet service,0,19.45,1336.35,0,21.907377049180326,1,0,0,1,0,0,0,0,0,0,0,1
2194-IIQOF,1,0,1,0,71,1,Yes,Yes,Yes,Yes,Yes,Yes,Yes,0,89.3,6388.65,0,89.98098591549295,0,1,0,0,1,0,0,0,0,0,0,1
4512-ZUIYL,1,0,0,0,2,1,No,No,No,No,No,No,No,0,70.0,153.05,1,76.525,0,0,1,0,0,0,0,0,0,0,0,0
9631-RXVJM,0,0,0,0,35,1,No,No internet service,No internet service,No internet service,No internet service,No internet service,No internet service,0,19.25,677.9,0,19.36857142857143,0,1,0,1,0,0,1,0,1,0,0,0
9584-EXCDZ,1,0,0,0,17,1,No,No,No,No,No,No,No,0,70.5,1165.6,0,68.56470588235294,0,0,1,0,0,0,0,1,0,0,0,0
7969-AULMZ,1,0,0,0,21,1,Yes,No,No,No,No,Yes,Yes,1,97.35,2119.5,1,100.92857142857143,0,0,1,0,0,1,0,1,0,0,0,0
5093-FEGLU,1,0,1,0,47,1,No,No internet service,No internet service,No internet service,No internet service,No internet service,No internet service,0,19.65,921.55,0,19.607446808510637,0,1,0,1,0,0,0,0,0,1,0,0
2621-UDNLU,1,0,1,0,3,1,No,No internet service,No internet service,No internet service,No internet service,No internet service,No internet service,0,20.85,72.0,0,24.0,0,0,0,1,0,0,1,0,0,0,0,0
7526-IVLYU,0,0,0,0,3,1,No,No internet service,No internet service,No internet service,No internet service,No internet service,No internet service,1,19.65,68.35,0,22.78333333333333,0,0,0,1,0,0,1,0,0,0,0,0
2428-HYUNX,0,1,1,0,44,1,No,No internet service,No internet service,No internet service,No internet service,No internet service,No internet service,1,19.35,847.25,0,19.255681818181817,0,1,0,1,1,0,0,0,0,1,0,0
9214-EKVXR,1,0,0,0,1,1,No,No,No,No,No,No,No,1,44.0,44.0,0,44.0,0,0,0,0,0,0,1,0,0,0,0,0
3410-MHHUM,1,0,1,1,44,1,Yes,No,Yes,Yes,No,No,Yes,0,94.4,4295.35,0,97.62159090909091,1,0,1,0,0,1,0,0,0,1,0,0
0568-ONFPC,0,0,1,1,5,1,Yes,No internet service,No internet service,No internet service,No internet service,No internet service,No internet service,1,25.9,135.0,1,27.0,0,0,0,1,0,0,0,0,0,0,0,0
0733-VUNUW,0,0,0,0,24,1,Yes,Yes,No,No,No,No,No,1,55.65,1400.55,1,58.356249999999996,0,0,0,0,0,0,0,1,0,0,0,0
4550-EVXNY,1,0,0,1,1,1,No,No,No,No,No,No,No,1,69.65,69.65,1,69.65,0,0,1,0,0,1,0,0,0,0,0,0
2122-YWVYA,1,0,0,0,18,1,No,Yes,No,No,No,No,No,1,75.4,1380.4,0,76.6888888888889,0,0,1,0,0,1,0,1,0,0,0,0
2968-SSGAA,1,0,0,0,10,1,Yes,No,No,Yes,No,Yes,Yes,1,100.6,1060.2,1,106.02000000000001,0,0,1,0,0,1,0,0,0,0,0,0
2296-DKZFP,1,0,1,0,65,1,No,Yes,Yes,Yes,No,No,Yes,0,71.0,4386.2,0,67.48,0,1,0,0,0,0,0,0,0,0,0,1
4844-JJWUY,1,1,0,0,1,1,No,No,Yes,No,No,No,Yes,1,86.0,86.0,1,86.0,0,0,1,0,0,1,0,0,0,0,0,0
6777-TGHTM,1,0,0,0,53,1,Yes,Yes,No,Yes,No,Yes,Yes,1,106.95,5785.5,1,109.16037735849056,1,0,1,0,1,0,0,0,0,0,1,0
8909-BOLNL,0,0,0,0,3,1,No,No internet service,No internet service,No internet service,No internet service,No internet service,No internet service,0,21.2,52.05,0,17.349999999999998,1,0,0,1,0,0,1,0,0,0,0,0
6603-YRDCJ,0,0,1,0,33,1,No,Yes,Yes,No,Yes,No,No,1,61.05,2018.4,0,61.163636363636364,0,1,0,0,0,0,1,0,1,0,0,0
3538-WZPHD,0,0,0,0,3,0,No phone service,No,Yes,No,No,No,No,1,29.6,79.45,1,26.483333333333334,0,0,0,0,0,1,0,0,0,0,0,0
3229-USWAR,1,0,0,0,34,1,No,Yes,No,Yes,Yes,Yes,Yes,1,79.95,2727.3,0,80.21470588235294,1,0,0,0,0,0,0,0,1,0,0,0
2138-VFAPZ,1,0,1,1,14,1,No,No internet service,No internet service,No internet service,No internet service,No internet service,No internet service,1,19.7,263.65,0,18.832142857142856,0,1,0,1,0,0,1,1,0,0,0,0
6131-JLWZM,1,0,0,0,13,1,No,No internet service,No internet service,No internet service,No internet service,No internet service,No internet service,1,20.3,275.4,0,21.184615384615384,0,0,0,1,0,0,1,1,0,0,0,0
4785-QRJHC,0,1,1,0,46,0,No phone service,No,Yes,Yes,Yes,Yes,Yes,1,59.9,2816.65,1,61.231521739130436,1,0,0,0,0,0,0,0,0,1,0,0
0269-XFESX,0,0,1,1,23,1,Yes,No internet service,No internet service,No internet service,No internet service,No internet service,No internet service,0,24.35,538.5,0,23.41304347826087,1,0,0,1,0,0,1,1,0,0,0,0
1709-EJDOX,1,0,1,1,47,1,No,No internet service,No internet service,No internet service,No internet service,No internet service,No internet service,0,19.75,948.9,0,20.18936170212766,0,1,0,1,0,0,1,0,0,1,0,0
4316-XCSLJ,0,0,0,1,17,1,No,Yes,No,No,No,No,No,1,50.3,846.8,0,49.811764705882354,0,0,0,0,0,0,1,1,0,0,0,0
8610-WFCJF,1,0,1,1,49,1,Yes,No,No,No,No,Yes,Yes,1,95.6,4783.5,1,97.62244897959184,0,0,1,0,0,1,0,0,0,0,1,0
9693-XMUOB,0,1,1,0,59,0,No phone service,No,Yes,No,No,Yes,Yes,1,50.25,2997.45,0,50.80423728813559,0,0,0,0,0,1,0,0,0,0,1,0
0383-CLDDA,1,0,0,0,69,1,Yes,Yes,No,Yes,Yes,Yes,Yes,1,85.35,5897.4,0,85.4695652173913,0,1,0,0,1,0,0,0,0,0,0,1
4905-JEFDW,0,0,0,0,11,0,No phone service,No,No,Yes,No,Yes,No,1,41.6,470.6,1,42.78181818181818,1,0,0,0,0,1,0,0,0,0,0,0
2709-UQGNP,0,0,0,0,10,1,No,Yes,No,No,No,No,No,1,51.65,524.5,0,52.45,0,0,0,0,0,0,1,0,0,0,0,0
3549-ZTMNH,0,0,1,1,12,1,Yes,No internet service,No internet service,No internet service,No internet service,No internet service,No internet service,1,24.0,269.65,0,22.47083333333333,0,1,0,1,0,0,0,0,0,0,0,0
7881-INRLC,0,0,0,0,45,1,Yes,No,Yes,No,No,Yes,Yes,1,100.85,4740.0,1,105.33333333333333,0,0,1,0,1,0,0,0,0,1,0,0
8033-ATFAS,1,0,1,1,39,1,No,No,No,Yes,No,Yes,No,1,59.85,2341.5,0,60.03846153846154,0,0,0,0,0,0,1,0,0,1,0,0
1635-NZATJ,0,1,1,0,71,1,Yes,No internet service,No internet service,No internet service,No internet service,No internet service,No internet service,0,25.45,1789.65,0,25.206338028169014,0,1,0,1,1,0,0,0,0,0,0,1
0562-HKHML,0,0,1,1,71,1,Yes,No internet service,No internet service,No internet service,No internet service,No internet service,No internet service,0,23.9,1626.4,0,22.907042253521126,0,1,0,1,1,0,0,0,0,0,0,1
8277-RVRSV,1,0,1,1,33,1,Yes,No internet service,No internet service,No internet service,No internet service,No internet service,No internet service,0,24.15,800.3,0,24.25151515151515,1,0,0,1,1,0,0,0,1,0,0,0
9943-VSZUV,0,1,0,0,67,1,Yes,No,No,No,No,No,No,1,75.7,5060.85,0,75.53507462686568,0,0,1,0,0,0,1,0,0,0,0,1
0117-LFRMW,0,0,1,1,37,0,No phone service,Yes,Yes,Yes,No,No,No,0,40.2,1448.8,1,39.15675675675676,0,0,0,0,0,0,0,0,0,1,0,0
6172-FECYY,0,0,1,1,49,1,Yes,No,No,No,No,Yes,No,0,84.5,4254.85,1,86.83367346938776,0,0,1,0,0,1,0,0,0,0,1,0
7054-ENNGU,1,0,1,0,9,1,No,No,Yes,No,No,No,No,0,50.85,466.6,0,51.84444444444445,0,0,0,0,0,0,1,0,0,0,0,0
1455-HFBXA,0,0,1,0,52,1,Yes,Yes,No,Yes,Yes,No,No,1,91.6,4627.8,0,88.99615384615385,0,1,1,0,1,0,0,0,0,0,1,0
9402-CXWPL,1,0,0,0,70,1,Yes,No,Yes,No,No,Yes,Yes,0,98.9,6838.6,0,97.69428571428573,1,0,1,0,0,1,0,0,0,0,0,1
1628-BIZYP,0,0,0,0,1,1,No,No,Yes,No,No,No,Yes,1,85.0,85.0,0,85.0,0,0,1,0,0,1,0,0,0,0,0,0
1965-AKTSX,1,1,0,0,14,1,Yes,No,Yes,No,No,No,No,1,78.95,1101.85,1,78.70357142857142,0,0,1,0,0,1,0,1,0,0,0,0
0082-LDZUE,0,0,0,0,1,1,No,No,No,No,No,No,No,1,44.3,44.3,0,44.3,0,0,0,0,0,0,1,0,0,0,0,0
4786-UKSNZ,0,0,0,0,1,1,No,No internet service,No internet service,No internet service,No internet service,No internet service,No internet service,0,20.2,20.2,1,20.2,0,0,0,1,0,0,1,0,0,0,0,0
5343-SGUBI,1,0,0,0,52,1,Yes,No,Yes,No,No,No,No,1,80.2,4297.6,0,82.64615384615385,1,0,1,0,0,0,1,0,0,0,1,0
0856-NAOES,0,0,0,0,6,1,No,No,No,Yes,No,Yes,No,0,60.9,414.1,0,69.01666666666667,0,0,0,0,0,0,1,0,0,0,0,0
1976-AZZPJ,0,0,1,0,7,0,No phone service,Yes,Yes,No,No,No,No,0,34.2,256.6,0,36.65714285714286,0,0,0,0,0,0,1,0,0,0,0,0
7248-VZQLC,1,1,0,0,47,1,Yes,No,Yes,Yes,No,No,No,1,85.2,3969.35,1,84.45425531914893,0,0,1,0,0,0,0,0,0,1,0,0
6156-UZDLF,1,0,0,0,26,1,No,Yes,No,Yes,Yes,No,No,1,87.15,2274.1,0,87.46538461538461,1,0,1,0,1,0,0,0,1,0,0,0
3099-OONVS,0,0,1,1,25,1,No,Yes,No,No,Yes,No,No,0,54.3,1296.8,0,51.872,0,0,0,0,0,1,0,0,1,0,0,0
9500-WBGRP,0,0,0,0,69,1,No,No internet service,No internet service,No internet service,No internet service,No internet service,No internet service,1,19.1,1268.85,0,18.389130434782608,0,1,0,1,0,0,1,0,0,0,0,1
5183-KLYEM,1,0,0,0,72,1,Yes,Yes,Yes,Yes,Yes,Yes,Yes,1,112.75,8192.6,0,113.78611111111111,0,1,1,0,1,0,0,0,0,0,0,1
5144-PQCDZ,0,0,0,0,4,1,No,No internet service,No internet service,No internet service,No internet service,No internet service,No internet service,1,19.95,59.25,0,14.8125,0,0,0,1,0,0,1,0,0,0,0,0
8514-VZHEB,0,0,1,1,59,1,No,No internet service,No internet service,No internet service,No internet service,No internet service,No internet service,0,19.5,1147.85,0,19.45508474576271,0,1,0,1,0,0,1,0,0,0,1,0
6625-IUTTT,0,0,0,0,67,1,No,Yes,No,Yes,No,No,Yes,0,65.55,4361.55,0,65.09776119402986,0,1,0,0,0,0,0,0,0,0,0,1
9355-NPPFS,1,1,0,0,26,1,No,No,No,No,No,No,Yes,1,78.8,2006.1,0,77.1576923076923,0,0,1,0,0,1,0,0,1,0,0,0
0068-FIGTF,1,0,0,0,27,1,No,No,Yes,Yes,Yes,Yes,Yes,0,78.2,2078.95,0,76.99814814814815,1,0,0,0,0,0,1,0,1,0,0,0
5965-GGPRW,0,0,1,1,72,1,Yes,Yes,No,Yes,No,Yes,Yes,0,105.25,7609.75,0,105.69097222222223,0,1,1,0,0,0,0,0,0,0,0,1
8035-PWSEV,1,0,0,0,6,1,No,No,No,Yes,Yes,No,Yes,1,89.25,487.05,0,81.175,0,0,1,0,0,1,0,0,0,0,0,0
2236-HILPA,0,0,1,1,62,1,No,No internet service,No internet service,No internet service,No internet service,No internet service,No internet service,0,20.65,1218.45,0,19.65241935483871,0,1,0,1,1,0,0,0,0,0,0,1
1840-BIUOG,0,0,0,0,20,1,Yes,No,Yes,No,Yes,Yes,No,1,68.7,1416.2,0,70.81,1,0,0,0,0,1,0,1,0,0,0,0
1356-MKYSK,0,0,0,0,6,1,No,Yes,No,Yes,Yes,Yes,Yes,0,78.65,483.3,0,80.55,0,0,0,0,1,0,0,0,0,0,0,0
6080-LNESI,0,0,0,0,51,1,Yes,No internet service,No internet service,No internet service,No internet service,No internet service,No internet service,0,24.75,1234.6,0,24.2078431372549,0,1,0,1,0,0,1,0,0,0,1,0
1830-IPXVJ,1,0,1,1,61,1,No,No internet service,No internet service,No internet service,No internet service,No internet service,No internet service,0,19.75,1311.6,0,21.501639344262294,0,1,0,1,1,0,0,0,0,0,0,1
5828-DWPIL,0,1,1,0,62,1,Yes,Yes,Yes,Yes,No,No,No,1,89.1,5618.3,0,90.61774193548388,0,0,1,0,0,1,0,0,0,0,0,1
8398-TBIYD,1,0,0,0,72,1,Yes,Yes,No,No,Yes,No,No,1,84.7,6185.15,0,85.9048611111111,0,1,1,0,0,0,0,0,0,0,0,1
0011-IGKFF,0,1,1,0,13,1,No,No,Yes,Yes,No,Yes,Yes,1,98.0,1237.85,1,95.21923076923076,0,0,1,0,0,1,0,1,0,0,0,0
4192-GORJT,0,0,1,0,5,1,No,No,No,Yes,No,Yes,Yes,1,94.45,498.1,1,99.62,0,0,1,0,0,1,0,0,0,0,0,0
6496-SLWHQ,0,1,0,0,3,1,Yes,No,Yes,Yes,No,Yes,Yes,1,105.0,294.45,1,98.14999999999999,0,0,1,0,0,1,0,0,0,0,0,0
9912-GVSEQ,1,1,1,0,26,1,Yes,No,Yes,Yes,No,No,Yes,1,93.85,2381.55,1,91.59807692307693,0,0,1,0,0,1,0,0,1,0,0,0
2931-FSOHN,0,1,0,0,13,1,No,No,Yes,No,No,Yes,No,1,59.9,788.35,0,60.642307692307696,0,0,0,0,0,1,0,1,0,0,0,0
9418-RUKPH,1,0,1,1,38,1,No,No internet service,No internet service,No internet service,No internet service,No internet service,No internet service,1,19.95,756.4,0,19.905263157894737,0,1,0,1,0,0,1,0,0,1,0,0
5383-MMTWC,1,1,1,0,8,1,Yes,No,No,No,No,No,Yes,1,84.0,613.4,1,76.675,0,0,1,0,0,1,0,0,0,0,0,0
9971-ZWPBF,0,1,1,1,34,1,Yes,No,Yes,Yes,Yes,Yes,Yes,1,108.9,3625.2,0,106.62352941176471,0,0,1,0,0,1,0,0,1,0,0,0
4712-AUQZO,0,0,0,0,18,0,No phone service,Yes,No,Yes,No,No,No,0,33.6,550.35,0,30.575000000000003,0,0,0,0,0,0,1,1,0,0,0,0
9711-FJTBX,0,0,1,1,56,1,No,No,Yes,Yes,Yes,No,No,1,85.85,4793.8,0,85.60357142857143,1,0,1,0,0,0,1,0,0,0,1,0
2908-ZTPNF,1,0,0,0,36,0,No phone service,No,Yes,No,Yes,No,No,1,34.85,1267.2,0,35.2,0,0,0,0,0,0,0,0,1,0,0,0
7240-ETPTR,1,0,1,0,9,0,No phone service,No,No,Yes,No,Yes,Yes,1,48.75,442.2,1,49.13333333333333,0,0,0,0,0,1,0,0,0,0,0,0
2202-CUYXZ,0,0,0,0,1,1,No,No,No,Yes,No,Yes,No,1,84.85,84.85,1,84.85,0,0,1,0,0,1,0,0,0,0,0,0
5995-OIGLP,0,0,0,0,12,1,No,Yes,No,No,Yes,No,No,0,56.65,654.85,1,54.57083333333333,0,0,0,0,0,0,1,0,0,0,0,0
8421-WZOOW,1,1,1,1,57,1,No,No,Yes,Yes,Yes,Yes,No,1,95.3,5567.45,0,97.67456140350878,0,0,1,0,1,0,0,0,0,0,1,0
6261-RCVNS,1,0,0,0,42,1,No,Yes,Yes,Yes,Yes,No,Yes,0,73.9,3160.55,1,75.25119047619049,1,0,0,0,1,0,0,0,0,1,0,0
7951-QKZPL,1,0,1,1,33,1,Yes,No internet service,No internet service,No internet service,No internet service,No internet service,No internet service,1,24.5,740.3,1,22.433333333333334,0,1,0,1,0,0,1,0,1,0,0,0
1414-YADCW,0,0,1,0,70,1,No,Yes,Yes,No,Yes,No,No,0,84.6,5706.2,0,81.51714285714286,0,1,1,0,0,0,0,0,0,0,0,1
8756-RDDLT,1,0,0,0,68,0,No phone service,No,Yes,No,Yes,No,Yes,0,44.95,3085.35,0,45.37279411764706,0,0,0,0,0,1,0,0,0,0,0,1
2862-PFNIK,0,0,0,1,1,0,No phone service,No,No,No,No,No,No,1,24.7,24.7,0,24.7,0,0,0,0,0,1,0,0,0,0,0,0
5816-QVHRX,1,0,0,0,37,1,Yes,No,No,No,Yes,Yes,Yes,0,100.3,3541.4,0,95.71351351351352,0,0,1,0,1,0,0,0,0,1,0,0
4430-YHXGG,1,0,0,1,4,1,Yes,No internet service,No internet service,No internet service,No internet service,No internet service,No internet service,1,25.45,84.2,0,21.05,0,0,0,1,0,0,1,0,0,0,0,0
6888-SBYAI,0,0,0,0,1,1,No,Yes,No,No,No,No,No,1,50.7,50.7,0,50.7,0,0,0,0,0,0,1,0,0,0,0,0
7395-XWZOY,0,0,0,0,20,0,No phone service,Yes,Yes,Yes,Yes,Yes,No,1,55.0,1165.55,0,58.277499999999996,0,0,0,0,1,0,0,1,0,0,0,0
7169-YWAMK,0,0,1,1,72,1,No,Yes,Yes,No,Yes,Yes,No,0,68.4,4855.35,0,67.43541666666667,0,1,0,0,0,0,0,0,0,0,0,1
3640-PHQXK,1,0,0,0,31,1,Yes,No,No,Yes,No,No,Yes,1,89.9,2806.9,1,90.54516129032258,0,0,1,0,0,1,0,0,1,0,0,0
6877-LGWXO,0,1,1,0,18,1,No,No,No,No,No,No,Yes,0,78.55,1422.65,1,79.03611111111111,0,0,1,0,0,1,0,1,0,0,0,0
6859-RKMZJ,0,0,1,0,11,1,No,No,No,No,No,Yes,No,1,55.05,608.15,0,55.28636363636363,0,0,0,0,0,0,0,0,0,0,0,0
2729-VNVAP,1,0,1,1,33,1,No,No internet service,No internet service,No internet service,No internet service,No internet service,No internet service,0,19.8,641.35,0,19.434848484848487,0,1,0,1,1,0,0,0,1,0,0,0
2957-JIRMN,1,1,0,0,62,1,Yes,No,No,No,No,Yes,No,0,84.45,4959.15,0,79.98629032258064,1,0,1,0,0,1,0,0,0,0,0,1
2049-BAFNW,1,0,0,0,1,0,No phone service,No,No,Yes,Yes,No,No,0,35.9,35.9,0,35.9,0,0,0,0,0,0,1,0,0,0,0,0
3842-QTGDL,0,0,1,0,16,1,No,Yes,Yes,No,No,No,No,0,80.75,1321.3,0,82.58125,0,0,1,0,0,0,0,1,0,0,0,0
7163-OCEQI,0,0,1,1,22,1,Yes,No,No,Yes,Yes,Yes,Yes,1,78.65,1663.75,0,75.625,1,0,0,0,0,0,1,1,0,0,0,0
9782-LGXMC,1,0,1,1,49,1,No,Yes,No,Yes,Yes,No,No,0,61.75,3024.15,0,61.71734693877551,0,0,0,0,0,0,0,0,0,0,1,0
5975-BAICR,0,0,1,1,36,1,No,Yes,No,Yes,No,No,Yes,1,63.7,2188.5,0,60.791666666666664,1,0,0,0,1,0,0,0,1,0,0,0
8019-ENHXU,0,0,1,0,42,1,Yes,No,Yes,Yes,Yes,No,Yes,1,99.45,4138.05,1,98.525,0,0,1,0,0,1,0,0,0,1,0,0
5167-GBFRE,0,1,0,0,4,0,No phone service,No,No,No,No,No,No,1,25.2,102.5,1,25.625,0,0,0,0,0,0,0,0,0,0,0,0
9033-EOXWV,1,0,0,0,12,1,Yes,No,No,No,Yes,Yes,Yes,0,74.05,872.65,1,72.72083333333333,1,0,0,0,0,0,1,0,0,0,0,0
4673-KKSLS,1,0,0,0,31,1,No,Yes,No,Yes,Yes,No,No,0,87.6,2724.25,0,87.87903225806451,0,0,1,0,0,1,0,0,1,0,0,0
4853-OITSN,0,0,1,0,5,1,Yes,Yes,No,No,No,No,Yes,1,89.15,413.25,0,82.65,0,0,1,0,0,1,0,0,0,0,0,0
9800-OUIGR,0,0,1,1,66,1,No,No internet service,No internet service,No internet service,No internet service,No internet service,No internet service,0,20.0,1374.2,0,20.82121212121212,0,1,0,1,1,0,0,0,0,0,0,1
1324-NLTJE,1,1,0,0,15,1,Yes,No,No,No,Yes,No,No,0,55.0,757.1,1,50.473333333333336,0,0,0,0,1,0,0,1,0,0,0,0
2324-EFHVG,0,0,0,0,64,1,Yes,No,Yes,Yes,No,Yes,Yes,1,104.4,6692.65,0,104.57265625,0,1,1,0,0,0,0,0,0,0,0,1
7094-MSZAO,0,0,1,1,10,1,No,No internet service,No internet service,No internet service,No internet service,No internet service,No internet service,1,20.05,218.5,0,21.85,0,0,0,1,1,0,0,0,0,0,0,0
1522-VVDMG,0,0,1,1,7,1,No,No,Yes,No,Yes,Yes,No,1,89.75,608.8,1,86.97142857142856,0,0,1,0,0,1,0,0,0,0,0,0
6907-CQGPN,0,0,0,0,29,0,No phone service,No,Yes,No,Yes,No,No,0,34.3,1004.75,0,34.64655172413793,0,0,0,0,0,1,0,0,1,0,0,0
0780-XNZFN,0,0,0,0,57,1,No,No internet service,No internet service,No internet service,No internet service,No internet service,No internet service,0,20.65,1125.6,0,19.74736842105263,0,1,0,1,0,0,0,0,0,0,1,0
0239-OXEXL,1,0,0,0,46,1,Yes,Yes,Yes,No,No,No,No,0,84.25,3847.6,0,83.64347826086956,0,0,1,0,0,0,1,0,0,1,0,0
2675-IJRGJ,0,0,0,0,53,1,No,No internet service,No internet service,No internet service,No internet service,No internet service,No internet service,0,19.65,978.0,0,18.452830188679247,0,1,0,1,0,0,0,0,0,0,1,0
7049-GKVZY,1,0,0,0,17,1,No,Yes,Yes,No,Yes,Yes,Yes,0,79.85,1387.35,0,81.60882352941177,1,0,0,0,1,0,0,1,0,0,0,0
8577-QSOCG,1,0,1,1,38,1,No,No internet service,No internet service,No internet service,No internet service,No internet service,No internet service,1,20.2,746.05,0,19.632894736842104,0,1,0,1,0,0,1,0,0,1,0,0
3721-CNZHX,0,0,0,0,15,1,No,No internet service,No internet service,No internet service,No internet service,No internet service,No internet service,0,19.8,304.6,0,20.30666666666667,1,0,0,1,0,0,1,1,0,0,0,0
0212-ISBBF,1,0,0,0,22,0,No phone service,No,Yes,No,No,Yes,Yes,1,50.35,1098.85,0,49.94772727272727,0,0,0,0,0,1,0,1,0,0,0,0
9185-TQCVP,0,0,1,0,14,1,Yes,No,No,No,No,No,Yes,1,85.15,1139.2,1,81.37142857142858,0,0,1,0,0,1,0,1,0,0,0,0
3585-YNADK,1,0,1,0,57,1,Yes,No,Yes,Yes,Yes,Yes,No,0,74.6,4368.95,0,76.64824561403509,1,0,0,0,0,0,0,0,0,0,1,0
5271-DBYSJ,0,1,0,0,11,1,No,No,No,No,No,No,Yes,1,79.15,827.7,0,75.24545454545455,0,0,1,0,1,0,0,0,0,0,0,0
1099-GODLO,1,0,1,1,1,1,No,No internet service,No internet service,No internet service,No internet service,No internet service,No internet service,0,20.35,20.35,0,20.35,0,1,0,1,0,0,1,0,0,0,0,0
6828-HMKWP,0,0,1,1,12,1,No,No internet service,No internet service,No internet service,No internet service,No internet service,No internet service,0,21.05,262.05,0,21.837500000000002,0,1,0,1,0,0,0,0,0,0,0,0
5567-WSELE,0,1,1,0,3,1,Yes,No,No,No,No,Yes,Yes,1,94.6,279.55,1,93.18333333333334,0,0,1,0,0,1,0,0,0,0,0,0
1472-TNCWL,0,0,0,1,36,1,No,No,Yes,No,No,Yes,Yes,1,94.7,3512.5,0,97.56944444444444,0,0,1,0,0,1,0,0,1,0,0,0
8063-RJYNF,0,0,0,0,16,1,No,Yes,No,No,No,Yes,Yes,1,94.25,1483.25,1,92.703125,0,0,1,0,0,1,0,1,0,0,0,0
0687-ZVTHB,0,0,1,1,65,1,Yes,Yes,Yes,Yes,No,No,Yes,0,72.45,4653.85,1,71.59769230769231,1,0,0,0,1,0,0,0,0,0,0,1
2080-GKCWQ,0,0,0,0,2,1,No,No,Yes,No,No,No,No,0,74.95,151.75,0,75.875,0,0,1,0,0,1,0,0,0,0,0,0
9661-ACXBS,1,0,0,0,42,1,Yes,Yes,No,Yes,No,Yes,Yes,1,105.2,4400.75,1,104.7797619047619,0,0,1,0,0,1,0,0,0,1,0,0
2193-SFWQW,0,0,1,1,72,1,No,Yes,Yes,Yes,Yes,Yes,Yes,0,111.95,8033.1,0,111.57083333333334,0,1,1,0,0,0,0,0,0,0,0,1
5656-JAMLX,0,0,0,0,62,1,No,No internet service,No internet service,No internet service,No internet service,No internet service,No internet service,0,19.85,1253.65,0,20.220161290322583,0,1,0,1,0,0,0,0,0,0,0,1
3462-BJQQA,1,0,0,0,6,1,Yes,No,Yes,No,No,Yes,No,1,89.75,552.65,0,92.10833333333333,0,0,1,0,0,1,0,0,0,0,0,0
0442-TDYUO,0,0,1,0,48,1,No,No internet service,No internet service,No internet service,No internet service,No internet service,No internet service,1,20.05,1036.0,0,21.583333333333332,0,1,0,1,0,0,1,0,0,1,0,0
6733-LRIZX,0,0,0,0,35,1,Yes,Yes,No,Yes,Yes,Yes,Yes,1,108.95,4025.5,0,115.01428571428572,0,1,1,0,0,1,0,0,1,0,0,0
9503-XJUME,0,0,0,1,52,1,No,No internet service,No internet service,No internet service,No internet service,No internet service,No internet service,0,19.65,928.4,0,17.853846153846153,1,0,0,1,1,0,0,0,0,0,1,0
4367-NHWMM,1,0,0,0,1,0,No phone service,No,No,No,No,No,No,1,24.9,24.9,0,24.9,0,0,0,0,0,0,1,0,0,0,0,0
3727-RJMEO,0,0,1,0,6,1,Yes,No,No,No,No,Yes,No,1,82.85,460.25,1,76.70833333333333,0,0,1,0,0,1,0,0,0,0,0,0
3779-OSWCF,1,0,1,0,71,1,Yes,Yes,Yes,Yes,Yes,Yes,Yes,0,93.2,6506.15,0,91.63591549295774,0,1,0,0,1,0,0,0,0,0,0,1
6736-DHUQI,1,0,1,1,67,1,No,Yes,Yes,Yes,No,No,No,0,84.8,5598.3,0,83.55671641791045,1,0,1,0,0,0,0,0,0,0,0,1
3915-ODIYG,0,1,0,0,60,1,Yes,Yes,Yes,No,No,No,Yes,1,71.75,4374.55,0,72.90916666666666,1,0,0,0,0,1,0,0,0,0,1,0
1360-RCYRT,0,0,1,1,23,0,No phone service,No,No,No,Yes,No,No,1,30.35,678.75,0,29.51086956521739,0,0,0,0,0,0,0,1,0,0,0,0
2724-FJDYW,0,0,0,1,39,0,No phone service,No,No,Yes,Yes,Yes,Yes,0,54.85,2191.7,0,56.197435897435895,1,0,0,0,0,0,0,0,0,1,0,0
4451-RWASJ,0,0,1,1,15,1,No,No internet service,No internet service,No internet service,No internet service,No internet service,No internet service,1,19.5,239.75,0,15.983333333333333,1,0,0,1,0,0,1,1,0,0,0,0
6646-VRFOL,0,1,1,0,53,1,Yes,No,Yes,Yes,No,Yes,Yes,1,103.85,5485.5,1,103.5,0,0,1,0,0,1,0,0,0,0,1,0
3460-TJBWI,0,0,1,1,24,1,Yes,No internet service,No internet service,No internet service,No internet service,No internet service,No internet service,0,24.2,609.05,0,25.37708333333333,0,1,0,1,0,0,1,1,0,0,0,0
5917-HBSDW,1,0,1,1,37,1,No,No internet service,No internet service,No internet service,No internet service,No internet service,No internet service,0,19.35,683.75,0,18.47972972972973,0,0,0,1,0,1,0,0,0,1,0,0
5685-IIXLY,1,0,1,1,5,1,No,No,Yes,No,No,No,Yes,1,83.6,404.2,1,80.84,0,0,1,0,0,1,0,0,0,0,0,0
5671-UUNXD,1,1,1,0,50,1,Yes,No,No,No,Yes,Yes,Yes,1,100.65,5189.75,0,103.795,1,0,1,0,0,1,0,0,0,0,1,0
0956-ACVZC,1,0,0,0,54,1,No,No,No,Yes,No,Yes,Yes,1,94.1,5060.9,0,93.72037037037036,1,0,1,0,1,0,0,0,0,0,1,0
2325-NBPZG,1,0,0,0,3,1,No,Yes,No,No,No,No,No,1,74.55,233.65,0,77.88333333333334,0,0,1,0,0,1,0,0,0,0,0,0
4250-ZBWLV,0,0,0,0,68,1,Yes,No,Yes,Yes,Yes,Yes,Yes,0,108.45,7176.55,1,105.53750000000001,1,0,1,0,0,1,0,0,0,0,0,1
4482-FTFFX,0,0,0,0,5,1,No,No,No,Yes,Yes,No,No,0,56.15,291.45,0,58.29,0,0,0,0,0,1,0,0,0,0,0,0
8859-DZTGQ,0,0,0,0,33,1,No,No internet service,No internet service,No internet service,No internet service,No internet service,No internet service,0,20.35,689.75,0,20.901515151515152,0,1,0,1,0,0,1,0,1,0,0,0
0440-MOGPM,1,0,0,0,41,1,Yes,No,Yes,Yes,No,Yes,Yes,1,80.55,3263.9,0,79.60731707317073,1,0,0,0,0,1,0,0,0,1,0,0
0020-JDNXP,1,0,1,1,34,0,No phone service,Yes,No,Yes,Yes,Yes,Yes,0,61.25,1993.2,0,58.62352941176471,1,0,0,0,0,0,1,0,1,0,0,0
3752-CQSJI,1,0,1,1,13,1,No,No internet service,No internet service,No internet service,No internet service,No internet service,No internet service,1,20.45,254.5,0,19.576923076923077,0,0,0,1,0,0,1,1,0,0,0,0
5025-GOOKI,1,0,0,0,20,1,No,No internet service,No internet service,No internet service,No internet service,No internet service,No internet service,1,18.9,347.65,0,17.3825,0,0,0,1,1,0,0,1,0,0,0,0
4698-KVLLG,1,1,0,0,51,1,No,No internet service,No internet service,No internet service,No internet service,No internet service,No internet service,0,19.6,967.9,0,18.978431372549018,0,1,0,1,1,0,0,0,0,0,1,0
5095-AESKG,1,0,1,0,3,1,Yes,No,Yes,No,No,No,Yes,1,91.5,242.95,1,80.98333333333333,0,0,1,0,1,0,0,0,0,0,0,0
2887-JPYLU,1,0,0,1,41,1,No,No,No,No,No,No,No,0,45.2,1841.9,0,44.924390243902444,0,0,0,0,0,0,0,0,0,1,0,0
4770-QAZXN,1,0,0,0,13,1,No,No internet service,No internet service,No internet service,No internet service,No internet service,No internet service,0,19.45,232.1,0,17.853846153846153,0,0,0,1,1,0,0,1,0,0,0,0
4896-CPRPF,0,0,1,1,35,1,Yes,No internet service,No internet service,No internet service,No internet service,No internet service,No internet service,0,25.45,809.25,0,23.12142857142857,0,1,0,1,0,0,0,0,1,0,0,0
1871-MOWRM,0,0,1,0,12,1,No,Yes,No,No,Yes,No,No,0,80.85,866.45,1,72.20416666666667,0,0,1,0,0,0,0,0,0,0,0,0
9714-EDSUC,0,0,0,0,4,1,No,Yes,Yes,No,Yes,No,Yes,1,94.9,360.55,0,90.1375,0,0,1,0,0,0,1,0,0,0,0,0
2027-OAQQC,1,0,0,0,43,0,No phone service,No,No,Yes,No,Yes,Yes,1,49.05,2076.2,1,48.283720930232555,0,0,0,0,0,0,0,0,0,1,0,0
0282-NVSJS,1,1,1,1,12,0,No phone service,No,No,No,Yes,No,No,1,29.3,355.9,0,29.65833333333333,0,0,0,0,0,0,1,0,0,0,0,0
9090-SGQXL,0,1,1,0,68,1,Yes,No,Yes,Yes,No,Yes,Yes,1,105.3,7299.65,1,107.34779411764706,0,0,1,0,0,1,0,0,0,0,0,1
6595-YGXIT,0,1,0,0,25,1,Yes,No,Yes,No,No,Yes,No,1,88.95,2291.2,1,91.648,0,0,1,0,0,1,0,0,1,0,0,0
7353-YOWFP,1,0,0,0,7,1,No,No internet service,No internet service,No internet service,No internet service,No internet service,No internet service,0,20.25,129.15,0,18.45,1,0,0,1,0,0,1,0,0,0,0,0
9835-ZIITK,0,1,1,0,66,1,Yes,No,Yes,Yes,Yes,Yes,Yes,1,110.85,7491.75,1,113.51136363636364,1,0,1,0,0,1,0,0,0,0,0,1
8008-ESFLK,1,0,1,0,53,1,No,Yes,Yes,Yes,Yes,Yes,Yes,0,110.5,5835.5,0,110.10377358490567,1,0,1,0,0,1,0,0,0,0,1,0
7537-CBQUZ,0,1,0,0,63,1,Yes,Yes,Yes,Yes,No,Yes,Yes,1,109.4,7031.45,0,111.61031746031746,0,0,1,0,0,0,0,0,0,0,0,1
1555-DJEQW,1,0,1,1,70,1,Yes,Yes,Yes,Yes,Yes,Yes,Yes,1,114.2,7723.9,1,110.34142857142857,0,1,1,0,0,0,0,0,0,0,0,1
5649-TJHOV,0,1,1,0,27,0,No phone service,No,No,No,No,No,Yes,0,36.5,1032.0,1,38.22222222222222,0,0,0,0,0,0,0,0,1,0,0,0
0519-XUZJU,1,0,0,0,1,1,No,No,No,No,No,No,No,0,70.75,70.75,1,70.75,0,0,1,0,0,0,1,0,0,0,0,0
3363-EWLGO,1,0,0,0,5,1,No,No internet service,No internet service,No internet service,No internet service,No internet service,No internet service,0,19.95,109.6,0,21.919999999999998,0,0,0,1,0,0,1,0,0,0,0,0
4750-UKWJK,1,1,1,0,37,1,No,No internet service,No internet service,No internet service,No internet service,No internet service,No internet service,0,19.6,727.8,0,19.67027027027027,1,0,0,1,0,0,1,0,0,1,0,0
6338-AVWCY,0,0,0,0,3,0,No phone service,No,No,Yes,No,Yes,No,1,40.15,130.75,1,43.583333333333336,0,0,0,0,0,0,1,0,0,0,0,0
1689-YQBYY,1,0,0,1,12,1,Yes,No,No,No,No,No,No,1,76.6,893.0,0,74.41666666666667,0,0,1,0,0,1,0,0,0,0,0,0
4487-ZYJZK,1,0,1,1,38,1,No,No internet service,No internet service,No internet service,No internet service,No internet service,No internet service,0,19.6,763.1,0,20.08157894736842,1,0,0,1,1,0,0,0,0,1,0,0
2959-FENLU,1,0,0,0,9,1,No,No,No,Yes,No,No,Yes,1,85.3,781.4,0,86.82222222222222,0,0,1,0,1,0,0,0,0,0,0,0
0708-LGSMF,0,0,1,0,13,1,Yes,Yes,No,No,No,No,Yes,1,65.85,902.25,0,69.40384615384616,0,0,0,0,0,1,0,1,0,0,0,0
9253-QXKBE,0,1,1,0,29,1,Yes,No,No,No,No,Yes,Yes,1,94.45,2653.65,1,91.5051724137931,0,0,1,0,0,1,0,0,1,0,0,0
7634-HLQJR,1,0,1,1,47,1,No,No internet service,No internet service,No internet service,No internet service,No internet service,No internet service,0,20.05,1016.7,0,21.631914893617022,0,1,0,1,1,0,0,0,0,1,0,0
0487-RPVUM,0,0,1,0,61,1,Yes,Yes,No,Yes,Yes,Yes,No,0,99.4,5943.65,0,97.43688524590164,0,0,1,0,0,0,0,0,0,0,0,1
4079-ULGFR,0,0,0,0,16,1,No,No internet service,No internet service,No internet service,No internet service,No internet service,No internet service,0,20.0,275.7,0,17.23125,0,0,0,1,0,0,1,1,0,0,0,0
2516-XSJKX,1,0,1,1,41,1,No,Yes,Yes,No,Yes,Yes,Yes,0,78.45,3126.45,0,76.25487804878048,0,1,0,0,0,1,0,0,0,1,0,0
0057-QBUQH,1,0,0,1,43,1,Yes,No internet service,No internet service,No internet service,No internet service,No internet service,No internet service,1,25.1,1070.15,0,24.887209302325584,0,1,0,1,0,1,0,0,0,1,0,0
9445-SZLCH,1,0,1,1,36,1,Yes,No,Yes,Yes,No,Yes,No,1,97.35,3457.9,1,96.05277777777778,0,0,1,0,0,0,0,0,1,0,0,0
6599-SFQVE,1,0,0,0,6,1,No,No,No,No,No,No,Yes,1,55.0,340.4,0,56.73333333333333,0,0,0,0,0,1,0,0,0,0,0,0
8331-ZXFOE,1,0,0,0,58,1,Yes,Yes,Yes,Yes,Yes,No,No,1,71.1,4299.2,0,74.12413793103448,1,0,0,0,1,0,0,0,0,0,1,0
4003-FUSHP,0,0,0,0,19,1,No,No,No,No,Yes,Yes,No,1,61.55,1093.2,0,57.53684210526316,0,0,0,0,1,0,0,1,0,0,0,0
0356-ERHVT,0,0,1,0,11,1,No,No,No,No,No,No,No,1,45.9,521.9,0,47.445454545454545,0,0,0,0,0,0,0,0,0,0,0,0
7325-ENZFI,1,0,0,0,39,0,No phone service,Yes,Yes,No,Yes,No,No,1,40.3,1630.4,0,41.805128205128206,1,0,0,0,0,0,0,0,0,1,0,0
4884-ZTHVF,1,1,0,0,8,1,No,No,Yes,No,No,Yes,No,1,87.1,713.6,0,89.2,0,0,1,0,0,1,0,0,0,0,0,0
3920-HIHMQ,1,0,0,1,26,1,Yes,No,No,No,No,No,No,1,49.5,1265.65,0,48.67884615384616,0,0,0,0,0,0,1,0,1,0,0,0
3055-OYMSE,1,1,0,0,53,1,No,No,Yes,No,No,No,No,1,73.8,4003.85,0,75.5443396226415,0,0,1,0,1,0,0,0,0,0,1,0
0613-WUXUM,1,0,1,1,70,1,No,No internet service,No internet service,No internet service,No internet service,No internet service,No internet service,1,19.2,1401.4,0,20.02,0,1,0,1,0,0,1,0,0,0,0,1
7568-PODML,0,0,0,0,1,0,No phone service,No,No,No,No,Yes,Yes,1,45.3,45.3,1,45.3,0,0,0,0,0,0,1,0,0,0,0,0
4458-KVRBJ,0,0,0,0,59,1,Yes,No internet service,No internet service,No internet service,No internet service,No internet service,No internet service,0,25.0,1510.5,0,25.60169491525424,0,1,0,1,0,0,1,0,0,0,1,0
5349-IECLD,0,0,0,0,2,1,No,No,No,Yes,No,Yes,Yes,0,94.95,178.1,1,89.05,0,0,1,0,0,1,0,0,0,0,0,0
1397-XKKWR,0,0,0,0,7,0,No phone service,Yes,No,Yes,No,No,No,0,35.3,264.8,0,37.82857142857143,1,0,0,0,0,0,1,0,0,0,0,0
3945-GFWQL,1,0,0,1,12,1,No,No,No,No,No,No,No,1,44.55,480.6,1,40.050000000000004,0,0,0,0,0,1,0,0,0,0,0,0
8097-OMULG,0,0,1,1,59,1,No,No,Yes,Yes,Yes,Yes,Yes,0,76.75,4541.9,0,76.98135593220339,1,0,0,0,1,0,0,0,0,0,1,0
6013-BHCAW,0,0,1,1,61,1,Yes,No,No,Yes,Yes,Yes,Yes,1,81.0,4976.15,0,81.57622950819672,0,1,0,0,0,0,0,0,0,0,0,1
0401-WDBXM,0,0,1,1,72,1,Yes,Yes,No,Yes,No,Yes,Yes,1,105.55,7542.25,0,104.75347222222223,0,1,1,0,0,0,0,0,0,0,0,1
3387-PLKUI,1,0,1,1,13,1,No,No internet service,No internet service,No internet service,No internet service,No internet service,No internet service,0,18.8,251.25,0,19.326923076923077,0,0,0,1,0,0,1,1,0,0,0,0
6096-EGVTU,1,0,1,1,64,1,Yes,No internet service,No internet service,No internet service,No internet service,No internet service,No internet service,0,24.9,1595.5,0,24.9296875,1,0,0,1,0,0,1,0,0,0,0,1
3797-VTIDR,0,0,1,0,1,0,No phone service,No,No,No,No,No,No,1,23.45,23.45,1,23.45,0,0,0,0,0,1,0,0,0,0,0,0
5081-NWSUP,1,0,0,0,10,1,No,No,Yes,No,Yes,No,Yes,0,64.9,685.55,0,68.55499999999999,1,0,0,0,0,0,1,0,0,0,0,0
2580-ATZSQ,1,0,1,1,65,1,No,Yes,Yes,Yes,No,No,No,0,61.35,3874.1,0,59.60153846153846,1,0,0,0,0,0,0,0,0,0,0,1
8085-MSNLK,1,0,1,0,62,1,Yes,Yes,Yes,Yes,Yes,Yes,Yes,0,113.95,6891.4,0,111.1516129032258,0,1,1,0,0,0,1,0,0,0,0,1
9691-HKOVS,1,0,1,0,55,1,Yes,Yes,Yes,Yes,Yes,Yes,Yes,1,90.15,4916.95,0,89.3990909090909,1,0,0,0,0,1,0,0,0,0,1,0
9881-VCZEP,1,0,1,0,25,1,Yes,No,Yes,No,No,No,No,0,54.1,1373.0,0,54.92,0,0,0,0,0,1,0,0,1,0,0,0
9526-BIHHD,0,0,0,0,1,0,No phone service,Yes,No,No,No,No,No,0,29.7,29.7,1,29.7,0,0,0,0,0,0,1,0,0,0,0,0
8757-TFHHJ,0,0,0,0,1,1,No,Yes,No,No,No,No,No,1,49.8,49.8,0,49.8,0,0,0,0,1,0,0,0,0,0,0,0
4523-WXCEF,1,0,1,0,59,1,Yes,No,Yes,No,No,Yes,Yes,0,101.1,6039.9,1,102.37118644067796,0,0,1,0,0,1,0,0,0,0,1,0
1468-DEFNC,0,1,1,1,64,1,Yes,No internet service,No internet service,No internet service,No internet service,No internet service,No internet service,1,24.4,1548.65,0,24.19765625,0,1,0,1,0,0,0,0,0,0,0,1
5119-KEPFY,0,0,1,0,36,1,Yes,No,No,No,No,Yes,Yes,1,95.0,3440.25,0,95.5625,0,0,1,0,0,0,0,0,1,0,0,0
8364-TRMMK,1,0,0,0,3,1,Yes,No,No,No,No,No,No,1,50.65,151.3,1,50.43333333333334,0,0,0,0,0,0,1,0,0,0,0,0
0916-KNFAJ,0,0,1,0,61,1,Yes,Yes,No,Yes,No,No,Yes,1,69.9,4226.7,0,69.29016393442623,0,1,0,0,0,0,1,0,0,0,0,1
8319-QBEHW,0,0,0,1,26,0,No phone service,No,Yes,No,No,Yes,No,1,39.95,1023.75,0,39.375,1,0,0,0,0,0,0,0,1,0,0,0
3063-QFSZL,1,0,0,0,1,1,No,No,No,No,No,No,Yes,1,55.4,55.4,1,55.4,0,0,0,0,0,1,0,0,0,0,0,0
8775-LHDJH,1,1,1,0,1,1,Yes,No,Yes,No,No,Yes,No,1,90.6,90.6,1,90.6,0,0,1,0,0,1,0,0,0,0,0,0
9625-QNLUX,0,0,1,1,68,1,No,Yes,Yes,Yes,No,Yes,Yes,1,103.25,7074.4,0,104.03529411764706,0,1,1,0,1,0,0,0,0,0,0,1
3097-NQYSN,0,1,1,0,2,1,Yes,No,No,No,No,Yes,No,1,86.85,156.35,1,78.175,0,0,1,0,0,0,1,0,0,0,0,0
4024-CSNBY,1,0,1,0,72,1,Yes,Yes,Yes,Yes,Yes,No,No,1,94.25,6849.75,0,95.13541666666667,0,1,1,0,0,0,0,0,0,0,0,1
7110-BDTWG,1,0,1,0,71,0,No phone service,No,No,Yes,Yes,No,Yes,1,47.05,3263.6,0,45.96619718309859,0,1,0,0,0,1,0,0,0,0,0,1
7493-GVFIO,0,0,0,0,57,1,No,No internet service,No internet service,No internet service,No internet service,No internet service,No internet service,0,20.55,1252.85,0,21.979824561403507,0,1,0,1,1,0,0,0,0,0,1,0
0690-SRQID,0,0,0,0,4,1,No,No internet service,No internet service,No internet service,No internet service,No internet service,No internet service,1,19.65,67.55,0,16.8875,0,0,0,1,0,0,1,0,0,0,0,0
9605-WGJVW,1,1,0,0,1,1,No,No,No,No,No,No,No,1,70.2,70.2,0,70.2,0,0,1,0,0,1,0,0,0,0,0,0
9114-DPSIA,0,0,1,1,72,1,Yes,Yes,Yes,Yes,Yes,No,Yes,0,81.0,5750.0,0,79.86111111111111,0,1,0,0,1,0,0,0,0,0,0,1
4700-UBQMV,0,0,1,1,21,1,Yes,Yes,No,No,No,Yes,Yes,1,75.9,1549.75,0,73.79761904761905,1,0,0,0,0,0,0,1,0,0,0,0
7711-GQBZC,1,0,1,1,71,1,Yes,No internet service,No internet service,No internet service,No internet service,No internet service,No internet service,0,24.7,1810.55,0,25.500704225352113,0,1,0,1,0,0,0,0,0,0,0,1
3565-UNOCC,1,1,1,0,29,1,Yes,No,No,Yes,No,Yes,Yes,1,99.05,2952.85,1,101.82241379310345,0,0,1,0,0,0,0,0,1,0,0,0
4627-MIHJH,1,1,0,0,69,1,Yes,Yes,No,Yes,Yes,Yes,Yes,0,110.25,7467.55,0,108.22536231884058,0,1,1,0,1,0,0,0,0,0,0,1
9795-NREXC,1,0,1,0,64,1,Yes,Yes,No,Yes,Yes,Yes,Yes,1,85.0,5484.4,0,85.69375,0,1,0,0,1,0,0,0,0,0,0,1
8573-CGOCC,0,0,0,0,16,1,No,No internet service,No internet service,No internet service,No internet service,No internet service,No internet service,0,19.75,294.9,0,18.43125,0,0,0,1,1,0,0,1,0,0,0,0
7356-AYNJP,1,0,0,0,4,1,Yes,No internet service,No internet service,No internet service,No internet service,No internet service,No internet service,0,23.9,97.5,0,24.375,1,0,0,1,0,1,0,0,0,0,0,0
9249-FXSCK,1,0,0,0,52,1,Yes,Yes,Yes,No,Yes,Yes,Yes,1,111.25,5916.45,1,113.77788461538461,1,0,1,0,1,0,0,0,0,0,1,0
5493-SDRDQ,0,0,0,0,2,1,No,Yes,No,Yes,No,No,No,1,55.1,113.35,1,56.675,0,0,0,0,0,0,1,0,0,0,0,0
6286-SUUWT,0,0,0,0,1,1,No,No internet service,No internet service,No internet service,No internet service,No internet service,No internet service,0,19.95,19.95,0,19.95,0,0,0,1,0,0,1,0,0,0,0,0
4819-HJPIW,0,0,0,0,18,0,No phone service,No,No,No,No,No,No,0,25.15,476.8,0,26.48888888888889,0,0,0,0,0,0,1,1,0,0,0,0
8654-DHAOW,1,0,0,0,2,1,Yes,No,Yes,No,No,No,No,0,54.15,101.65,0,50.825,0,0,0,0,0,0,1,0,0,0,0,0
5438-QMDDL,1,0,1,0,19,1,No,No,Yes,No,No,No,Yes,1,59.8,1130.85,0,59.518421052631574,0,0,0,0,0,0,1,1,0,0,0,0
9812-GHVRI,1,0,0,0,40,1,Yes,No,No,No,No,No,Yes,0,83.85,3532.25,0,88.30625,0,0,1,0,0,0,0,0,0,1,0,0
5553-AOINX,1,1,1,1,66,1,Yes,No,Yes,Yes,No,Yes,Yes,1,104.9,6891.45,0,104.41590909090908,1,0,1,0,0,1,0,0,0,0,0,1
1228-ZLNBX,0,0,0,0,21,1,Yes,No,No,No,No,No,No,0,75.3,1570.7,0,74.79523809523809,0,0,1,0,0,0,1,1,0,0,0,0
4226-KKDON,0,0,0,0,8,1,No,No,Yes,No,Yes,Yes,No,1,66.65,520.95,0,65.11875,0,0,0,0,0,1,0,0,0,0,0,0
3831-YCPUO,1,0,1,1,72,1,No,Yes,Yes,Yes,Yes,Yes,Yes,1,109.5,7854.9,0,109.09583333333333,0,1,1,0,1,0,0,0,0,0,0,1
7445-WMRBW,1,0,0,0,48,1,Yes,No,Yes,Yes,Yes,Yes,No,1,73.85,3581.4,0,74.6125,1,0,0,0,0,0,0,0,0,1,0,0
3308-DGHKL,0,0,0,0,69,1,No,No internet service,No internet service,No internet service,No internet service,No internet service,No internet service,1,19.3,1447.9,0,20.984057971014494,0,1,0,1,0,0,0,0,0,0,0,1
9924-JPRMC,0,0,0,0,72,1,Yes,Yes,Yes,Yes,Yes,Yes,Yes,1,118.2,8547.15,0,118.71041666666666,0,1,1,0,0,1,0,0,0,0,0,1
0080-EMYVY,1,0,0,0,14,1,No,No,Yes,No,No,No,No,0,51.45,727.85,0,51.989285714285714,1,0,0,0,1,0,0,1,0,0,0,0
6218-KNUBD,0,0,0,0,6,1,No,No,Yes,No,No,Yes,No,0,59.45,357.6,0,59.6,0,0,0,0,0,1,0,0,0,0,0,0
7337-CINUD,1,0,1,1,8,1,No,No internet service,No internet service,No internet service,No internet service,No internet service,No internet service,0,19.5,159.35,0,19.91875,0,1,0,1,0,0,0,0,0,0,0,0
7609-NRNCA,1,0,0,0,17,1,No,No internet service,No internet service,No internet service,No internet service,No internet service,No internet service,0,19.55,280.85,0,16.52058823529412,1,0,0,1,0,0,1,1,0,0,0,0
0623-EJQEG,0,0,0,0,65,1,Yes,Yes,No,No,Yes,No,Yes,0,93.55,6069.25,0,93.37307692307692,1,0,1,0,0,1,0,0,0,0,0,1
7153-CHRBV,1,0,1,1,57,1,No,Yes,No,Yes,Yes,No,No,1,59.3,3274.35,0,57.444736842105264,1,0,0,0,0,0,1,0,0,0,1,0
0871-URUWO,0,0,1,0,13,1,Yes,No,No,Yes,No,Yes,Yes,1,102.25,1359.0,1,104.53846153846153,0,0,1,0,1,0,0,1,0,0,0,0
9190-MFJLN,0,1,0,0,19,1,No,No,No,Yes,No,Yes,Yes,1,95.9,1777.9,1,93.57368421052632,0,0,1,0,1,0,0,1,0,0,0,0
6198-PNNSZ,1,0,1,0,56,1,Yes,Yes,Yes,Yes,No,Yes,Yes,0,109.8,6109.65,0,109.10089285714285,1,0,1,0,0,0,0,0,0,0,1,0
3317-VLGQT,1,0,1,0,14,1,No,No,No,No,No,No,Yes,1,78.1,1122.4,0,80.17142857142858,0,0,1,0,0,1,0,1,0,0,0,0
4132-POCZS,0,0,1,0,52,0,No phone service,Yes,No,No,No,No,Yes,1,39.9,2020.9,0,38.86346153846154,0,0,0,0,0,1,0,0,0,0,1,0
5614-DNZCE,1,0,0,0,58,1,No,Yes,Yes,Yes,Yes,No,No,1,64.9,3795.45,0,65.43879310344828,0,1,0,0,1,0,0,0,0,0,1,0
1095-JUDTC,1,1,0,0,47,1,Yes,No,Yes,No,Yes,Yes,No,1,95.05,4504.55,1,95.84148936170213,0,0,1,0,0,1,0,0,0,1,0,0
3896-RCYYE,1,0,0,0,67,0,No phone service,No,No,Yes,Yes,Yes,Yes,1,53.4,3579.15,0,53.420149253731346,0,0,0,0,1,0,0,0,0,0,0,1
9638-JIQYA,0,0,0,0,2,0,No phone service,No,No,No,No,No,No,1,24.9,49.7,0,24.85,0,0,0,0,1,0,0,0,0,0,0,0
3258-SANFR,0,1,0,0,6,1,No,No,No,No,No,No,No,0,44.7,276.5,0,46.083333333333336,0,0,0,0,1,0,0,0,0,0,0,0
3726-TBHQT,0,0,1,1,71,1,Yes,Yes,Yes,Yes,Yes,Yes,Yes,1,114.0,8175.9,0,115.15352112676055,0,1,1,0,0,0,0,0,0,0,0,1
3190-ITQXP,1,0,1,1,46,1,No,No internet service,No internet service,No internet service,No internet service,No internet service,No internet service,0,20.25,890.35,0,19.355434782608697,0,1,0,1,0,0,0,0,0,1,0,0
0870-VEMYL,1,0,0,0,5,1,No,Yes,No,No,Yes,No,No,0,53.85,259.8,1,51.96,0,0,0,0,1,0,0,0,0,0,0,0
4833-QTJNO,0,1,1,0,67,1,Yes,Yes,Yes,No,No,No,No,0,83.85,5588.8,0,83.41492537313434,0,0,1,0,0,0,0,0,0,0,0,1
3039-MJSLN,0,0,0,1,3,1,No,No internet service,No internet service,No internet service,No internet service,No internet service,No internet service,0,20.2,50.6,0,16.866666666666667,0,0,0,1,0,0,0,0,0,0,0,0
0178-CIIKR,1,0,0,0,3,1,No,No internet service,No internet service,No internet service,No internet service,No internet service,No internet service,0,19.95,58.0,0,19.333333333333332,0,0,0,1,0,0,1,0,0,0,0,0
5385-SUIRI,0,1,1,0,52,1,Yes,Yes,No,Yes,No,Yes,Yes,1,104.2,5568.35,1,107.08365384615385,0,0,1,0,0,1,0,0,0,0,1,0
3982-XWFZQ,1,0,1,0,42,1,Yes,No,No,No,No,No,No,1,50.25,2203.65,1,52.46785714285714,0,0,0,0,0,1,0,0,0,1,0,0
5774-QPLTF,0,0,1,1,50,1,No,No internet service,No internet service,No internet service,No internet service,No internet service,No internet service,1,20.35,938.95,0,18.779,1,0,0,1,0,0,1,0,0,0,1,0
2322-VCZHZ,0,1,1,0,23,1,No,Yes,Yes,No,No,No,Yes,1,90.0,2024.1,0,88.00434782608696,0,0,1,0,0,1,0,1,0,0,0,0
5010-IPEAQ,1,0,1,1,67,0,No phone service,Yes,Yes,Yes,Yes,Yes,No,0,54.2,3623.95,0,54.08880597014925,0,1,0,0,1,0,0,0,0,0,0,1
4009-ALQFH,1,0,0,0,25,1,No,No,Yes,Yes,No,Yes,Yes,1,99.5,2369.05,1,94.762,0,0,1,0,0,1,0,0,1,0,0,0
6383-ZTSIW,1,1,1,0,39,1,No,Yes,Yes,No,No,Yes,Yes,0,99.1,3877.95,0,99.43461538461538,1,0,1,0,0,0,1,0,0,1,0,0
8990-YOZLV,1,0,0,0,69,1,Yes,Yes,Yes,No,Yes,No,No,1,66.9,4577.9,0,66.3463768115942,0,1,0,0,0,0,1,0,0,0,0,1
3069-SSVSN,1,0,0,0,1,0,No phone service,No,No,No,No,No,No,0,25.85,25.85,0,25.85,1,0,0,0,0,0,1,0,0,0,0,0
5222-IMUKT,0,0,0,0,32,1,No,No,No,No,No,Yes,Yes,0,91.05,2871.5,0,89.734375,0,0,1,0,0,1,0,0,1,0,0,0
3627-FCRDW,1,0,0,0,9,1,No,No,No,No,No,No,No,0,71.0,672.55,1,74.72777777777777,0,0,1,0,0,1,0,0,0,0,0,0
7562-GSUHK,1,0,0,0,16,1,No,No,Yes,Yes,No,No,Yes,1,93.2,1573.7,1,98.35625,0,0,1,0,1,0,0,1,0,0,0,0
6685-XSHHU,0,0,1,1,60,1,No,No internet service,No internet service,No internet service,No internet service,No internet service,No internet service,1,20.95,1270.55,0,21.175833333333333,0,1,0,1,0,0,0,0,0,0,1,0
8901-UPRHR,1,0,1,1,72,1,Yes,No,Yes,Yes,Yes,Yes,Yes,1,109.2,7711.45,0,107.10347222222222,0,1,1,0,0,0,0,0,0,0,0,1
4903-UYAVB,0,0,1,0,5,1,No,No internet service,No internet service,No internet service,No internet service,No internet service,No internet service,0,19.35,126.05,1,25.21,0,0,0,1,0,0,1,0,0,0,0,0
0118-JPNOY,1,1,0,0,26,1,No,Yes,No,No,No,Yes,No,1,85.8,2193.65,0,84.37115384615385,0,0,1,0,1,0,0,0,1,0,0,0
6776-TLWOI,0,0,0,0,3,1,No,No internet service,No internet service,No internet service,No internet service,No internet service,No internet service,0,19.85,64.55,1,21.516666666666666,0,0,0,1,0,0,1,0,0,0,0,0
3845-FXCYS,0,0,0,0,2,1,No,No internet service,No internet service,No internet service,No internet service,No internet service,No internet service,1,19.65,31.2,0,15.6,0,0,0,1,0,1,0,0,0,0,0,0
5857-XRECV,1,0,0,1,2,1,No,No internet service,No internet service,No internet service,No internet service,No internet service,No internet service,0,20.5,38.25,0,19.125,1,0,0,1,0,0,0,0,0,0,0,0
0725-CXOTM,1,0,0,0,36,1,Yes,Yes,No,Yes,Yes,Yes,Yes,1,89.65,3348.1,0,93.00277777777778,1,0,0,0,1,0,0,0,1,0,0,0
4343-EJVQB,0,0,0,0,7,1,No,Yes,No,No,No,No,No,0,74.35,533.6,0,76.22857142857143,0,0,1,0,0,0,1,0,0,0,0,0
9000-PLFUZ,1,1,1,0,60,0,No phone service,No,Yes,No,No,Yes,Yes,1,49.45,2907.55,0,48.45916666666667,0,1,0,0,1,0,0,0,0,0,1,0
3427-GGZZI,1,0,1,0,19,1,Yes,No,Yes,No,No,No,Yes,1,89.1,1620.8,0,85.30526315789473,0,0,1,0,0,1,0,1,0,0,0,0
7779-ORAEL,0,1,1,0,45,1,Yes,Yes,No,Yes,Yes,No,Yes,0,75.15,3480.35,0,77.3411111111111,0,1,0,0,1,0,0,0,0,1,0,0
0644-OQMDK,0,1,0,0,4,1,No,No,No,No,No,No,No,1,70.65,293.85,0,73.4625,0,0,1,0,0,1,0,0,0,0,0,0
4077-CROMM,1,0,1,1,31,1,Yes,No,No,Yes,Yes,Yes,Yes,1,104.2,3243.45,1,104.62741935483871,0,0,1,0,0,1,0,0,1,0,0,0
3154-CFSZG,0,0,1,1,47,1,No,Yes,No,Yes,No,No,Yes,0,90.05,4137.2,0,88.02553191489362,0,0,1,0,0,1,0,0,0,1,0,0
2868-MZAGQ,0,0,0,0,1,1,No,No,No,No,No,No,Yes,1,79.25,79.25,1,79.25,0,0,1,0,0,1,0,0,0,0,0,0
4847-QNOKA,1,0,0,0,1,1,No,No,No,No,No,No,No,1,44.9,44.9,1,44.9,0,0,0,0,0,0,0,0,0,0,0,0
2220-IAHLS,1,0,0,0,1,1,No,No internet service,No internet service,No internet service,No internet service,No internet service,No internet service,0,19.4,19.4,0,19.4,0,0,0,1,1,0,0,0,0,0,0,0
1658-XUHBX,1,1,1,1,59,1,Yes,No,No,Yes,No,No,Yes,1,88.75,5348.65,0,90.65508474576271,0,0,1,0,1,0,0,0,0,0,1,0
6379-RXJRQ,0,0,1,0,10,1,No,No,No,No,No,No,No,1,70.1,659.65,1,65.965,0,0,1,0,0,1,0,0,0,0,0,0
2378-HTWFW,0,1,0,0,35,1,Yes,Yes,No,No,No,No,Yes,0,91.0,3180.5,0,90.87142857142857,0,0,1,0,1,0,0,0,1,0,0,0
8650-RHRKE,0,0,0,0,4,0,No phone service,No,No,Yes,No,No,No,1,29.65,118.5,1,29.625,0,0,0,0,0,1,0,0,0,0,0,0
4377-VDHYI,0,0,1,1,32,1,No,Yes,Yes,No,No,No,Yes,1,90.8,3023.85,0,94.4953125,1,0,1,0,0,1,0,0,1,0,0,0
0475-RIJEP,0,0,0,0,43,1,Yes,No,Yes,No,No,No,No,1,77.85,3365.85,1,78.27558139534884,0,0,1,0,0,1,0,0,0,1,0,0
1260-TTRXI,0,0,0,0,4,1,No,No,No,No,No,No,Yes,0,54.3,195.3,1,48.825,0,0,0,0,0,1,0,0,0,0,0,0
3719-TDVQB,1,1,1,0,54,1,No,No internet service,No internet service,No internet service,No internet service,No internet service,No internet service,1,18.95,1031.1,0,19.09444444444444,0,1,0,1,0,0,1,0,0,0,1,0
6328-ZPBGN,1,1,0,0,11,1,Yes,No,No,No,No,Yes,Yes,1,95.15,997.65,1,90.69545454545454,0,0,1,0,0,0,0,0,0,0,0,0
0201-MIBOL,1,1,0,0,66,1,Yes,Yes,No,No,No,Yes,Yes,1,102.4,6471.85,0,98.05833333333334,0,1,1,0,0,0,0,0,0,0,0,1
4937-QPZPO,0,0,1,1,61,1,Yes,No,No,Yes,No,Yes,Yes,1,99.9,6241.35,0,102.31721311475411,1,0,1,0,0,1,0,0,0,0,0,1
2925-VDZHY,0,0,1,1,72,1,Yes,Yes,Yes,Yes,Yes,Yes,Yes,0,88.7,6501.35,0,90.29652777777778,0,1,0,0,1,0,0,0,0,0,0,1
6981-TDRFT,0,0,1,1,44,0,No phone service,No,No,Yes,Yes,Yes,Yes,1,54.3,2317.1,0,52.66136363636363,1,0,0,0,0,1,0,0,0,1,0,0
3413-CSSTH,0,0,0,0,41,1,Yes,No,No,Yes,No,No,No,1,55.7,2237.55,0,54.57439024390244,0,0,0,0,0,0,0,0,0,1,0,0
8033-VCZGH,0,0,1,0,50,1,Yes,Yes,No,Yes,No,Yes,Yes,1,103.95,5231.3,0,104.626,1,0,1,0,0,1,0,0,0,0,1,0
4789-KWMXN,0,0,1,0,47,1,Yes,Yes,No,Yes,Yes,Yes,Yes,1,110.85,5275.8,1,112.25106382978724,1,0,1,0,1,0,0,0,0,1,0,0
0224-NIJLP,0,0,1,1,8,1,No,No internet service,No internet service,No internet service,No internet service,No internet service,No internet service,0,20.15,165.5,0,20.6875,0,1,0,1,0,0,1,0,0,0,0,0
7542-CYDDM,0,0,0,0,18,1,No,No internet service,No internet service,No internet service,No internet service,No internet service,No internet service,0,20.05,358.5,0,19.916666666666668,0,0,0,1,0,0,1,1,0,0,0,0
4718-WXBGI,0,0,1,1,72,1,Yes,Yes,Yes,Yes,Yes,Yes,Yes,1,91.95,6614.9,0,91.8736111111111,0,1,0,0,1,0,0,0,0,0,0,1
2867-UIMSS,0,0,0,0,1,1,No,No,No,No,No,No,Yes,0,80.5,80.5,1,80.5,0,0,1,0,0,1,0,0,0,0,0,0
8495-PRWFH,1,1,0,0,42,1,Yes,No,No,Yes,No,No,No,0,55.65,2421.75,0,57.660714285714285,0,0,0,0,0,1,0,0,0,1,0,0
0439-IFYUN,1,1,0,0,18,1,No,No,Yes,No,No,No,No,1,74.7,1294.6,0,71.92222222222222,0,0,1,0,0,1,0,1,0,0,0,0
5716-LIBJC,1,0,0,1,13,1,Yes,No,Yes,Yes,No,Yes,Yes,1,104.15,1299.1,0,99.93076923076923,1,0,1,0,1,0,0,1,0,0,0,0
2868-LLSKM,1,0,1,1,68,1,Yes,No,Yes,No,Yes,No,No,1,83.65,5733.4,0,84.31470588235294,1,0,1,0,0,0,0,0,0,0,0,1
8111-RKSPX,0,0,0,0,4,1,Yes,No,No,No,No,No,No,1,72.2,305.55,1,76.3875,0,0,1,0,0,0,0,0,0,0,0,0
2988-QRAJY,0,0,0,0,69,1,Yes,Yes,Yes,Yes,No,Yes,Yes,1,110.05,7430.75,0,107.69202898550725,0,1,1,0,1,0,0,0,0,0,0,1
1585-MQSSU,0,0,0,0,17,1,No,No,No,No,Yes,No,No,0,51.5,900.5,1,52.970588235294116,0,0,0,0,0,0,1,1,0,0,0,0
0071-NDAFP,0,0,1,1,25,1,Yes,No internet service,No internet service,No internet service,No internet service,No internet service,No internet service,0,25.5,630.6,0,25.224,0,1,0,1,1,0,0,0,1,0,0,0
2856-NNASM,0,1,0,0,43,1,No,No,No,No,No,Yes,Yes,1,89.55,3856.75,1,89.69186046511628,0,0,1,0,0,0,1,0,0,1,0,0
7328-ZJAJO,1,0,1,1,59,1,No,No internet service,No internet service,No internet service,No internet service,No internet service,No internet service,0,19.5,1222.65,0,20.722881355932206,0,1,0,1,1,0,0,0,0,0,1,0
6458-CYIDZ,1,1,0,0,5,1,No,Yes,Yes,No,No,No,No,0,80.7,374.8,0,74.96000000000001,0,0,1,0,0,1,0,0,0,0,0,0
8559-CIZFV,0,0,1,1,21,1,Yes,Yes,Yes,No,Yes,Yes,No,0,77.5,1625.0,1,77.38095238095238,1,0,0,0,0,0,1,1,0,0,0,0
1090-PYKCI,1,0,1,1,69,1,Yes,Yes,Yes,Yes,Yes,Yes,No,1,105.1,7234.8,0,104.85217391304349,1,0,1,0,1,0,0,0,0,0,0,1
3058-WQDRE,0,0,0,0,13,0,No phone service,No,No,No,No,No,No,1,25.15,331.85,0,25.52692307692308,0,0,0,0,0,0,0,1,0,0,0,0
7547-EKNFS,0,0,1,0,42,1,Yes,No,Yes,Yes,No,Yes,No,1,95.25,3959.35,1,94.2702380952381,0,0,1,0,0,0,0,0,0,1,0,0
2279-AXJJK,0,0,1,0,52,1,Yes,No,Yes,No,Yes,No,Yes,1,95.65,5088.4,0,97.85384615384615,0,0,1,0,1,0,0,0,0,0,1,0
6769-DYBQN,0,1,0,0,46,1,No,Yes,No,No,No,No,Yes,0,85.0,3969.4,1,86.29130434782608,0,0,1,0,0,1,0,0,0,1,0,0
0909-SELIE,0,0,1,0,61,1,Yes,Yes,Yes,Yes,Yes,No,Yes,1,80.8,4860.85,0,79.68606557377049,0,1,0,0,0,0,0,0,0,0,0,1
3417-TSCIC,0,0,0,0,29,0,No phone service,No,No,No,No,No,No,1,24.85,788.05,0,27.17413793103448,1,0,0,0,0,0,1,0,1,0,0,0
1042-HFUCW,1,0,0,1,25,1,No,No,Yes,No,Yes,No,No,1,54.75,1266.35,0,50.653999999999996,1,0,0,0,1,0,0,0,1,0,0,0
4439-JMPMT,1,0,1,1,5,1,No,No,No,No,Yes,Yes,No,1,85.75,470.95,1,94.19,0,0,1,0,0,1,0,0,0,0,0,0
6537-OTKMY,0,0,0,0,15,0,No phone service,No,No,Yes,No,Yes,Yes,0,50.75,688.2,0,45.88,1,0,0,0,0,1,0,1,0,0,0,0
8999-EXMNO,1,0,1,1,19,1,No,No internet service,No internet service,No internet service,No internet service,No internet service,No internet service,0,20.15,387.7,0,20.405263157894737,0,1,0,1,0,0,1,1,0,0,0,0
6725-TPKJO,0,0,0,0,44,1,No,No internet service,No internet service,No internet service,No internet service,No internet service,No internet service,0,20.05,845.25,0,19.210227272727273,0,1,0,1,0,0,1,0,0,1,0,0
2446-BEGGB,1,1,0,0,6,1,Yes,No,Yes,No,No,Yes,Yes,1,98.25,560.6,1,93.43333333333334,0,0,1,0,0,1,0,0,0,0,0,0
7162-WPHPM,0,0,1,1,58,1,Yes,Yes,Yes,Yes,Yes,No,No,0,71.6,4230.25,0,72.9353448275862,0,1,0,0,1,0,0,0,0,0,1,0
1599-MMYRQ,0,0,1,1,62,1,No,Yes,Yes,No,No,No,No,1,81.45,4983.05,0,80.37177419354839,1,0,1,0,1,0,0,0,0,0,0,1
8821-KVZKQ,1,0,1,1,70,0,No phone service,No,Yes,Yes,Yes,Yes,Yes,1,58.4,4113.15,0,58.75928571428571,1,0,0,0,0,0,0,0,0,0,0,1
1496-GGSUK,1,1,0,0,1,0,No phone service,No,No,No,No,No,No,1,25.7,25.7,1,25.7,0,0,0,0,0,0,1,0,0,0,0,0
6434-TTGJP,0,0,1,1,10,0,No phone service,Yes,Yes,Yes,Yes,No,Yes,0,53.7,521.0,0,52.1,0,1,0,0,1,0,0,0,0,0,0,0
0042-JVWOJ,0,0,0,0,26,1,No,No internet service,No internet service,No internet service,No internet service,No internet service,No internet service,1,19.6,471.85,0,18.148076923076925,1,0,0,1,0,0,0,0,1,0,0,0
0130-SXOUN,0,0,0,0,66,1,Yes,No,Yes,No,No,No,Yes,0,89.4,5976.9,0,90.5590909090909,0,0,1,0,1,0,0,0,0,0,0,1
2575-GFSOE,1,0,1,1,7,1,No,No,No,No,No,No,No,1,69.0,506.9,1,72.41428571428571,0,0,1,0,0,1,0,0,0,0,0,0
2330-PQGDQ,0,0,1,1,51,1,Yes,No,Yes,No,Yes,No,No,0,84.2,4299.75,0,84.30882352941177,1,0,1,0,0,0,0,0,0,0,1,0
1452-UZOSF,0,0,1,1,72,1,Yes,Yes,Yes,Yes,Yes,Yes,No,1,106.1,7548.6,0,104.84166666666667,0,1,1,0,1,0,0,0,0,0,0,1
2097-YVPKN,0,0,0,0,65,1,Yes,No internet service,No internet service,No internet service,No internet service,No internet service,No internet service,0,25.75,1654.75,0,25.45769230769231,0,1,0,1,0,0,1,0,0,0,0,1
2842-JTCCU,0,0,0,0,2,1,No,No,No,No,No,No,No,0,46.05,80.35,1,40.175,0,0,0,0,0,0,0,0,0,0,0,0
8597-CTXVJ,0,0,0,1,70,1,Yes,Yes,Yes,No,Yes,No,No,0,64.95,4551.5,0,65.02142857142857,1,0,0,0,0,0,0,0,0,0,0,1
6631-HMANX,0,0,1,0,72,1,Yes,No,Yes,Yes,Yes,Yes,Yes,1,85.45,6227.5,0,86.49305555555556,0,1,0,0,1,0,0,0,0,0,0,1
9962-BFPDU,1,0,1,1,1,1,No,No internet service,No internet service,No internet service,No internet service,No internet service,No internet service,0,20.05,20.05,0,20.05,0,0,0,1,0,0,1,0,0,0,0,0
3296-SILRA,1,1,1,0,1,1,No,No,Yes,No,No,No,No,1,76.4,76.4,1,76.4,0,0,1,0,0,0,1,0,0,0,0,0
9681-OXGVC,1,0,0,0,5,1,Yes,No,No,Yes,No,Yes,Yes,1,100.5,514.0,1,102.8,0,0,1,0,0,1,0,0,0,0,0,0
6394-HHHZM,0,0,0,0,3,1,No,No internet service,No internet service,No internet service,No internet service,No internet service,No internet service,0,20.7,57.5,0,19.166666666666668,0,0,0,1,0,0,1,0,0,0,0,0
5995-LFTLE,0,0,0,0,58,1,Yes,No internet service,No internet service,No internet service,No internet service,No internet service,No internet service,1,25.3,1474.35,0,25.419827586206896,0,1,0,1,1,0,0,0,0,0,1,0
5180-UCIIQ,0,1,1,1,22,0,No phone service,Yes,No,No,No,No,Yes,0,40.05,880.2,1,40.00909090909091,0,0,0,0,0,0,1,1,0,0,0,0
1932-UEDCX,0,1,1,0,33,1,Yes,No,Yes,No,No,Yes,Yes,1,100.6,3270.25,0,99.09848484848484,0,0,1,0,0,0,0,0,1,0,0,0
7153-OANIO,0,0,0,0,1,1,No,No,No,No,No,No,No,0,69.95,69.95,1,69.95,0,0,1,0,0,1,0,0,0,0,0,0
5188-HGMLP,0,1,1,0,54,1,Yes,No,No,No,No,No,No,0,74.0,3919.15,0,72.57685185185186,0,0,1,0,0,0,0,0,0,0,1,0
0665-XHDJU,0,0,1,0,72,1,Yes,No,Yes,No,No,Yes,Yes,1,99.4,7285.7,0,101.19027777777778,0,1,1,0,0,1,0,0,0,0,0,1
6521-YYTYI,0,0,0,1,1,1,Yes,No,No,No,No,Yes,Yes,1,93.3,93.3,1,93.3,0,0,1,0,0,1,0,0,0,0,0,0
8878-HMWBV,0,0,0,0,3,1,No,No,No,Yes,No,No,No,1,49.15,169.05,1,56.35,0,0,0,0,0,1,0,0,0,0,0,0
8265-HKSOW,1,0,1,1,72,1,Yes,Yes,Yes,Yes,Yes,No,Yes,0,107.45,7658.3,0,106.36527777777778,0,1,1,0,1,0,0,0,0,0,0,1
3544-FBCAS,1,0,1,1,72,1,Yes,Yes,Yes,Yes,No,Yes,Yes,1,83.6,5959.3,0,82.76805555555556,0,1,0,0,1,0,0,0,0,0,0,1
5331-RGMTT,0,1,1,0,54,1,Yes,No,No,Yes,No,Yes,Yes,1,99.05,5295.7,0,98.06851851851852,0,0,1,0,1,0,0,0,0,0,1,0
4759-PXTAN,1,0,1,0,59,1,Yes,No,Yes,No,Yes,Yes,Yes,1,80.1,4693.2,0,79.5457627118644,1,0,0,0,0,1,0,0,0,0,1,0
7054-DMVAS,0,0,0,0,54,1,No,Yes,Yes,No,No,Yes,No,1,65.3,3512.9,0,65.0537037037037,0,1,0,0,0,0,0,0,0,0,1,0
3428-MMGUB,0,0,0,0,60,1,Yes,No,No,Yes,No,Yes,No,1,89.55,5231.2,0,87.18666666666667,0,1,1,0,0,1,0,0,0,0,1,0
6549-BTYPG,1,0,1,0,60,0,No phone service,No,Yes,Yes,Yes,Yes,Yes,0,60.8,3603.45,0,60.0575,0,1,0,0,1,0,0,0,0,0,1,0
7823-JSOAG,0,0,0,0,3,1,Yes,No,No,No,No,No,No,0,74.5,217.45,0,72.48333333333333,0,0,1,0,0,1,0,0,0,0,0,0
3705-RHRFR,1,0,1,0,69,1,Yes,Yes,No,No,No,Yes,Yes,0,99.15,6875.35,0,99.64275362318841,0,1,1,0,0,0,0,0,0,0,0,1
9374-YOLBJ,1,0,1,1,1,1,No,No internet service,No internet service,No internet service,No internet service,No internet service,No internet service,0,19.25,19.25,0,19.25,0,0,0,1,0,1,0,0,0,0,0,0
9074-KGVOX,0,0,1,1,50,0,No phone service,Yes,No,No,No,Yes,No,1,39.45,2021.35,0,40.427,0,0,0,0,1,0,0,0,0,0,1,0
6128-DAFVY,1,0,0,0,56,0,No phone service,No,No,No,No,Yes,Yes,1,44.85,2564.95,0,45.802678571428565,0,0,0,0,1,0,0,0,0,0,1,0
9933-QRGTX,1,0,1,0,60,1,No,Yes,No,No,Yes,Yes,Yes,1,97.2,5611.75,0,93.52916666666667,0,1,1,0,0,1,0,0,0,0,1,0
4476-OSWTN,0,1,1,0,69,1,Yes,Yes,No,Yes,Yes,Yes,Yes,1,110.55,7610.1,0,110.2913043478261,1,0,1,0,0,0,1,0,0,0,0,1
3751-KTZEL,1,0,0,0,1,0,No phone service,No,No,No,No,No,Yes,0,35.05,35.05,1,35.05,0,0,0,0,0,0,1,0,0,0,0,0
1977-STDKI,1,1,0,0,1,1,No,No,Yes,No,No,No,No,1,73.0,73.0,1,73.0,0,0,1,0,0,1,0,0,0,0,0,0
5066-GFJMM,1,0,1,0,3,1,No,No internet service,No internet service,No internet service,No internet service,No internet service,No internet service,1,19.9,45.75,0,15.25,0,0,0,1,0,0,1,0,0,0,0,0
2661-GKBTK,0,0,1,1,60,1,No,No,Yes,No,Yes,Yes,Yes,0,76.95,4543.95,0,75.7325,0,1,0,0,0,0,0,0,0,0,1,0
0458-HEUZG,1,0,0,0,13,0,No phone service,No,No,Yes,Yes,No,No,0,35.4,450.4,0,34.646153846153844,0,1,0,0,0,0,1,1,0,0,0,0
7268-WNTCP,0,0,1,1,62,1,No,No internet service,No internet service,No internet service,No internet service,No internet service,No internet service,0,20.45,1297.35,0,20.924999999999997,0,1,0,1,0,0,0,0,0,0,0,1
0824-VWDPO,1,0,0,0,45,1,Yes,Yes,Yes,No,No,No,Yes,0,96.75,4442.75,0,98.72777777777777,1,0,1,0,0,0,0,0,0,1,0,0
8409-WQJUX,1,0,0,0,25,0,No phone service,No,No,Yes,Yes,Yes,Yes,0,54.2,1423.15,0,56.926,1,0,0,0,0,1,0,0,1,0,0,0
2578-JQPHZ,0,0,0,0,44,1,No,No,No,Yes,Yes,Yes,Yes,0,100.1,4378.35,0,99.50795454545455,0,1,1,0,0,0,0,0,0,1,0,0
3278-FSIXX,1,0,0,0,2,1,No,No,No,No,No,No,No,1,45.25,74.2,0,37.1,0,0,0,0,0,0,1,0,0,0,0,0
5813-UECBU,0,1,0,0,33,1,Yes,No,Yes,Yes,No,No,No,1,83.85,2716.3,1,82.31212121212121,0,0,1,0,1,0,0,0,1,0,0,0
0328-GRPMV,1,0,0,0,1,1,No,No,No,No,No,No,No,1,70.1,70.1,1,70.1,0,0,1,0,0,1,0,0,0,0,0,0
9746-UGFAC,1,0,0,0,22,1,No,No internet service,No internet service,No internet service,No internet service,No internet service,No internet service,0,20.85,450.65,0,20.48409090909091,1,0,0,1,0,0,0,1,0,0,0,0
2946-KIQSP,1,0,0,0,35,0,No phone service,No,No,Yes,Yes,No,No,1,33.45,1175.85,0,33.59571428571428,0,0,0,0,0,0,1,0,1,0,0,0
0625-AFOHS,1,0,1,1,29,1,No,No internet service,No internet service,No internet service,No internet service,No internet service,No internet service,0,20.2,558.8,0,19.268965517241377,0,1,0,1,0,0,1,0,1,0,0,0
6726-WEXXK,0,1,1,0,27,1,Yes,Yes,No,Yes,No,No,No,1,85.9,2220.1,0,82.22592592592592,1,0,1,0,0,1,0,0,1,0,0,0
4636-OLWOE,0,0,0,1,54,1,No,No,Yes,Yes,Yes,No,No,1,61.0,3283.05,0,60.797222222222224,1,0,0,0,0,1,0,0,0,0,1,0
4342-HENTK,1,1,0,0,2,1,No,No,No,No,No,No,No,1,70.65,142.35,1,71.175,0,0,1,0,0,1,0,0,0,0,0,0
4685-ERGHK,0,0,0,0,57,1,Yes,No,No,No,No,Yes,No,1,86.9,4939.25,0,86.65350877192982,1,0,1,0,0,1,0,0,0,0,1,0
0885-HMGPY,0,0,0,0,62,1,Yes,Yes,Yes,Yes,Yes,No,No,0,69.4,4237.5,0,68.34677419354838,0,1,0,0,0,0,0,0,0,0,0,1
5003-OKNNK,1,0,1,1,15,1,No,No internet service,No internet service,No internet service,No internet service,No internet service,No internet service,0,20.35,335.95,0,22.396666666666665,1,0,0,1,1,0,0,1,0,0,0,0
4195-SMMNX,0,0,0,0,2,1,No,No internet service,No internet service,No internet service,No internet service,No internet service,No internet service,0,20.35,33.2,1,16.6,0,0,0,1,0,0,1,0,0,0,0,0
7208-PSIHR,1,0,1,0,70,1,Yes,No,No,Yes,Yes,Yes,Yes,1,104.3,7188.5,0,102.69285714285714,0,1,1,0,0,0,0,0,0,0,0,1
4012-ZTHBR,1,0,1,1,21,1,No,No,No,No,No,No,No,1,44.95,926.25,0,44.107142857142854,0,0,0,0,0,1,0,1,0,0,0,0
0489-WMEMG,1,0,0,1,23,1,No,No,No,No,Yes,No,No,1,49.45,1119.35,0,48.667391304347824,1,0,0,0,0,1,0,1,0,0,0,0
7435-ZNUYY,0,0,0,0,6,1,No,No internet service,No internet service,No internet service,No internet service,No internet service,No internet service,0,20.6,116.6,0,19.433333333333334,1,0,0,1,0,0,1,0,0,0,0,0
1354-YZFNB,0,0,1,1,4,1,No,No internet service,No internet service,No internet service,No internet service,No internet service,No internet service,0,19.55,68.8,0,17.2,0,1,0,1,1,0,0,0,0,0,0,0
6956-SMUCM,1,0,0,0,3,1,No,Yes,No,Yes,No,Yes,Yes,1,99.0,287.4,1,95.8,0,0,1,0,1,0,0,0,0,0,0,0
2985-FMWYF,1,0,0,0,23,1,Yes,No,No,No,No,Yes,Yes,1,93.5,2341.55,0,101.80652173913045,0,0,1,0,0,1,0,1,0,0,0,0
2812-ENYMO,0,0,0,0,26,0,No phone service,Yes,No,No,Yes,Yes,Yes,0,54.55,1362.85,0,52.41730769230769,1,0,0,0,1,0,0,0,1,0,0,0
2717-HVIZY,1,0,0,1,8,1,No,No internet service,No internet service,No internet service,No internet service,No internet service,No internet service,0,20.05,163.6,0,20.45,0,0,0,1,0,0,1,0,0,0,0,0
3223-WZWJM,0,0,0,0,26,1,Yes,No,No,No,No,No,Yes,1,83.95,2254.2,1,86.69999999999999,0,0,1,0,0,1,0,0,1,0,0,0
3422-GALYP,0,0,0,0,2,1,Yes,No,Yes,No,No,No,No,1,79.45,145.15,0,72.575,0,0,1,0,0,1,0,0,0,0,0,0
9053-JZFKV,0,0,0,0,67,1,Yes,Yes,Yes,Yes,Yes,Yes,Yes,0,116.2,7752.3,1,115.70597014925373,0,1,1,0,1,0,0,0,0,0,0,1
2530-ENDWQ,1,0,1,0,71,1,Yes,No,No,No,No,Yes,Yes,1,93.7,6585.35,1,92.75140845070423,0,1,1,0,0,0,0,0,0,0,0,1
2890-WFBHU,1,0,0,0,59,1,Yes,Yes,Yes,Yes,Yes,No,Yes,0,79.85,4786.1,0,81.12033898305086,1,0,0,0,1,0,0,0,0,0,1,0
0327-WFZSY,0,0,1,1,39,1,Yes,No,No,Yes,No,Yes,Yes,0,100.0,3835.55,0,98.3474358974359,1,0,1,0,0,1,0,0,0,1,0,0
7977-HXJKU,0,0,0,1,21,1,No,No internet service,No internet service,No internet service,No internet service,No internet service,No internet service,0,19.6,397.0,0,18.904761904761905,0,1,0,1,0,0,1,1,0,0,0,0
6615-ZGEDR,0,0,0,0,1,1,No,No internet service,No internet service,No internet service,No internet service,No internet service,No internet service,0,19.7,19.7,1,19.7,0,0,0,1,0,0,1,0,0,0,0,0
7033-CLAMM,1,0,1,1,48,1,No,No internet service,No internet service,No internet service,No internet service,No internet service,No internet service,0,20.2,1027.25,0,21.401041666666668,0,1,0,1,0,0,0,0,0,1,0,0
4023-RTIQM,1,1,1,0,31,0,No phone service,Yes,Yes,Yes,No,No,Yes,1,50.4,1580.1,0,50.97096774193548,1,0,0,0,1,0,0,0,1,0,0,0
0864-FVJNJ,1,0,1,1,64,1,Yes,Yes,Yes,Yes,Yes,Yes,Yes,0,113.35,7222.75,0,112.85546875,1,0,1,0,0,1,0,0,0,0,0,1
7356-IWLFW,0,0,1,1,46,1,Yes,No,Yes,No,No,No,No,1,80.0,3769.7,0,81.95,0,0,1,0,0,0,0,0,0,1,0,0
9541-PWTWO,1,0,0,0,52,1,Yes,No,No,Yes,Yes,Yes,Yes,1,80.95,4233.95,0,81.42211538461538,0,1,0,0,0,0,0,0,0,0,1,0
3967-VQOGC,1,0,1,1,67,1,Yes,No internet service,No internet service,No internet service,No internet service,No internet service,No internet service,1,24.9,1680.25,0,25.078358208955223,0,1,0,1,0,0,1,0,0,0,0,1
7872-RDDLZ,1,1,0,0,67,1,Yes,No,Yes,No,No,No,No,0,54.9,3725.5,0,55.6044776119403,0,0,0,0,0,1,0,0,0,0,0,1
9250-WYPLL,1,0,0,0,5,1,Yes,No,No,No,No,No,No,0,75.55,413.65,1,82.72999999999999,0,0,1,0,0,1,0,0,0,0,0,0
6308-CQRBU,1,0,1,0,71,1,Yes,No,Yes,Yes,Yes,Yes,Yes,0,109.25,7707.7,0,108.55915492957746,0,1,1,0,0,1,0,0,0,0,0,1
2754-XBHTB,1,0,0,0,9,1,No,No,No,No,No,Yes,No,1,77.65,714.15,1,79.35,0,0,1,0,0,0,0,0,0,0,0,0
1597-LHYNC,1,1,0,0,26,1,Yes,Yes,Yes,No,No,No,Yes,1,95.0,2497.2,1,96.04615384615384,0,0,1,0,0,1,0,0,1,0,0,0
0186-CAERR,0,0,0,0,71,1,Yes,Yes,Yes,Yes,Yes,Yes,Yes,1,116.3,8309.55,0,117.03591549295774,1,0,1,0,0,0,0,0,0,0,0,1
3043-SUDUA,1,0,0,0,32,1,No,No internet service,No internet service,No internet service,No internet service,No internet service,No internet service,0,19.9,601.55,0,18.7984375,0,0,0,1,0,0,0,0,1,0,0,0
5442-BHQNG,1,0,0,0,2,1,No,No,No,No,No,No,No,0,70.35,139.25,0,69.625,0,0,1,0,0,1,0,0,0,0,0,0
2169-RRLFW,1,0,1,0,71,1,Yes,No internet service,No internet service,No internet service,No internet service,No internet service,No internet service,0,25.6,1888.25,0,26.595070422535212,0,1,0,1,1,0,0,0,0,0,0,1
5872-OEQNH,1,0,0,0,60,0,No phone service,Yes,No,Yes,No,No,Yes,1,44.45,2773.9,0,46.23166666666667,1,0,0,0,0,1,0,0,0,0,1,0
3162-KKZXO,1,1,0,0,55,1,Yes,No,No,Yes,No,Yes,Yes,1,100.15,5409.75,0,98.35909090909091,1,0,1,0,0,1,0,0,0,0,1,0
7055-VKGDA,0,0,0,0,54,1,No,Yes,Yes,No,Yes,Yes,Yes,1,105.4,5643.4,1,104.5074074074074,1,0,1,0,1,0,0,0,0,0,1,0
0754-UKWQP,0,0,0,0,2,1,No,No,No,Yes,No,Yes,Yes,1,95.85,197.7,1,98.85,0,0,1,0,0,1,0,0,0,0,0,0
8873-GLDMH,1,0,0,0,6,1,Yes,No,No,No,No,No,No,1,73.85,401.3,0,66.88333333333334,0,0,1,0,0,0,1,0,0,0,0,0
5696-JVVQY,1,0,1,1,48,1,No,Yes,Yes,Yes,No,No,Yes,1,70.1,3238.4,0,67.46666666666667,0,1,0,0,1,0,0,0,0,1,0,0
8946-BFWSG,0,0,1,1,63,1,Yes,No internet service,No internet service,No internet service,No internet service,No internet service,No internet service,0,25.25,1573.05,0,24.96904761904762,0,1,0,1,0,0,1,0,0,0,0,1
7493-TPUWZ,0,0,0,0,1,1,Yes,No,Yes,No,No,No,No,1,79.15,79.15,1,79.15,0,0,1,0,0,1,0,0,0,0,0,0
0547-HURJB,0,0,0,1,12,1,No,No internet service,No internet service,No internet service,No internet service,No internet service,No internet service,0,21.05,235.8,0,19.650000000000002,0,0,0,1,1,0,0,0,0,0,0,0
8904-OPDCK,0,1,1,0,54,0,No phone service,No,No,No,No,No,No,1,24.95,1364.75,0,25.27314814814815,0,0,0,0,0,0,0,0,0,0,1,0
8845-LWKGE,1,0,1,1,30,1,No,No,No,Yes,Yes,Yes,No,1,64.5,1985.15,0,66.17166666666667,1,0,0,0,0,1,0,0,1,0,0,0
1577-HKTFG,1,0,1,0,30,1,No,No internet service,No internet service,No internet service,No internet service,No internet service,No internet service,0,19.65,655.85,1,21.861666666666668,0,0,0,1,0,0,0,0,1,0,0,0
8752-STIVR,1,0,0,0,4,1,No,No,No,No,No,Yes,No,1,79.0,303.15,1,75.7875,0,0,1,0,0,1,0,0,0,0,0,0
0691-NIKRI,1,0,0,0,40,1,Yes,No,No,Yes,Yes,Yes,Yes,1,105.95,4335.2,0,108.38,1,0,1,0,1,0,0,0,0,1,0,0
5022-JNQEQ,1,0,1,1,9,1,No,No,No,No,Yes,No,No,1,75.85,647.5,0,71.94444444444444,0,0,1,0,0,1,0,0,0,0,0,0
4558-FANTW,1,0,1,1,17,1,No,Yes,No,No,Yes,Yes,No,0,91.85,1574.45,1,92.61470588235295,0,0,1,0,0,1,0,1,0,0,0,0
3249-VHRIP,1,0,0,0,62,0,No phone service,No,Yes,Yes,No,No,Yes,1,43.6,2748.7,0,44.33387096774193,0,1,0,0,1,0,0,0,0,0,0,1
3736-BLEPA,0,0,0,0,28,1,No,No,Yes,No,Yes,Yes,No,1,91.25,2483.65,0,88.70178571428572,1,0,1,0,0,0,0,0,1,0,0,0
4701-LKOZD,1,0,0,0,70,1,Yes,Yes,Yes,Yes,Yes,Yes,Yes,0,89.75,6367.2,0,90.96,0,1,0,0,1,0,0,0,0,0,0,1
6603-QWSPR,1,0,0,0,46,1,No,No,Yes,Yes,Yes,Yes,Yes,1,104.4,4904.2,0,106.61304347826086,0,1,1,0,0,0,0,0,0,1,0,0
9921-QFQUL,1,0,1,0,23,1,Yes,No,No,Yes,No,No,Yes,0,90.15,2044.95,0,88.9108695652174,0,0,1,0,0,0,1,1,0,0,0,0
1929-ZCBHE,0,0,1,1,47,0,No phone service,Yes,No,Yes,Yes,No,No,0,40.3,1794.8,0,38.18723404255319,1,0,0,0,0,1,0,0,0,1,0,0
4378-MYPGO,0,0,1,1,68,1,No,Yes,Yes,Yes,No,Yes,Yes,1,105.25,7173.15,0,105.4875,0,1,1,0,0,0,0,0,0,0,0,1
8651-ENBZX,1,1,0,0,60,1,Yes,No,No,Yes,Yes,Yes,Yes,1,106.0,6441.4,1,107.35666666666665,1,0,1,0,0,1,0,0,0,0,1,0
4129-LYCOI,1,0,0,1,67,1,Yes,No,Yes,No,Yes,Yes,Yes,1,104.0,7039.05,0,105.06044776119403,0,1,1,0,0,1,0,0,0,0,0,1
7798-JVXYM,1,0,0,0,14,1,No,No,No,No,Yes,Yes,Yes,1,69.65,921.4,0,65.81428571428572,0,0,0,0,0,1,0,1,0,0,0,0
8647-SDTWQ,0,0,1,1,57,1,Yes,No,No,No,No,No,No,1,74.3,4018.35,0,70.49736842105263,0,0,1,0,0,1,0,0,0,0,1,0
2696-ECXKC,1,0,1,1,55,1,Yes,Yes,No,No,No,Yes,Yes,0,100.9,5448.6,0,99.06545454545456,1,0,1,0,0,0,1,0,0,0,1,0
2081-KJSQF,0,0,0,0,1,1,No,No internet service,No internet service,No internet service,No internet service,No internet service,No internet service,1,20.25,20.25,0,20.25,0,0,0,1,0,0,1,0,0,0,0,0
7623-TRNQN,0,0,0,1,1,1,No,No,No,No,Yes,No,No,1,49.9,49.9,1,49.9,0,0,0,0,0,0,1,0,0,0,0,0
3323-CPBWR,0,0,0,0,23,1,Yes,No,No,Yes,Yes,Yes,No,1,96.9,2085.45,0,90.67173913043477,0,0,1,0,1,0,0,1,0,0,0,0
9330-IJWIO,1,0,0,0,13,1,Yes,Yes,No,No,No,Yes,Yes,1,100.35,1358.85,1,104.52692307692307,0,0,1,0,0,1,0,1,0,0,0,0
3384-CTMSF,0,0,1,0,47,1,Yes,No,Yes,Yes,No,Yes,Yes,1,104.1,5135.15,0,109.25851063829786,0,0,1,0,0,1,0,0,0,1,0,0
0902-RFHOF,0,0,0,0,38,1,No,No internet service,No internet service,No internet service,No internet service,No internet service,No internet service,0,20.1,730.1,0,19.21315789473684,1,0,0,1,0,0,1,0,0,1,0,0
9286-DOJGF,1,1,1,0,38,1,Yes,No,No,No,No,No,No,1,74.95,2869.85,1,75.52236842105263,0,0,1,0,0,0,0,0,0,1,0,0
6048-QBXKL,1,1,0,0,2,1,Yes,No,Yes,No,No,No,No,1,56.55,118.25,0,59.125,0,0,0,0,1,0,0,0,0,0,0,0
9661-MHUMO,0,1,1,1,1,1,No,No,No,No,Yes,No,No,1,49.25,49.25,1,49.25,0,0,0,0,1,0,0,0,0,0,0,0
7718-RXDGG,0,0,1,0,15,1,No,No,No,No,No,No,No,1,68.6,1108.6,0,73.90666666666667,0,0,1,0,0,0,0,1,0,0,0,0
1025-FALIX,1,0,0,0,26,1,No,No,No,No,No,No,No,1,69.05,1815.65,0,69.83269230769231,0,0,1,0,1,0,0,0,1,0,0,0
3451-VAWLI,1,0,1,1,35,1,No,No internet service,No internet service,No internet service,No internet service,No internet service,No internet service,0,19.7,730.4,0,20.86857142857143,0,1,0,1,1,0,0,0,1,0,0,0
3407-QGWLG,0,0,0,1,3,1,No,No internet service,No internet service,No internet service,No internet service,No internet service,No internet service,1,20.05,75.45,0,25.150000000000002,0,0,0,1,0,0,1,0,0,0,0,0
1842-EZJMK,0,0,1,1,50,1,Yes,No,Yes,No,Yes,Yes,Yes,0,103.7,5071.05,1,101.421,0,0,1,0,0,1,0,0,0,0,1,0
2347-WKKAE,0,0,1,0,42,1,Yes,Yes,No,Yes,No,No,Yes,1,94.4,4014.6,0,95.58571428571429,0,0,1,0,0,1,0,0,0,1,0,0
8735-DCXNF,0,0,1,0,10,1,No,Yes,No,No,Yes,No,No,1,54.95,568.85,0,56.885000000000005,0,0,0,0,1,0,0,0,0,0,0,0
3214-IYUUQ,1,0,1,0,61,1,No,Yes,Yes,No,Yes,No,Yes,0,93.7,5860.7,0,96.07704918032786,1,0,1,0,0,0,0,0,0,0,0,1
1936-UAFEH,1,0,0,0,68,1,Yes,Yes,Yes,No,Yes,Yes,Yes,0,110.25,7279.35,0,107.04926470588236,0,1,1,0,1,0,0,0,0,0,0,1
3587-PMCOY,0,0,0,0,10,1,No,Yes,No,Yes,No,Yes,Yes,1,98.9,1064.95,0,106.495,1,0,1,0,0,1,0,0,0,0,0,0
8079-XRJRS,0,0,1,0,65,1,Yes,Yes,Yes,Yes,No,No,No,0,89.75,5769.6,1,88.76307692307692,1,0,1,0,0,1,0,0,0,0,0,1
1027-LKKQQ,1,0,1,1,72,1,No,Yes,No,Yes,Yes,Yes,Yes,1,80.45,5886.85,0,81.76180555555555,0,1,0,0,0,0,0,0,0,0,0,1
7148-XZPHA,0,0,1,1,55,1,No,No,Yes,No,Yes,No,No,0,79.4,4238.45,0,77.06272727272727,0,0,1,0,0,1,0,0,0,0,1,0
8073-IJDCM,1,0,0,0,1,1,No,No internet service,No internet service,No internet service,No internet service,No internet service,No internet service,1,20.3,20.3,1,20.3,0,0,0,1,0,0,1,0,0,0,0,0
5309-TAIKL,1,0,0,0,7,1,No,No,No,Yes,Yes,No,Yes,0,62.8,418.3,0,59.75714285714286,0,0,0,0,0,0,0,0,0,0,0,0
6856-RAURS,1,0,0,0,2,1,Yes,No,No,No,No,No,No,1,74.9,136.05,0,68.025,0,0,1,0,0,0,1,0,0,0,0,0
8778-LMWTJ,1,0,0,0,9,1,No,Yes,No,No,No,No,No,1,74.85,708.2,0,78.6888888888889,0,0,1,0,0,1,0,0,0,0,0,0
9717-IOAAF,0,0,0,1,27,1,Yes,No internet service,No internet service,No internet service,No internet service,No internet service,No internet service,1,25.85,788.55,0,29.205555555555552,0,1,0,1,1,0,0,0,1,0,0,0
8884-ADFVN,0,1,1,0,7,1,Yes,No,No,Yes,No,Yes,Yes,1,101.95,700.85,1,100.12142857142858,0,0,1,0,0,1,0,0,0,0,0,0
2845-KDHVX,1,0,1,0,64,1,No,No,Yes,Yes,Yes,No,Yes,1,68.3,4378.8,0,68.41875,0,1,0,0,0,0,1,0,0,0,0,1
0848-SOMKO,0,0,0,0,70,0,No phone service,Yes,No,Yes,Yes,No,Yes,0,48.4,3442.8,0,49.182857142857145,0,1,0,0,0,0,0,0,0,0,0,1
2720-WGKHP,0,1,0,0,2,1,Yes,No,No,No,No,Yes,Yes,1,94.0,181.7,1,90.85,0,0,1,0,0,1,0,0,0,0,0,0
6734-FQAJX,0,1,0,0,67,1,No,Yes,Yes,No,Yes,Yes,Yes,1,105.05,7171.7,0,107.04029850746268,0,1,1,0,0,1,0,0,0,0,0,1
2869-ADAWR,1,0,0,0,45,1,Yes,No,Yes,No,No,Yes,No,1,89.3,4016.85,1,89.26333333333334,0,0,1,0,1,0,0,0,0,1,0,0
1535-VTJOQ,1,0,0,0,24,1,Yes,No internet service,No internet service,No internet service,No internet service,No internet service,No internet service,0,25.15,553.0,0,23.041666666666668,0,1,0,1,1,0,0,1,0,0,0,0
6368-TZZDT,0,0,1,1,4,1,No,No internet service,No internet service,No internet service,No internet service,No internet service,No internet service,0,19.5,96.85,0,24.2125,0,1,0,1,1,0,0,0,0,0,0,0
0943-ZQPXH,0,0,1,1,44,1,No,No,No,Yes,No,Yes,Yes,1,92.95,4122.9,0,93.70227272727271,0,0,1,0,0,0,0,0,0,1,0,0
1293-BSEUN,1,0,1,1,72,1,No,No internet service,No internet service,No internet service,No internet service,No internet service,No internet service,1,20.7,1482.3,0,20.5875,0,1,0,1,0,0,1,0,0,0,0,1
9894-EZEWG,1,0,0,0,1,1,No,No,Yes,No,No,No,No,1,74.3,74.3,1,74.3,0,0,1,0,1,0,0,0,0,0,0,0
1302-TPUBN,0,0,0,0,66,1,No,No internet service,No internet service,No internet service,No internet service,No internet service,No internet service,0,19.35,1240.8,0,18.8,0,1,0,1,0,0,0,0,0,0,0,1
7851-FLGGQ,0,0,0,0,1,0,No phone service,No,Yes,No,Yes,No,Yes,1,44.65,44.65,1,44.65,0,0,0,0,0,0,1,0,0,0,0,0
0637-UBJRP,0,0,1,1,13,1,No,Yes,No,No,No,No,Yes,0,84.05,1095.3,1,84.25384615384615,0,0,1,0,0,1,0,1,0,0,0,0
0940-OUQEC,0,0,0,0,10,1,Yes,No,Yes,No,No,No,No,1,80.7,788.8,1,78.88,0,0,1,0,0,0,0,0,0,0,0,0
2378-VTKDH,0,1,1,0,65,1,Yes,No,Yes,Yes,No,Yes,Yes,1,104.35,6578.55,0,101.20846153846153,0,0,1,0,0,1,0,0,0,0,0,1
0927-CNGRH,0,0,0,1,1,1,No,No internet service,No internet service,No internet service,No internet service,No internet service,No internet service,0,19.55,19.55,0,19.55,0,0,0,1,0,0,1,0,0,0,0,0
8608-OZTLB,0,0,1,1,38,1,No,Yes,Yes,Yes,Yes,Yes,No,0,74.05,2802.3,0,73.74473684210527,1,0,0,0,0,1,0,0,0,1,0,0
2335-GSODA,0,0,0,1,23,0,No phone service,Yes,No,Yes,Yes,No,No,0,40.1,857.75,0,37.29347826086956,0,1,0,0,0,0,1,1,0,0,0,0
1952-DVVSW,1,0,1,0,10,1,No,No internet service,No internet service,No internet service,No internet service,No internet service,No internet service,0,20.1,184.4,0,18.44,1,0,0,1,0,0,1,0,0,0,0,0
0702-PGIBZ,0,0,0,1,4,1,Yes,No,Yes,No,No,Yes,Yes,1,101.7,364.55,1,91.1375,0,0,1,0,0,1,0,0,0,0,0,0
6656-GULJQ,0,0,1,1,72,1,Yes,Yes,No,Yes,Yes,Yes,Yes,1,83.55,6093.3,0,84.62916666666666,0,1,0,0,1,0,0,0,0,0,0,1
9853-JFZDU,1,0,1,0,35,1,No,No,Yes,No,Yes,No,No,0,56.85,1861.1,0,53.17428571428571,0,0,0,0,0,1,0,0,1,0,0,0
1963-VAUKV,1,0,0,0,1,1,No,No internet service,No internet service,No internet service,No internet service,No internet service,No internet service,0,20.4,20.4,1,20.4,0,0,0,1,0,0,1,0,0,0,0,0
3777-XROBG,1,0,1,1,58,1,No,No internet service,No internet service,No internet service,No internet service,No internet service,No internet service,0,19.55,1079.65,0,18.614655172413794,0,1,0,1,1,0,0,0,0,0,1,0
6994-FGRHH,0,0,1,1,70,1,No,No,Yes,Yes,Yes,Yes,Yes,1,106.15,7475.1,0,106.78714285714287,1,0,1,0,0,1,0,0,0,0,0,1
4000-VGMQP,0,0,1,1,38,1,Yes,No,Yes,Yes,No,Yes,Yes,0,78.95,2862.55,0,75.33026315789475,1,0,0,0,1,0,0,0,0,1,0,0
3999-WRNGR,1,0,1,1,60,0,No phone service,No,Yes,No,No,Yes,Yes,1,49.75,3069.45,0,51.1575,0,0,0,0,0,1,0,0,0,0,1,0
3466-RITXD,0,0,0,0,26,1,Yes,Yes,Yes,No,No,Yes,No,1,92.4,2349.8,0,90.37692307692308,0,0,1,0,1,0,0,0,1,0,0,0
2680-XKKNJ,1,0,0,0,8,1,No,Yes,Yes,No,Yes,No,No,0,58.2,469.25,0,58.65625,1,0,0,0,0,0,0,0,0,0,0,0
3058-HJCUY,0,0,1,1,41,1,Yes,No,No,Yes,Yes,Yes,Yes,1,102.6,4213.35,1,102.76463414634148,1,0,1,0,0,1,0,0,0,1,0,0
2974-GGUXS,1,1,1,0,36,1,Yes,No,Yes,No,No,Yes,No,1,91.95,3301.05,0,91.69583333333334,0,0,1,0,1,0,0,0,1,0,0,0
7994-XIRTR,0,1,0,0,54,1,No,No,No,Yes,Yes,No,Yes,0,65.25,3529.95,0,65.36944444444444,1,0,0,0,0,0,0,0,0,0,1,0
3259-FDWOY,0,0,1,1,71,1,Yes,No,Yes,Yes,No,Yes,Yes,1,106.0,7723.7,1,108.78450704225352,0,1,1,0,0,0,0,0,0,0,0,1
2101-RANCD,1,0,0,0,55,1,Yes,No,No,No,No,No,No,1,73.1,4144.9,0,75.36181818181818,0,0,1,0,0,1,0,0,0,0,1,0
7921-BEPCI,1,0,0,0,72,1,Yes,Yes,Yes,No,No,No,No,0,59.75,4265.0,0,59.236111111111114,0,1,0,0,0,0,0,0,0,0,0,1
0807-ZABDG,1,0,0,1,3,1,No,Yes,No,No,Yes,No,No,1,55.1,154.65,1,51.550000000000004,0,0,0,0,0,0,1,0,0,0,0,0
8510-TMWYB,1,0,1,1,54,1,Yes,No,Yes,Yes,No,No,No,1,59.8,3246.45,0,60.11944444444444,0,1,0,0,0,0,0,0,0,0,1,0
3258-ZKPAI,0,0,1,1,72,1,Yes,Yes,Yes,Yes,Yes,Yes,Yes,1,116.6,8337.45,0,115.79791666666668,0,1,1,0,0,0,0,0,0,0,0,1
1428-IEDPR,0,0,0,0,52,1,Yes,Yes,No,Yes,Yes,Yes,Yes,1,109.3,5731.4,0,110.21923076923076,0,1,1,0,0,1,0,0,0,0,1,0
5298-GSTLM,1,1,0,0,60,1,Yes,Yes,No,No,No,Yes,Yes,1,101.4,6176.6,0,102.94333333333334,1,0,1,0,0,0,0,0,0,0,1,0
4450-YOOHP,1,0,0,0,39,0,No phone service,No,No,Yes,No,Yes,Yes,1,50.65,1905.4,0,48.85641025641026,0,0,0,0,1,0,0,0,0,1,0,0
6728-CZFEI,1,0,0,0,15,1,No,No,No,No,No,Yes,No,0,56.15,931.9,0,62.126666666666665,1,0,0,0,0,0,1,1,0,0,0,0
5748-RNCJT,0,0,0,0,69,1,Yes,No,No,Yes,Yes,Yes,Yes,1,106.5,7348.8,1,106.50434782608696,0,1,1,0,0,0,0,0,0,0,0,1
3653-NCRDJ,0,0,1,1,43,1,No,No internet service,No internet service,No internet service,No internet service,No internet service,No internet service,1,19.2,776.25,0,18.052325581395348,1,0,0,1,0,0,1,0,0,1,0,0
6121-TNHBO,1,1,0,0,63,1,Yes,Yes,Yes,Yes,Yes,Yes,No,0,83.0,5243.05,0,83.22301587301588,1,0,0,0,0,0,0,0,0,0,0,1
5119-NZPTV,0,1,1,0,2,1,No,No,No,No,No,No,No,0,70.1,141.65,0,70.825,0,0,1,0,0,1,0,0,0,0,0,0
6519-ZHPXP,1,0,1,1,72,1,No,Yes,Yes,Yes,Yes,Yes,Yes,1,108.3,7679.65,0,106.66180555555555,0,1,1,0,0,0,0,0,0,0,0,1
7739-LAXOG,1,0,1,1,32,1,Yes,No,No,Yes,No,No,Yes,1,91.05,2954.5,1,92.328125,0,0,1,0,0,0,0,0,1,0,0,0
3472-QPRCH,0,0,1,1,40,1,Yes,No internet service,No internet service,No internet service,No internet service,No internet service,No internet service,0,25.25,1006.9,0,25.1725,0,1,0,1,1,0,0,0,0,1,0,0
8224-UAXBZ,1,0,1,0,58,0,No phone service,Yes,Yes,No,No,Yes,No,1,45.35,2540.1,0,43.79482758620689,1,0,0,0,0,1,0,0,0,0,1,0
9610-WCESF,0,0,0,0,67,0,No phone service,Yes,No,No,Yes,Yes,No,0,43.9,3097.2,0,46.22686567164179,0,1,0,0,0,1,0,0,0,0,0,1
9776-CLUJA,1,1,1,0,51,1,Yes,Yes,No,No,No,No,No,1,77.5,3807.35,1,74.65392156862745,0,0,1,0,0,1,0,0,0,0,1,0
2486-WYVVE,0,0,1,0,31,1,Yes,No,No,Yes,Yes,Yes,Yes,1,79.3,2484.0,0,80.12903225806451,1,0,0,0,0,0,1,0,1,0,0,0
3865-ZYKAD,0,1,1,0,69,1,Yes,Yes,Yes,No,No,No,No,1,84.9,5785.65,0,83.85,0,0,1,0,1,0,0,0,0,0,0,1
1422-DGUBX,0,0,1,0,32,1,Yes,No,No,No,Yes,No,No,1,79.25,2619.15,0,81.8484375,1,0,1,0,0,1,0,0,1,0,0,0
2999-AANRQ,1,0,0,0,21,1,No,Yes,Yes,No,Yes,Yes,No,0,71.05,1524.85,0,72.61190476190475,0,1,0,0,1,0,0,1,0,0,0,0
8668-KNZTI,0,0,0,0,52,1,No,Yes,No,Yes,No,No,No,0,53.75,2790.65,0,53.666346153846156,1,0,0,0,0,1,0,0,0,0,1,0
0480-KYJVA,1,0,1,1,72,1,Yes,No internet service,No internet service,No internet service,No internet service,No internet service,No internet service,0,24.25,1784.5,0,24.78472222222222,0,1,0,1,1,0,0,0,0,0,0,1
6034-ZRYCV,1,0,1,0,72,0,No phone service,No,Yes,Yes,No,Yes,Yes,1,54.2,3937.45,1,54.68680555555555,0,1,0,0,0,1,0,0,0,0,0,1
9746-YKGXB,0,0,1,1,52,0,No phone service,Yes,No,Yes,No,No,Yes,0,44.25,2276.1,0,43.771153846153844,1,0,0,0,0,0,0,0,0,0,1,0
3926-YZVVX,1,0,0,0,41,1,No,No,No,No,Yes,No,No,0,50.05,2029.05,0,49.4890243902439,1,0,0,0,0,0,0,0,0,1,0,0
6000-UKLWI,0,0,0,0,41,1,No,No internet service,No internet service,No internet service,No internet service,No internet service,No internet service,0,20.15,802.35,0,19.569512195121952,0,1,0,1,0,0,1,0,0,1,0,0
2079-FBMZK,1,0,0,0,6,1,No,No,No,No,No,No,No,1,69.25,418.4,1,69.73333333333333,0,0,1,0,0,0,1,0,0,0,0,0
6332-FBZRI,0,0,1,1,67,1,Yes,Yes,Yes,Yes,Yes,No,No,1,69.35,4653.25,0,69.45149253731343,1,0,0,0,1,0,0,0,0,0,0,1
2096-XOTMO,1,0,1,1,16,1,No,No internet service,No internet service,No internet service,No internet service,No internet service,No internet service,0,19.35,275.9,0,17.24375,0,0,0,1,0,0,1,1,0,0,0,0
3266-FTKHB,0,0,0,0,17,1,No,No internet service,No internet service,No internet service,No internet service,No internet service,No internet service,0,19.15,343.45,0,20.20294117647059,0,1,0,1,0,0,1,1,0,0,0,0
8221-EQDGL,0,0,1,0,35,1,No,Yes,Yes,Yes,No,No,No,0,61.0,2130.45,0,60.87,0,0,0,0,0,0,1,0,1,0,0,0
2346-LOCWC,1,0,1,1,58,1,No,No internet service,No internet service,No internet service,No internet service,No internet service,No internet service,0,20.5,1191.4,0,20.54137931034483,0,1,0,1,1,0,0,0,0,0,1,0
6608-QQLVK,0,0,0,0,1,1,No,No,No,Yes,No,No,No,1,50.5,50.5,1,50.5,0,0,0,0,0,1,0,0,0,0,0,0
0298-XACET,0,0,1,1,52,0,No phone service,No,Yes,Yes,Yes,Yes,No,0,50.2,2554.0,0,49.11538461538461,0,1,0,0,0,0,1,0,0,0,1,0
7560-QJAVJ,1,0,0,0,70,1,No,Yes,No,Yes,Yes,Yes,Yes,0,79.6,5589.45,0,79.84928571428571,0,1,0,0,0,0,0,0,0,0,0,1
2995-YWTCD,1,0,1,1,19,1,Yes,No internet service,No internet service,No internet service,No internet service,No internet service,No internet service,1,24.9,467.7,0,24.61578947368421,0,1,0,1,0,0,0,1,0,0,0,0
3551-HUAZH,0,1,0,0,1,1,Yes,No,No,No,No,No,No,1,74.4,74.4,1,74.4,0,0,1,0,0,1,0,0,0,0,0,0
9137-UIYPG,1,0,1,1,35,1,No,Yes,No,Yes,Yes,Yes,Yes,1,106.9,3756.45,0,107.32714285714285,0,0,1,0,0,1,0,0,1,0,0,0
2809-ZMYOQ,1,0,0,0,32,1,Yes,No,No,Yes,No,Yes,Yes,1,101.35,3334.9,0,104.215625,0,0,1,0,0,1,0,0,1,0,0,0
5084-OOVCJ,1,0,1,1,17,1,No,Yes,No,No,Yes,No,No,1,55.35,920.5,0,54.14705882352941,0,0,0,0,1,0,0,1,0,0,0,0
0254-WWRKD,1,0,1,1,67,1,No,No,Yes,No,No,No,No,0,50.55,3431.75,0,51.22014925373134,1,0,0,0,1,0,0,0,0,0,0,1
7727-SHVZV,1,0,0,0,9,1,No,No internet service,No internet service,No internet service,No internet service,No internet service,No internet service,0,19.5,150.35,0,16.705555555555556,0,0,0,1,0,0,0,0,0,0,0,0
6302-JGYRJ,0,0,0,1,31,1,Yes,No,Yes,No,Yes,Yes,Yes,1,79.45,2587.7,1,83.47419354838709,1,0,0,0,0,0,1,0,1,0,0,0
5339-PXDVH,0,0,0,0,4,1,Yes,Yes,No,No,No,Yes,No,0,90.65,367.95,0,91.9875,0,0,1,0,0,1,0,0,0,0,0,0
2205-LPVGL,0,1,1,1,58,1,Yes,Yes,Yes,No,Yes,No,No,1,89.85,5125.75,0,88.375,1,0,1,0,0,0,0,0,0,0,1,0
8782-NUUOL,0,0,0,0,60,1,No,Yes,No,Yes,Yes,Yes,Yes,0,79.0,4801.1,0,80.01833333333335,1,0,0,0,0,0,1,0,0,0,1,0
3685-YLCMQ,0,0,0,0,58,1,Yes,No,No,Yes,Yes,Yes,Yes,1,104.65,6219.6,1,107.2344827586207,1,0,1,0,0,1,0,0,0,0,1,0
7601-WFVZV,0,0,0,0,1,1,No,No internet service,No internet service,No internet service,No internet service,No internet service,No internet service,0,19.55,19.55,0,19.55,0,0,0,1,0,0,1,0,0,0,0,0
4609-KNNWG,1,0,1,1,27,1,No,No internet service,No internet service,No internet service,No internet service,No internet service,No internet service,0,19.9,550.1,0,20.374074074074073,0,1,0,1,0,0,1,0,1,0,0,0
4868-AADLV,0,1,1,1,66,1,Yes,Yes,Yes,Yes,Yes,Yes,Yes,1,116.25,7862.25,0,119.125,1,0,1,0,0,1,0,0,0,0,0,1
9529-OFXHY,0,0,0,0,15,1,Yes,Yes,No,No,No,Yes,No,1,87.75,1242.2,0,82.81333333333333,0,0,1,0,0,0,0,1,0,0,0,0
8634-MPHTR,0,1,1,0,47,1,Yes,No,No,Yes,No,Yes,Yes,1,100.05,4871.05,1,103.63936170212766,0,0,1,0,0,1,0,0,0,1,0,0
2669-QVCRG,1,0,0,0,41,1,Yes,Yes,No,No,No,No,No,1,81.3,3190.65,0,77.82073170731708,0,0,1,0,1,0,0,0,0,1,0,0
2478-EEWWM,0,0,1,0,59,0,No phone service,No,No,No,No,Yes,Yes,1,44.3,2666.75,0,45.19915254237288,0,0,0,0,0,1,0,0,0,0,1,0
9174-IHETN,1,0,0,1,50,1,No,No,No,No,No,No,No,0,70.35,3533.6,0,70.672,0,1,1,0,1,0,0,0,0,0,1,0
2233-TXSIU,0,0,1,1,17,0,No phone service,Yes,No,Yes,No,Yes,No,0,44.45,792.15,0,46.59705882352941,1,0,0,0,1,0,0,1,0,0,0,0
9644-UMGQA,0,0,1,1,6,1,No,Yes,No,No,No,No,No,1,49.15,295.65,0,49.275,0,0,0,0,0,1,0,0,0,0,0,0
3256-EZDBI,0,1,1,0,51,0,No phone service,No,Yes,No,No,No,No,1,29.45,1459.35,0,28.61470588235294,0,0,0,0,1,0,0,0,0,0,1,0
8761-NSOBC,0,0,0,0,44,1,No,No,Yes,No,Yes,Yes,Yes,0,100.55,4398.15,1,99.95795454545454,0,0,1,0,0,1,0,0,0,1,0,0
0419-YAAPX,0,0,1,0,49,1,No,No,Yes,No,No,Yes,No,1,85.3,4297.95,0,87.71326530612245,0,0,1,0,1,0,0,0,0,0,1,0
8413-VONUO,0,0,0,0,2,1,No,No,Yes,No,No,Yes,Yes,0,95.65,167.3,1,83.65,0,0,1,0,0,1,0,0,0,0,0,0
0872-CASZJ,0,0,1,0,59,1,Yes,Yes,No,No,Yes,No,Yes,1,69.1,4096.9,0,69.43898305084745,1,0,0,0,0,0,1,0,0,0,1,0
4726-DLWQN,0,1,0,0,50,1,Yes,Yes,Yes,No,No,Yes,No,1,70.35,3454.6,0,69.092,0,0,0,0,0,0,0,0,0,0,1,0
8164-OCKUJ,1,0,1,1,59,1,No,No internet service,No internet service,No internet service,No internet service,No internet service,No internet service,0,20.6,1286.0,0,21.796610169491526,0,1,0,1,0,0,1,0,0,0,1,0
3094-JOJAI,0,0,0,0,18,1,Yes,No,No,No,No,No,No,0,74.15,1387.0,0,77.05555555555556,0,0,1,0,0,0,1,1,0,0,0,0
9494-MRNYX,0,0,0,0,10,1,Yes,No,No,No,No,No,No,0,75.05,786.3,0,78.63,0,0,1,0,0,1,0,0,0,0,0,0
2599-CZABP,0,0,1,0,14,1,No,No,No,No,No,No,No,0,44.6,641.25,0,45.80357142857143,1,0,0,0,0,1,0,1,0,0,0,0
7945-PRBVF,0,0,0,0,35,1,No,No internet service,No internet service,No internet service,No internet service,No internet service,No internet service,0,21.45,705.45,0,20.155714285714286,0,1,0,1,0,0,0,0,1,0,0,0
4544-RXFMG,0,0,1,1,8,1,No,No,No,No,No,No,No,1,43.45,345.5,0,43.1875,1,0,0,0,0,0,1,0,0,0,0,0
0859-YGKFW,0,0,1,1,18,1,No,No internet service,No internet service,No internet service,No internet service,No internet service,No internet service,0,20.05,345.9,0,19.216666666666665,1,0,0,1,0,0,0,1,0,0,0,0
1150-FTQGN,1,0,1,1,60,1,Yes,Yes,Yes,No,No,Yes,No,0,94.15,5811.8,0,96.86333333333333,1,0,1,0,0,0,0,0,0,0,1,0
9223-UCPVT,1,0,0,0,1,1,No,No,No,Yes,No,Yes,Yes,0,94.4,94.4,1,94.4,0,0,1,0,0,1,0,0,0,0,0,0
7196-LIWRH,1,0,0,0,6,1,No,No internet service,No internet service,No internet service,No internet service,No internet service,No internet service,0,19.55,124.45,0,20.741666666666667,0,1,0,1,0,0,1,0,0,0,0,0
5448-VWNAM,1,0,0,1,19,1,Yes,Yes,Yes,No,Yes,Yes,No,1,75.9,1375.6,0,72.39999999999999,0,0,0,0,0,0,1,1,0,0,0,0
1177-XZBJL,0,0,1,1,53,1,Yes,Yes,Yes,No,Yes,No,No,0,64.15,3491.55,0,65.87830188679246,1,0,0,0,0,0,0,0,0,0,1,0
3518-FSTWG,0,1,1,0,72,1,Yes,Yes,Yes,Yes,No,Yes,Yes,1,109.55,7920.7,0,110.00972222222222,0,1,1,0,0,0,0,0,0,0,0,1
9330-VOFSZ,1,0,1,0,60,1,Yes,No,Yes,Yes,Yes,Yes,Yes,1,110.8,6640.7,0,110.67833333333333,0,1,1,0,1,0,0,0,0,0,1,0
4351-QLCSU,1,0,0,0,1,1,No,No,No,No,No,Yes,No,1,55.0,55.0,1,55.0,0,0,0,0,1,0,0,0,0,0,0,0
0939-EREMR,1,0,0,1,13,1,No,No,No,Yes,Yes,No,No,0,53.45,718.1,0,55.23846153846154,0,0,0,0,0,0,1,1,0,0,0,0
9389-ACWBI,1,0,1,1,5,1,No,No,No,No,No,No,No,0,69.95,320.4,0,64.08,0,0,1,0,1,0,0,0,0,0,0,0
5419-JPRRN,0,0,0,0,1,1,Yes,No,No,Yes,No,Yes,Yes,1,101.45,101.45,1,101.45,0,0,1,0,0,1,0,0,0,0,0,0
3644-QXEHN,0,0,1,1,13,1,No,No,No,Yes,No,Yes,Yes,0,97.0,1334.45,0,102.65,0,0,1,0,0,1,0,1,0,0,0,0
2911-IJORQ,0,0,0,0,37,1,Yes,Yes,Yes,Yes,Yes,Yes,Yes,1,90.6,3358.65,0,90.77432432432433,1,0,0,0,0,0,0,0,0,1,0,0
5921-NGYRH,0,0,1,0,64,1,No,Yes,No,No,No,No,No,1,73.55,4764.0,0,74.4375,0,0,1,0,0,0,1,0,0,0,0,1
2100-BDNSN,1,0,1,0,5,1,Yes,No,No,Yes,Yes,Yes,No,0,67.95,350.3,1,70.06,0,0,0,0,0,0,0,0,0,0,0,0
5998-DZLYR,1,0,1,0,61,1,Yes,No,Yes,No,Yes,No,Yes,1,94.35,5703.0,0,93.49180327868852,0,1,1,0,0,0,0,0,0,0,0,1
0488-GSLFR,1,0,0,0,1,1,No,No,No,No,No,No,No,1,69.5,69.5,1,69.5,0,0,1,0,0,1,0,0,0,0,0,0
9318-NKNFC,0,0,0,0,1,1,No,No internet service,No internet service,No internet service,No internet service,No internet service,No internet service,1,18.85,18.85,1,18.85,0,0,0,1,0,0,1,0,0,0,0,0
3985-HOYPM,0,0,0,0,26,1,No,No internet service,No internet service,No internet service,No internet service,No internet service,No internet service,0,19.4,525.55,0,20.213461538461537,1,0,0,1,0,0,1,0,1,0,0,0
9728-FTTVZ,1,0,0,0,1,1,No,No,No,No,No,No,No,1,69.2,69.2,1,69.2,0,0,1,0,0,1,0,0,0,0,0,0
9548-LERKT,0,0,1,0,24,1,No,No internet service,No internet service,No internet service,No internet service,No internet service,No internet service,0,19.75,483.15,0,20.131249999999998,0,1,0,1,0,0,1,1,0,0,0,0
6576-FBXOJ,0,0,1,0,17,0,No phone service,No,No,Yes,Yes,Yes,Yes,0,54.6,934.8,0,54.98823529411764,1,0,0,0,0,1,0,1,0,0,0,0
4310-KEDTB,1,0,0,1,26,0,No phone service,No,No,Yes,No,No,No,1,29.8,786.5,0,30.25,0,0,0,0,0,0,1,0,1,0,0,0
7254-IQWOZ,0,0,0,0,1,1,No,No,No,No,No,No,No,1,69.65,69.65,1,69.65,0,0,1,0,0,1,0,0,0,0,0,0
2474-BRUCM,0,1,1,0,40,1,Yes,Yes,No,No,No,Yes,Yes,0,101.85,4086.3,1,102.1575,0,0,1,0,0,1,0,0,0,1,0,0
4062-HBMOS,0,0,0,0,52,1,Yes,No,Yes,Yes,No,Yes,Yes,1,103.05,5364.8,0,103.16923076923078,0,0,1,0,0,1,0,0,0,0,1,0
0742-NXBGR,1,0,0,0,1,1,No,No,Yes,Yes,No,No,No,1,82.3,82.3,1,82.3,0,0,1,0,0,1,0,0,0,0,0,0
2676-ISHSF,0,0,0,0,1,1,No,No internet service,No internet service,No internet service,No internet service,No internet service,No internet service,0,20.3,20.3,0,20.3,0,0,0,1,0,0,1,0,0,0,0,0
9236-NDUCW,1,0,0,0,21,0,No phone service,Yes,No,No,Yes,No,No,0,35.1,770.4,0,36.68571428571428,0,1,0,0,0,0,1,1,0,0,0,0
4753-PADAS,1,0,1,0,67,1,Yes,No,Yes,Yes,No,Yes,Yes,1,105.7,6816.95,0,101.7455223880597,1,0,1,0,0,0,0,0,0,0,0,1
6103-QCKFX,1,0,1,1,44,1,No,Yes,No,No,Yes,No,No,0,56.25,2419.55,0,54.98977272727273,0,0,0,0,0,0,0,0,0,1,0,0
7781-EWARA,0,0,1,1,70,0,No phone service,No,Yes,Yes,Yes,Yes,Yes,0,60.35,4138.7,0,59.12428571428571,1,0,0,0,0,1,0,0,0,0,0,1
6110-OHIHY,0,0,0,0,3,1,No,No,No,No,No,Yes,No,0,79.25,267.6,1,89.2,0,0,1,0,0,1,0,0,0,0,0,0
7018-FPXHH,0,0,1,1,56,1,No,Yes,Yes,Yes,No,No,No,1,59.8,3457.45,0,61.740178571428565,0,1,0,0,0,0,0,0,0,0,1,0
5889-LFOLL,1,0,0,0,13,1,Yes,No,No,No,No,No,Yes,1,84.6,1115.2,1,85.78461538461539,0,0,1,0,0,1,0,1,0,0,0,0
5708-EVONK,1,0,1,1,58,1,Yes,Yes,Yes,No,No,No,Yes,1,93.4,5435.6,1,93.71724137931035,0,0,1,0,0,0,0,0,0,0,1,0
8708-XPXHZ,1,0,1,1,42,1,Yes,No,No,No,No,Yes,Yes,1,94.2,4186.3,1,99.67380952380952,0,0,1,0,0,1,0,0,0,1,0,0
0616-ATFGB,0,1,1,0,1,0,No phone service,No,No,No,No,No,No,0,25.05,25.05,1,25.05,0,0,0,0,0,1,0,0,0,0,0,0
0572-ZJKLT,1,0,1,1,46,1,Yes,Yes,No,Yes,Yes,No,Yes,0,99.65,4630.2,0,100.65652173913043,0,1,1,0,0,0,1,0,0,1,0,0
5135-RDDQL,1,0,1,1,63,1,No,Yes,No,No,No,No,No,1,50.65,3221.25,0,51.13095238095238,0,1,0,0,0,0,0,0,0,0,0,1
1353-LJWEM,0,0,0,0,11,1,No,No,Yes,Yes,Yes,No,No,1,60.9,688.5,0,62.59090909090909,0,0,0,0,0,1,0,0,0,0,0,0
1794-SWWKL,0,0,1,1,15,1,Yes,No,No,Yes,Yes,No,No,1,59.65,867.1,0,57.806666666666665,0,0,0,0,0,0,0,1,0,0,0,0
6166-YIPFO,0,0,1,0,72,0,No phone service,Yes,Yes,Yes,Yes,Yes,Yes,1,64.7,4746.05,0,65.91736111111112,0,1,0,0,0,1,0,0,0,0,0,1
7016-BPGEU,1,0,0,0,29,0,No phone service,No,No,No,No,No,No,1,25.1,712.85,1,24.58103448275862,0,0,0,0,1,0,0,0,1,0,0,0
6876-ADESB,0,0,0,1,1,1,No,No,No,Yes,No,No,No,0,48.95,48.95,1,48.95,0,0,0,0,0,1,0,0,0,0,0,0
9332-GYWLO,1,0,1,1,6,1,No,No,No,No,No,Yes,No,0,54.85,355.1,0,59.18333333333334,0,0,0,0,0,1,0,0,0,0,0,0
1963-SVUCV,0,0,0,0,1,1,No,No,No,No,No,No,No,0,45.3,45.3,1,45.3,0,0,0,0,0,1,0,0,0,0,0,0
4184-VODJZ,0,0,1,1,63,1,Yes,No,Yes,No,No,No,Yes,1,91.35,5764.7,0,91.5031746031746,1,0,1,0,0,1,0,0,0,0,0,1
0220-EBGCE,0,0,0,0,2,1,No,No,No,Yes,No,No,Yes,1,85.85,167.3,1,83.65,0,0,1,0,0,1,0,0,0,0,0,0
1092-WPIVQ,1,0,1,1,18,1,Yes,No internet service,No internet service,No internet service,No internet service,No internet service,No internet service,0,25.1,428.45,0,23.802777777777777,0,1,0,1,0,0,1,1,0,0,0,0
7233-IOQNP,1,0,1,0,43,0,No phone service,Yes,No,No,Yes,No,No,0,34.0,1505.35,0,35.00813953488372,0,0,0,0,0,0,0,0,0,1,0,0
2834-JKOOW,1,0,0,0,15,0,No phone service,Yes,Yes,Yes,Yes,No,No,0,45.9,693.45,0,46.230000000000004,1,0,0,0,0,0,1,1,0,0,0,0
2754-VDLTR,0,0,0,1,10,1,Yes,No,No,No,No,Yes,Yes,0,95.2,930.4,1,93.03999999999999,0,0,1,0,0,1,0,0,0,0,0,0
2400-FEQME,0,0,1,1,55,1,No,No internet service,No internet service,No internet service,No internet service,No internet service,No internet service,0,20.5,1177.95,0,21.417272727272728,0,1,0,1,0,0,1,0,0,0,1,0
3190-XFANI,0,0,0,1,49,1,Yes,No,No,No,Yes,Yes,Yes,1,100.6,5069.65,1,103.46224489795918,1,0,1,0,0,0,0,0,0,0,1,0
7551-DACSP,0,0,1,1,6,1,No,No,Yes,Yes,No,No,No,1,55.3,324.25,1,54.041666666666664,0,0,0,0,0,0,1,0,0,0,0,0
4957-SREEC,0,0,1,1,70,1,No,No internet service,No internet service,No internet service,No internet service,No internet service,No internet service,0,20.35,1458.1,0,20.83,0,1,0,1,1,0,0,0,0,0,0,1
7235-NXZCP,0,1,0,0,2,1,Yes,No,No,No,No,No,No,1,74.85,156.4,1,78.2,0,0,1,0,0,0,1,0,0,0,0,0
0230-UBYPQ,0,1,1,0,63,0,No phone service,Yes,No,No,Yes,No,No,0,36.1,2298.9,0,36.490476190476194,1,0,0,0,0,0,0,0,0,0,0,1
4923-ADWXJ,1,0,0,0,25,1,No,No,Yes,No,Yes,No,Yes,1,65.8,1679.65,0,67.186,0,0,0,0,0,0,0,0,1,0,0,0
1763-KUAAW,1,1,0,0,18,1,No,No internet service,No internet service,No internet service,No internet service,No internet service,No internet service,0,20.35,369.6,0,20.533333333333335,1,0,0,1,0,0,0,1,0,0,0,0
1104-TNLZA,0,1,1,0,28,1,Yes,No,Yes,No,Yes,Yes,Yes,1,105.8,2998.0,0,107.07142857142857,0,0,1,0,0,1,0,0,1,0,0,0
5195-KPUNQ,1,1,0,0,53,1,No,Yes,Yes,No,Yes,No,Yes,1,96.75,5206.55,0,98.23679245283019,1,0,1,0,0,0,1,0,0,0,1,0
0520-FDVVT,0,0,0,0,35,1,No,No,Yes,Yes,No,Yes,Yes,1,102.35,3626.1,1,103.60285714285715,1,0,1,0,0,0,0,0,1,0,0,0
3439-GVUSX,0,0,0,0,1,0,No phone service,No,No,No,No,No,No,0,24.4,24.4,0,24.4,0,0,0,0,0,0,1,0,0,0,0,0
1444-VVSGW,0,0,1,0,70,1,Yes,Yes,Yes,Yes,Yes,Yes,Yes,0,115.65,7968.85,1,113.84071428571428,1,0,1,0,1,0,0,0,0,0,0,1
5712-PTIWW,0,0,0,0,2,1,No,No,No,Yes,Yes,No,No,1,79.85,152.45,1,76.225,0,0,1,0,0,1,0,0,0,0,0,0
5949-HGVJL,1,0,1,0,26,1,No,No,Yes,No,Yes,Yes,Yes,1,73.05,1959.5,0,75.36538461538461,0,0,0,0,0,1,0,0,1,0,0,0
5203-XEHAX,1,0,0,0,34,1,No,Yes,Yes,No,No,No,Yes,0,64.35,2053.05,0,60.38382352941177,1,0,0,0,0,1,0,0,1,0,0,0
1635-HDGFT,1,0,0,1,19,1,No,No internet service,No internet service,No internet service,No internet service,No internet service,No internet service,0,20.5,398.55,0,20.976315789473684,0,1,0,1,0,0,1,1,0,0,0,0
3315-TOTBP,0,0,0,0,15,1,Yes,No,No,No,No,No,No,1,76.0,1130.85,1,75.39,0,0,1,0,0,0,1,1,0,0,0,0
8050-XGRVL,1,0,1,1,62,1,No,Yes,No,Yes,No,No,No,0,54.75,3425.35,0,55.247580645161285,1,0,0,0,1,0,0,0,0,0,0,1
6661-HBGWL,1,1,0,0,42,1,Yes,No,Yes,Yes,No,Yes,Yes,1,104.75,4323.45,1,102.93928571428572,0,0,1,0,0,0,0,0,0,1,0,0
1518-VOWAV,1,0,0,0,9,1,No,Yes,Yes,No,No,Yes,Yes,1,74.65,703.55,1,78.17222222222222,0,0,0,0,0,1,0,0,0,0,0,0
9828-QHFBK,0,0,0,0,24,1,No,Yes,No,No,No,No,No,1,51.15,1275.7,0,53.15416666666667,0,0,0,0,0,1,0,1,0,0,0,0
3908-MKIMJ,0,1,1,0,68,0,No phone service,Yes,Yes,Yes,No,No,No,1,41.95,2965.75,0,43.6139705882353,0,1,0,0,0,1,0,0,0,0,0,1
5012-YSPJJ,0,0,1,1,31,1,No,No,No,Yes,Yes,No,No,0,54.35,1647.0,0,53.12903225806452,0,0,0,0,0,0,1,0,1,0,0,0
5909-ECHUI,1,0,0,0,1,1,No,No,No,No,No,No,Yes,1,56.25,56.25,1,56.25,0,0,0,0,0,1,0,0,0,0,0,0
1309-BXVOQ,0,0,1,0,21,1,Yes,No,No,Yes,Yes,Yes,Yes,1,106.1,2249.95,1,107.14047619047618,0,0,1,0,0,1,0,1,0,0,0,0
6728-VOIFY,1,0,1,0,63,1,No,No,Yes,No,No,Yes,Yes,1,96.0,6109.75,0,96.98015873015873,1,0,1,0,0,1,0,0,0,0,0,1
9317-WZPGV,1,1,0,0,2,1,No,No,No,No,No,No,Yes,1,79.75,159.4,1,79.7,0,0,1,0,0,0,0,0,0,0,0,0
4891-NLUBA,1,0,1,1,61,0,No phone service,No,Yes,Yes,Yes,Yes,Yes,1,61.45,3751.15,0,61.49426229508197,0,1,0,0,0,0,0,0,0,0,0,1
2856-HYAPG,1,0,0,0,1,1,No,No,No,No,No,No,No,0,68.65,68.65,1,68.65,0,0,1,0,0,1,0,0,0,0,0,0
8969-PRHFK,0,0,0,0,18,1,No,No internet service,No internet service,No internet service,No internet service,No internet service,No internet service,0,19.65,411.25,0,22.84722222222222,1,0,0,1,0,0,1,1,0,0,0,0
0661-KQHNK,1,0,1,1,6,1,No,No internet service,No internet service,No internet service,No internet service,No internet service,No internet service,0,19.0,105.5,0,17.583333333333332,1,0,0,1,1,0,0,0,0,0,0,0
8709-KRDVL,1,0,0,0,33,1,Yes,No,Yes,No,No,Yes,Yes,1,100.0,3320.6,0,100.62424242424242,0,0,1,0,0,1,0,0,1,0,0,0
4488-PSYCG,0,0,0,0,16,1,No,No internet service,No internet service,No internet service,No internet service,No internet service,No internet service,0,20.25,327.45,1,20.465625,0,0,0,1,0,0,0,1,0,0,0,0
1427-VERSM,1,0,1,0,56,1,No,No,No,Yes,Yes,Yes,Yes,1,98.7,5669.5,0,101.24107142857143,0,0,1,0,0,1,0,0,0,0,1,0
9801-NOSHQ,0,0,0,1,23,1,No,No internet service,No internet service,No internet service,No internet service,No internet service,No internet service,0,19.8,465.45,0,20.23695652173913,1,0,0,1,0,0,1,1,0,0,0,0
6339-YPSAH,0,0,0,0,9,1,No,No,No,Yes,No,No,No,1,73.8,704.3,0,78.25555555555555,0,0,1,0,0,1,0,0,0,0,0,0
3621-CEOVK,1,1,1,0,14,1,Yes,No,Yes,No,No,Yes,Yes,1,100.2,1369.8,1,97.84285714285714,0,0,1,0,0,1,0,1,0,0,0,0
6906-ANDWJ,0,0,1,1,15,1,Yes,No,No,No,No,No,No,1,74.9,1107.25,1,73.81666666666666,0,0,1,0,0,0,0,1,0,0,0,0
2159-TURXX,0,0,0,0,5,1,No,No internet service,No internet service,No internet service,No internet service,No internet service,No internet service,0,20.05,95.55,0,19.11,0,0,0,1,1,0,0,0,0,0,0,0
1548-FEHVL,0,0,1,0,61,1,Yes,Yes,Yes,No,No,Yes,Yes,1,106.2,6375.2,0,104.51147540983607,0,0,1,0,0,1,0,0,0,0,0,1
3795-CAWEX,0,0,1,1,70,1,Yes,Yes,Yes,Yes,Yes,Yes,Yes,1,116.55,8152.3,0,116.46142857142857,0,1,1,0,1,0,0,0,0,0,0,1
6215-NQCPY,0,0,0,0,15,1,Yes,Yes,No,No,No,Yes,Yes,1,99.7,1566.75,0,104.45,0,0,1,0,0,1,0,1,0,0,0,0
5647-URDKA,0,0,1,1,8,1,No,No internet service,No internet service,No internet service,No internet service,No internet service,No internet service,0,19.7,130.25,0,16.28125,0,1,0,1,0,0,1,0,0,0,0,0
2229-DPMBI,1,0,1,1,8,1,No,No internet service,No internet service,No internet service,No internet service,No internet service,No internet service,0,19.5,162.15,0,20.26875,0,1,0,1,0,0,1,0,0,0,0,0
9626-WEQRM,1,0,0,0,4,0,No phone service,Yes,No,No,No,No,No,1,29.15,110.05,0,27.5125,0,0,0,0,0,0,1,0,0,0,0,0
2188-SXWVT,1,0,0,0,34,1,No,Yes,Yes,No,No,No,No,0,55.0,1885.15,0,55.44558823529412,1,0,0,0,0,0,1,0,1,0,0,0
6258-PVZWJ,0,0,1,0,68,1,Yes,Yes,Yes,Yes,Yes,Yes,Yes,1,90.8,6302.85,0,92.68897058823529,0,1,0,0,1,0,0,0,0,0,0,1
1094-BKOSX,1,0,1,1,45,0,No phone service,No,Yes,Yes,Yes,No,Yes,0,51.0,2264.5,0,50.32222222222222,1,0,0,0,0,0,0,0,0,1,0,0
6969-MVBAI,1,1,0,0,9,1,Yes,No,No,Yes,No,Yes,No,1,90.1,816.8,0,90.75555555555555,0,0,1,0,0,1,0,0,0,0,0,0
2978-XXSOG,1,0,0,0,22,1,Yes,Yes,No,No,Yes,No,No,1,59.05,1253.5,0,56.97727272727273,0,0,0,0,0,0,1,1,0,0,0,0
2342-CKIAO,1,0,0,0,2,1,No,No internet service,No internet service,No internet service,No internet service,No internet service,No internet service,0,20.3,41.2,0,20.6,0,0,0,1,0,0,1,0,0,0,0,0
6953-PBDIN,0,0,1,0,70,1,Yes,No,Yes,Yes,Yes,Yes,No,0,72.95,5265.55,0,75.22214285714286,0,1,0,0,0,0,0,0,0,0,0,1
3898-BSJYF,1,0,0,1,10,1,Yes,Yes,No,Yes,Yes,No,Yes,0,73.55,693.3,0,69.33,1,0,0,0,1,0,0,0,0,0,0,0
3938-YFPXD,0,0,0,0,72,1,Yes,Yes,No,Yes,Yes,Yes,Yes,0,84.3,5997.1,0,83.29305555555555,0,1,0,0,1,0,0,0,0,0,0,1
7696-AMHOD,1,0,1,1,49,1,No,No,Yes,Yes,No,Yes,Yes,0,78.0,3824.2,0,78.04489795918367,1,0,0,0,1,0,0,0,0,0,1,0
2453-SAFNS,1,1,0,0,54,1,Yes,No,Yes,No,Yes,Yes,No,0,72.1,3886.05,0,71.96388888888889,1,0,0,0,0,0,1,0,0,0,1,0
9558-IHEZX,1,0,0,0,71,1,Yes,Yes,Yes,Yes,No,Yes,Yes,1,106.75,7283.25,0,102.58098591549296,0,1,1,0,1,0,0,0,0,0,0,1
9617-UDPEU,1,0,0,0,22,1,No,No internet service,No internet service,No internet service,No internet service,No internet service,No internet service,1,19.25,412.55,0,18.75227272727273,1,0,0,1,0,0,1,1,0,0,0,0
6340-DACFT,1,0,1,1,50,1,No,No internet service,No internet service,No internet service,No internet service,No internet service,No internet service,0,20.55,1070.25,0,21.405,0,1,0,1,1,0,0,0,0,0,1,0
4955-VCWBI,1,0,1,1,43,1,No,No internet service,No internet service,No internet service,No internet service,No internet service,No internet service,0,20.0,817.95,0,19.022093023255817,1,0,0,1,0,0,1,0,0,1,0,0
6813-GZQCG,1,0,1,1,45,1,Yes,No internet service,No internet service,No internet service,No internet service,No internet service,No internet service,1,24.65,1171.3,0,26.028888888888886,0,1,0,1,1,0,0,0,0,1,0,0
7426-GSWPO,0,1,0,0,64,1,Yes,Yes,Yes,No,No,Yes,Yes,1,103.5,6548.65,0,102.32265625,0,0,1,0,0,0,0,0,0,0,0,1
3389-KTRXV,1,0,1,1,23,1,Yes,No internet service,No internet service,No internet service,No internet service,No internet service,No internet service,0,23.85,625.65,0,27.202173913043477,0,1,0,1,0,0,1,1,0,0,0,0
3118-UHVVQ,1,0,1,0,68,1,Yes,No internet service,No internet service,No internet service,No internet service,No internet service,No internet service,0,25.8,1911.5,0,28.110294117647058,0,1,0,1,1,0,0,0,0,0,0,1
1031-IIDEO,1,0,0,0,1,1,No,No,No,No,No,No,No,1,70.85,70.85,1,70.85,0,0,1,0,0,1,0,0,0,0,0,0
5832-XKAES,0,0,0,0,2,1,No,No,No,No,No,No,No,1,69.8,134.7,1,67.35,0,0,1,0,1,0,0,0,0,0,0,0
3205-MXZRA,0,0,0,0,26,1,No,No,No,No,Yes,Yes,No,0,59.45,1507.0,0,57.96153846153846,1,0,0,0,1,0,0,0,1,0,0,0
4701-AHWMW,0,0,1,0,55,0,No phone service,No,No,Yes,Yes,Yes,Yes,1,54.55,2978.3,1,54.150909090909096,0,0,0,0,0,0,0,0,0,0,1,0
8317-BVKSO,0,0,0,0,14,1,No,No internet service,No internet service,No internet service,No internet service,No internet service,No internet service,1,20.05,299.3,0,21.37857142857143,0,0,0,1,0,1,0,1,0,0,0,0
5702-KVQRD,0,0,1,0,71,1,No,Yes,No,Yes,Yes,Yes,Yes,1,82.55,5832.65,0,82.14999999999999,0,1,0,0,0,1,0,0,0,0,0,1
0083-PIVIK,0,0,0,0,64,1,Yes,Yes,Yes,Yes,Yes,Yes,No,0,81.25,5567.55,0,86.99296875,1,0,0,0,0,1,0,0,0,0,0,1
9210-IAHGH,1,0,0,0,7,1,No,No,No,No,Yes,Yes,Yes,1,70.75,450.8,1,64.4,0,0,0,0,1,0,0,0,0,0,0,0
6169-PGNCD,1,0,0,0,57,1,No,Yes,Yes,Yes,Yes,Yes,No,1,74.3,4166.35,0,73.09385964912282,0,1,0,0,1,0,0,0,0,0,1,0
0023-XUOPT,1,0,1,0,13,1,Yes,No,Yes,Yes,No,Yes,No,0,94.1,1215.6,1,93.5076923076923,0,0,1,0,0,1,0,1,0,0,0,0
4592-IWTJI,1,0,1,1,3,0,No phone service,Yes,No,No,No,No,No,0,29.7,91.7,1,30.566666666666666,0,0,0,0,1,0,0,0,0,0,0,0
4909-JOUPP,0,1,1,0,72,1,Yes,No,Yes,Yes,Yes,Yes,Yes,0,109.7,7898.45,0,109.70069444444444,0,1,1,0,1,0,0,0,0,0,0,1
4657-FWVFY,1,0,1,1,40,1,Yes,No,Yes,Yes,No,Yes,No,1,96.35,3915.4,0,97.885,0,0,1,0,1,0,0,0,0,1,0,0
2257-BOVXD,0,0,1,0,14,1,Yes,No,No,No,Yes,Yes,No,1,66.6,979.5,0,69.96428571428571,0,0,0,0,1,0,0,1,0,0,0,0
7729-JTEEC,0,0,1,1,2,1,No,No,No,No,No,No,No,1,44.5,90.05,0,45.025,0,0,0,0,0,1,0,0,0,0,0,0
7632-MNYOY,0,1,0,0,66,1,Yes,No,Yes,Yes,Yes,Yes,Yes,0,110.9,7432.05,1,112.60681818181818,1,0,1,0,1,0,0,0,0,0,0,1
6518-LGAOV,1,0,1,0,38,1,Yes,No,No,Yes,Yes,Yes,Yes,1,105.0,4026.4,1,105.9578947368421,0,0,1,0,0,1,0,0,0,1,0,0
7242-QZLXF,0,0,0,1,1,0,No phone service,No,No,No,No,No,No,1,25.3,25.3,1,25.3,0,0,0,0,0,1,0,0,0,0,0,0
4576-CSAJH,0,0,0,0,22,1,No,No,Yes,No,Yes,No,No,1,55.15,1193.05,1,54.22954545454545,1,0,0,0,1,0,0,1,0,0,0,0
1000-AJSLD,0,0,0,0,1,1,No,No internet service,No internet service,No internet service,No internet service,No internet service,No internet service,1,20.1,20.1,1,20.1,0,0,0,1,0,0,1,0,0,0,0,0
9696-RMYBA,0,0,0,0,5,1,No,No,No,No,No,Yes,No,1,80.1,398.55,0,79.71000000000001,0,0,1,0,0,0,1,0,0,0,0,0
8690-UPCZI,0,0,1,1,29,1,Yes,Yes,No,No,Yes,Yes,No,0,69.05,1958.45,0,67.53275862068966,1,0,0,0,0,0,0,0,1,0,0,0
1062-LHZOD,0,0,1,1,1,1,No,No,No,No,No,No,No,1,69.9,69.9,1,69.9,0,0,1,0,0,0,1,0,0,0,0,0
9770-LXDBK,1,0,0,0,3,1,No,No internet service,No internet service,No internet service,No internet service,No internet service,No internet service,0,20.4,63.15,0,21.05,0,0,0,1,0,0,1,0,0,0,0,0
4086-WITJG,0,0,1,1,71,1,No,No internet service,No internet service,No internet service,No internet service,No internet service,No internet service,0,19.7,1301.1,0,18.325352112676054,0,1,0,1,1,0,0,0,0,0,0,1
8344-WFMFH,0,0,0,1,9,1,No,No,Yes,No,No,No,No,1,50.1,484.05,0,53.78333333333333,0,0,0,0,0,1,0,0,0,0,0,0
9600-NAXZN,0,0,0,0,43,1,Yes,No,Yes,No,No,Yes,Yes,1,101.4,4528.0,1,105.30232558139535,0,0,1,0,0,1,0,0,0,1,0,0
8822-KNBHV,1,0,0,0,48,1,Yes,Yes,Yes,Yes,No,Yes,Yes,1,83.45,3887.85,0,80.996875,1,0,0,0,1,0,0,0,0,1,0,0
8404-FYDIB,0,0,0,0,26,1,Yes,Yes,Yes,No,No,No,No,1,86.65,2208.75,0,84.95192307692308,0,0,1,0,1,0,0,0,1,0,0,0
2791-SFVEW,1,0,0,0,9,1,No,No internet service,No internet service,No internet service,No internet service,No internet service,No internet service,0,20.15,238.15,0,26.461111111111112,0,0,0,1,0,0,0,0,0,0,0,0
6457-USBER,0,0,0,0,1,1,No,No,No,No,No,No,Yes,1,80.8,80.8,1,80.8,0,0,1,0,0,1,0,0,0,0,0,0
6762-NSODU,1,0,1,1,46,1,No,No internet service,No internet service,No internet service,No internet service,No internet service,No internet service,0,19.4,958.15,0,20.829347826086956,0,1,0,1,1,0,0,0,0,1,0,0
4662-EKDPQ,0,0,0,0,2,1,Yes,No,No,No,No,No,Yes,0,62.05,118.3,1,59.15,0,0,0,0,0,0,0,0,0,0,0,0
9248-OJYKK,0,1,0,0,1,1,Yes,No,No,No,No,No,No,1,76.45,76.45,1,76.45,0,0,1,0,0,1,0,0,0,0,0,0
9888-ZCUMM,0,0,1,1,64,0,No phone service,Yes,No,Yes,Yes,Yes,Yes,1,60.05,3845.45,0,60.08515625,0,1,0,0,0,0,0,0,0,0,0,1
3398-FSHON,1,1,0,0,12,1,Yes,No,Yes,No,No,Yes,No,1,91.3,1094.5,1,91.20833333333333,0,0,1,0,0,1,0,0,0,0,0,0
3319-DWOEP,0,1,1,0,6,1,No,No,No,Yes,No,Yes,Yes,1,95.75,573.75,1,95.625,0,0,1,0,0,1,0,0,0,0,0,0
1074-WVEVG,1,0,1,0,59,1,No,No internet service,No internet service,No internet service,No internet service,No internet service,No internet service,0,20.35,1267.0,0,21.47457627118644,1,0,0,1,0,0,1,0,0,0,1,0
9979-RGMZT,1,0,0,0,7,1,No,No,Yes,No,No,Yes,Yes,1,94.05,633.45,0,90.49285714285715,1,0,1,0,0,0,1,0,0,0,0,0
6437-UDQJM,1,1,1,0,72,1,Yes,Yes,Yes,Yes,No,Yes,Yes,1,84.1,6129.65,0,85.13402777777777,0,1,0,0,1,0,0,0,0,0,0,1
1226-IENZN,0,1,0,0,16,1,No,No,No,No,No,No,Yes,1,78.75,1218.25,0,76.140625,0,0,1,0,0,1,0,1,0,0,0,0
2108-GLPQB,0,0,1,0,25,1,Yes,No,No,Yes,No,No,No,0,55.55,1405.3,0,56.211999999999996,0,0,0,0,1,0,0,0,1,0,0,0
9259-PACGQ,1,0,1,0,34,1,Yes,Yes,Yes,No,Yes,No,No,0,62.65,2274.9,1,66.90882352941176,0,0,0,0,0,1,0,0,1,0,0,0
4415-IJZTP,1,0,0,0,1,1,Yes,No,No,No,No,No,No,1,74.5,74.5,1,74.5,0,0,1,0,0,1,0,0,0,0,0,0
1465-VINDH,1,0,1,1,10,1,Yes,No,Yes,Yes,No,Yes,Yes,1,102.1,1068.85,1,106.88499999999999,0,0,1,0,1,0,0,0,0,0,0,0
5474-LAMUQ,0,0,1,0,24,1,No,No internet service,No internet service,No internet service,No internet service,No internet service,No internet service,0,20.1,533.9,0,22.245833333333334,1,0,0,1,0,0,1,1,0,0,0,0
3468-DRVQJ,1,0,1,1,10,1,Yes,Yes,Yes,No,No,Yes,No,0,70.3,676.15,0,67.615,1,0,0,0,0,1,0,0,0,0,0,0
1122-YJBCS,0,0,1,0,69,1,No,Yes,Yes,No,No,No,No,1,53.65,3804.4,0,55.13623188405797,1,0,0,0,1,0,0,0,0,0,0,1
4990-ALDGW,0,0,0,0,57,1,No,No internet service,No internet service,No internet service,No internet service,No internet service,No internet service,0,20.75,1118.8,0,19.628070175438594,0,1,0,1,0,0,1,0,0,0,1,0
4816-OKWNX,0,0,1,1,50,1,No,No,Yes,Yes,Yes,Yes,Yes,1,103.4,5236.4,0,104.728,1,0,1,0,0,0,0,0,0,0,1,0
3315-IKYZQ,0,0,1,1,28,0,No phone service,Yes,No,Yes,Yes,Yes,No,0,50.8,1386.8,0,49.528571428571425,1,0,0,0,0,0,1,0,1,0,0,0
2810-FTLEM,1,0,0,0,16,1,No,Yes,No,No,No,No,No,1,50.15,762.25,1,47.640625,0,0,0,0,0,1,0,1,0,0,0,0
4747-LCAQL,0,0,0,0,25,1,No,Yes,Yes,No,Yes,Yes,Yes,1,79.0,1902.0,0,76.08,0,0,0,0,0,0,1,0,1,0,0,0
3411-WLRSQ,1,1,1,0,3,1,No,No,Yes,No,No,No,No,1,74.6,239.05,0,79.68333333333334,0,0,1,0,0,0,0,0,0,0,0,0
0898-XCGTF,0,0,1,0,61,1,Yes,No,No,No,No,Yes,Yes,1,96.5,5673.7,0,93.01147540983607,1,0,1,0,0,0,0,0,0,0,0,1
8006-PYCSW,1,0,0,0,2,1,No,No internet service,No internet service,No internet service,No internet service,No internet service,No internet service,0,20.1,39.8,0,19.9,0,0,0,1,0,0,1,0,0,0,0,0
8249-THVEC,0,0,1,1,51,1,No,No internet service,No internet service,No internet service,No internet service,No internet service,No internet service,0,19.4,997.75,0,19.563725490196077,1,0,0,1,0,0,1,0,0,0,1,0
8722-PRFDV,1,0,1,1,71,1,No,Yes,No,Yes,No,Yes,Yes,0,77.55,5574.35,0,78.51197183098591,0,1,0,0,1,0,0,0,0,0,0,1
2164-SOQXL,1,0,1,1,20,1,No,No internet service,No internet service,No internet service,No internet service,No internet service,No internet service,0,20.05,406.05,0,20.302500000000002,0,0,0,1,0,0,1,1,0,0,0,0
4020-KIUDI,0,0,1,1,6,1,No,No internet service,No internet service,No internet service,No internet service,No internet service,No internet service,0,19.85,138.85,0,23.141666666666666,0,0,0,1,1,0,0,0,0,0,0,0
5850-BDWCY,1,0,0,0,6,1,No,No internet service,No internet service,No internet service,No internet service,No internet service,No internet service,0,20.2,123.65,0,20.608333333333334,0,0,0,1,0,0,1,0,0,0,0,0
2038-YSEZE,1,0,0,0,29,1,Yes,Yes,Yes,No,Yes,No,No,0,67.45,1801.1,0,62.106896551724134,0,0,0,0,0,0,1,0,1,0,0,0
0827-ITJPH,0,0,0,0,36,1,No,No internet service,No internet service,No internet service,No internet service,No internet service,No internet service,1,18.55,689.0,0,19.13888888888889,0,1,0,1,1,0,0,0,1,0,0,0
8799-OXZMD,1,0,0,0,28,0,No phone service,No,No,Yes,No,No,No,1,29.75,790.7,0,28.239285714285717,0,0,0,0,0,0,1,0,1,0,0,0
1925-TIBLE,1,0,1,0,7,1,Yes,No,No,No,No,Yes,No,1,86.5,582.5,1,83.21428571428571,0,0,1,0,0,1,0,0,0,0,0,0
1705-GUHPV,1,0,0,0,63,1,Yes,No internet service,No internet service,No internet service,No internet service,No internet service,No internet service,0,24.2,1618.2,0,25.685714285714287,0,1,0,1,0,0,1,0,0,0,0,1
4779-ZGICK,0,0,1,1,48,1,Yes,No internet service,No internet service,No internet service,No internet service,No internet service,No internet service,0,23.55,1173.35,0,24.444791666666664,0,1,0,1,0,0,1,0,0,1,0,0
0048-PIHNL,1,0,1,0,49,1,No,No internet service,No internet service,No internet service,No internet service,No internet service,No internet service,0,20.45,900.9,0,18.385714285714286,1,0,0,1,0,0,0,0,0,0,1,0
0818-OCPZO,0,1,0,0,27,1,Yes,No,Yes,No,No,No,No,1,81.45,2122.05,1,78.59444444444445,0,0,1,0,0,1,0,0,1,0,0,0
3967-KXAPS,0,0,1,0,72,1,Yes,Yes,Yes,Yes,Yes,Yes,Yes,0,92.3,6719.9,0,93.33194444444445,0,1,0,0,1,0,0,0,0,0,0,1
1447-GIQMR,0,0,1,0,1,1,No,No,No,No,No,No,No,1,69.15,69.15,1,69.15,0,0,1,0,0,1,0,0,0,0,0,0
3704-IEAXF,1,0,1,1,72,0,No phone service,No,Yes,No,Yes,Yes,Yes,0,53.65,3784.0,0,52.55555555555556,0,1,0,0,1,0,0,0,0,0,0,1
6810-VCAEX,1,0,0,0,47,0,No phone service,Yes,Yes,No,Yes,No,No,0,39.65,1798.65,0,38.26914893617022,1,0,0,0,1,0,0,0,0,1,0,0
0674-EYYZV,1,0,0,0,1,1,No,No,No,No,No,Yes,No,1,54.65,54.65,0,54.65,0,0,0,0,0,1,0,0,0,0,0,0
4480-MBMLB,1,0,0,0,36,1,Yes,No,Yes,Yes,No,Yes,Yes,1,104.8,3886.45,0,107.95694444444445,1,0,1,0,0,0,0,0,1,0,0,0
1395-OFUWC,0,0,1,1,43,0,No phone service,No,Yes,No,No,No,No,0,29.3,1224.05,0,28.46627906976744,0,0,0,0,1,0,0,0,0,1,0,0
0822-QGCXA,1,1,1,0,27,1,Yes,No,Yes,Yes,Yes,Yes,Yes,0,83.85,2310.2,0,85.56296296296296,0,0,0,0,0,1,0,0,1,0,0,0
0872-NXJYS,1,0,0,0,9,1,No,No,No,No,No,No,Yes,1,79.55,723.4,1,80.37777777777778,0,0,1,0,0,1,0,0,0,0,0,0
2832-KJCRD,1,0,0,0,38,1,Yes,No,No,Yes,Yes,Yes,Yes,1,103.65,3988.5,0,104.96052631578948,0,0,1,0,0,1,0,0,0,1,0,0
3588-WSTTJ,1,1,0,0,35,1,Yes,Yes,No,No,No,Yes,Yes,1,99.05,3554.6,0,101.56,0,0,1,0,0,1,0,0,1,0,0,0
5090-EMGTC,1,0,1,0,59,1,No,No,Yes,No,Yes,Yes,Yes,1,100.05,6034.85,0,102.285593220339,0,1,1,0,0,0,1,0,0,0,1,0
2346-CZYIL,0,0,0,0,27,1,No,No internet service,No internet service,No internet service,No internet service,No internet service,No internet service,0,20.35,531.6,0,19.68888888888889,0,1,0,1,1,0,0,0,1,0,0,0
3798-EPWRR,1,1,0,0,2,1,No,No,No,No,No,No,No,0,43.95,85.1,0,42.55,0,0,0,0,0,1,0,0,0,0,0,0
6258-NGCNG,0,0,0,0,7,1,Yes,No internet service,No internet service,No internet service,No internet service,No internet service,No internet service,0,23.5,173.0,0,24.714285714285715,0,0,0,1,0,0,1,0,0,0,0,0
4186-ZBUEW,1,0,0,0,36,1,Yes,No,Yes,No,Yes,No,Yes,1,70.7,2511.95,0,69.77638888888889,1,0,0,0,0,0,1,0,1,0,0,0
5274-XHAKY,1,0,1,1,41,1,Yes,Yes,Yes,No,No,Yes,No,1,94.3,3893.6,0,94.96585365853659,0,0,1,0,0,0,0,0,0,1,0,0
1442-BQPVU,1,0,0,0,13,0,No phone service,No,Yes,No,No,No,No,0,29.15,357.15,0,27.47307692307692,0,0,0,0,0,1,0,1,0,0,0,0
3978-YNKDD,0,0,0,1,19,1,No,No internet service,No internet service,No internet service,No internet service,No internet service,No internet service,0,20.85,467.5,0,24.605263157894736,0,1,0,1,1,0,0,1,0,0,0,0
4940-KHCWD,1,0,1,0,60,0,No phone service,Yes,Yes,No,Yes,No,No,0,37.7,2288.7,0,38.144999999999996,0,1,0,0,0,0,0,0,0,0,1,0
9412-ARGBX,1,0,0,1,48,1,No,No,Yes,Yes,Yes,Yes,No,1,95.5,4627.85,1,96.41354166666667,0,1,1,0,0,0,1,0,0,1,0,0
1389-CXMLU,0,1,0,0,3,1,Yes,No,No,Yes,No,Yes,No,0,91.05,289.1,1,96.36666666666667,0,0,1,0,0,1,0,0,0,0,0,0
9589-ABEPT,0,0,1,0,69,1,Yes,No,Yes,No,Yes,Yes,No,1,92.45,6460.55,0,93.63115942028986,0,1,1,0,0,0,1,0,0,0,0,1
9388-ZEYVT,0,0,0,0,43,0,No phone service,No,No,Yes,Yes,No,Yes,0,44.15,1931.3,0,44.913953488372094,1,0,0,0,0,1,0,0,0,1,0,0
0305-SQECB,1,0,0,1,11,0,No phone service,Yes,No,No,Yes,No,No,1,36.05,402.6,0,36.6,1,0,0,0,0,0,1,0,0,0,0,0
7605-SNLQG,1,0,1,0,45,1,No,No,No,Yes,No,No,No,1,50.25,2221.55,0,49.36777777777778,0,0,0,0,1,0,0,0,0,1,0,0
4670-TABXH,0,0,1,0,72,1,Yes,No,Yes,Yes,Yes,Yes,Yes,1,109.75,7758.9,0,107.76249999999999,0,1,1,0,1,0,0,0,0,0,0,1
5561-NWEVX,1,1,1,0,2,1,Yes,No,No,Yes,No,No,No,0,79.2,172.85,1,86.425,0,0,1,0,0,1,0,0,0,0,0,0
0064-SUDOG,1,0,1,1,12,1,No,No internet service,No internet service,No internet service,No internet service,No internet service,No internet service,0,20.3,224.5,0,18.708333333333332,0,1,0,1,0,0,0,0,0,0,0,0
8561-NMTBD,1,0,1,1,67,1,Yes,No,Yes,Yes,Yes,Yes,Yes,1,112.35,7388.45,0,110.27537313432836,1,0,1,0,1,0,0,0,0,0,0,1
5161-XEUVX,0,0,1,0,37,1,Yes,No,No,Yes,Yes,Yes,No,0,94.3,3460.95,0,93.53918918918919,0,1,1,0,0,0,1,0,0,1,0,0
8292-FRFZQ,1,0,0,0,39,0,No phone service,Yes,Yes,No,Yes,No,No,0,41.15,1700.9,0,43.61282051282051,1,0,0,0,0,0,0,0,0,1,0,0
8591-NXRCV,1,0,0,0,41,1,Yes,Yes,No,Yes,Yes,No,Yes,1,74.65,3090.65,0,75.38170731707318,0,0,0,0,0,0,0,0,0,1,0,0
7895-VONWT,1,0,0,0,25,0,No phone service,No,No,Yes,No,Yes,Yes,1,48.25,1293.8,0,51.751999999999995,0,0,0,0,0,1,0,0,1,0,0,0
4526-RMTLL,0,0,1,1,8,1,Yes,Yes,Yes,No,Yes,No,Yes,1,76.15,645.8,0,80.725,0,1,0,0,1,0,0,0,0,0,0,0
6253-GNHWH,1,0,1,1,71,1,Yes,Yes,Yes,Yes,Yes,No,No,0,71.1,5224.95,0,73.59084507042253,0,1,0,0,0,0,1,0,0,0,0,1
4566-NECEV,0,0,0,0,5,1,Yes,No,Yes,Yes,No,No,Yes,0,96.55,500.1,0,100.02000000000001,0,0,1,0,0,1,0,0,0,0,0,0
8080-POTJR,1,0,0,0,30,1,Yes,Yes,No,Yes,No,Yes,Yes,1,79.3,2427.1,0,80.90333333333334,1,0,0,0,1,0,0,0,1,0,0,0
6906-MPARY,0,0,0,0,40,1,No,No,Yes,No,Yes,No,Yes,1,89.6,3488.15,0,87.20375,1,0,1,0,1,0,0,0,0,1,0,0
3662-FXJFO,1,0,0,0,54,1,No,No internet service,No internet service,No internet service,No internet service,No internet service,No internet service,1,20.5,1035.7,0,19.17962962962963,0,1,0,1,0,0,1,0,0,0,1,0
8107-RZLNV,0,0,1,0,72,1,Yes,No,Yes,Yes,No,Yes,Yes,1,106.3,7565.35,0,105.07430555555555,0,1,1,0,0,0,0,0,0,0,0,1
0516-OOHAR,0,0,1,1,28,1,No,No,Yes,Yes,No,Yes,Yes,0,100.35,2799.0,0,99.96428571428571,1,0,1,0,0,0,0,0,1,0,0,0
2027-CWDNU,0,0,1,1,18,1,No,No,No,No,Yes,No,Yes,1,85.6,1601.5,0,88.97222222222223,0,0,1,0,0,1,0,1,0,0,0,0
2737-WFVYW,1,0,0,0,2,0,No phone service,No,No,No,No,Yes,Yes,1,45.25,85.5,1,42.75,0,0,0,0,0,1,0,0,0,0,0,0
9912-OMZDS,1,0,1,1,59,1,Yes,No,Yes,Yes,No,Yes,Yes,1,106.15,6256.2,0,106.03728813559322,1,0,1,0,0,1,0,0,0,0,1,0
3733-ZEECP,0,0,1,1,22,1,No,No,No,No,Yes,No,No,1,51.1,1232.9,0,56.040909090909096,0,0,0,0,0,1,0,1,0,0,0,0
7878-RTCZG,1,0,0,0,1,1,No,No internet service,No internet service,No internet service,No internet service,No internet service,No internet service,0,19.9,19.9,0,19.9,0,0,0,1,0,0,1,0,0,0,0,0
2452-MRMZF,1,1,1,0,72,1,Yes,No internet service,No internet service,No internet service,No internet service,No internet service,No internet service,1,25.7,1937.4,0,26.908333333333335,0,1,0,1,1,0,0,0,0,0,0,1
2272-QAGFO,1,1,0,0,14,1,Yes,No,No,No,No,No,No,1,74.3,1096.25,1,78.30357142857143,0,0,1,0,0,1,0,1,0,0,0,0
7103-IPXPJ,0,0,1,0,50,1,Yes,No,No,No,Yes,Yes,Yes,0,99.4,5059.75,0,101.195,1,0,1,0,0,1,0,0,0,0,1,0
4342-HFXWS,1,0,1,1,48,1,No,Yes,No,Yes,Yes,Yes,No,0,69.7,3023.65,0,62.99270833333333,1,0,0,0,0,0,0,0,0,1,0,0
3545-CNWRG,1,0,1,1,49,1,Yes,No,Yes,No,No,Yes,Yes,1,98.35,4889.2,0,99.7795918367347,0,0,1,0,0,1,0,0,0,0,1,0
1785-BPHTP,0,0,1,1,28,1,No,No,No,Yes,No,Yes,No,0,85.45,2289.9,0,81.78214285714286,0,0,1,0,0,1,0,0,1,0,0,0
4989-LIXVT,0,1,0,0,68,1,Yes,No,Yes,Yes,No,No,Yes,1,95.9,6503.2,0,95.63529411764705,0,0,1,0,0,1,0,0,0,0,0,1
7315-WYOAW,0,0,0,0,13,1,Yes,No,No,No,Yes,Yes,Yes,0,100.75,1313.25,0,101.01923076923077,0,0,1,0,0,1,0,1,0,0,0,0
1173-XZPYF,1,0,0,0,11,1,Yes,No,No,Yes,No,Yes,No,1,89.2,990.3,0,90.02727272727272,0,0,1,0,0,1,0,0,0,0,0,0
9850-OWRHQ,1,0,1,0,3,1,Yes,No,No,No,No,No,No,1,74.1,228.0,1,76.0,0,0,1,0,1,0,0,0,0,0,0,0
3768-NLUBH,0,1,1,0,57,1,Yes,No,No,Yes,No,Yes,Yes,0,100.6,5746.15,1,100.80964912280702,0,0,1,0,0,1,0,0,0,0,1,0
8676-TRMJS,0,0,0,0,3,1,Yes,No,No,No,No,No,No,0,75.0,209.1,1,69.7,0,0,1,0,0,0,1,0,0,0,0,0
2509-TFPJU,0,0,1,0,72,1,Yes,No internet service,No internet service,No internet service,No internet service,No internet service,No internet service,0,25.75,1864.2,0,25.891666666666666,0,1,0,1,1,0,0,0,0,0,0,1
9530-GRMJG,0,0,1,1,70,1,Yes,No,Yes,Yes,Yes,Yes,Yes,1,84.1,5979.7,0,85.42428571428572,0,1,0,0,0,1,0,0,0,0,0,1
6898-RBTLU,1,0,1,1,49,1,Yes,No,Yes,No,Yes,Yes,Yes,0,79.3,3902.45,0,79.64183673469387,0,1,0,0,0,0,0,0,0,0,1,0
5481-NTDOH,1,1,1,0,67,1,Yes,Yes,No,Yes,No,Yes,Yes,1,107.05,7142.5,0,106.6044776119403,1,0,1,0,1,0,0,0,0,0,0,1
2068-WWXQZ,0,0,0,0,46,1,No,No internet service,No internet service,No internet service,No internet service,No internet service,No internet service,0,20.05,902.0,0,19.608695652173914,0,1,0,1,0,0,0,0,0,1,0,0
7359-SSBJK,1,1,0,0,64,1,No,Yes,Yes,No,Yes,Yes,No,1,70.2,4481.0,1,70.015625,0,1,0,0,1,0,0,0,0,0,0,1
2061-VVFST,1,0,1,0,37,1,No,No internet service,No internet service,No internet service,No internet service,No internet service,No internet service,0,19.5,805.2,0,21.762162162162163,0,0,0,1,0,0,0,0,0,1,0,0
0685-MLYYM,1,1,0,0,2,1,No,No,No,No,No,No,No,0,70.75,154.85,1,77.425,0,0,1,0,0,1,0,0,0,0,0,0
0749-IRGQE,1,1,1,0,13,0,No phone service,No,No,No,No,Yes,Yes,0,45.3,528.45,0,40.650000000000006,0,0,0,0,0,1,0,1,0,0,0,0
2380-DAMQP,1,0,1,0,72,1,Yes,Yes,Yes,Yes,Yes,Yes,Yes,0,115.15,8349.7,0,115.96805555555557,0,1,1,0,0,1,0,0,0,0,0,1
2256-YLYLP,0,0,1,1,68,1,No,No,No,Yes,Yes,Yes,Yes,1,72.95,4953.25,0,72.84191176470588,0,1,0,0,0,0,0,0,0,0,0,1
1272-ILHFG,0,0,1,1,15,1,No,No internet service,No internet service,No internet service,No internet service,No internet service,No internet service,0,19.65,332.65,0,22.176666666666666,1,0,0,1,0,0,1,1,0,0,0,0
0164-XAIRP,1,0,0,0,24,1,No,No internet service,No internet service,No internet service,No internet service,No internet service,No internet service,1,19.55,470.2,0,19.591666666666665,0,1,0,1,0,0,0,1,0,0,0,0
5666-CYCYZ,1,0,0,0,24,1,Yes,No,No,No,Yes,No,Yes,1,89.55,2259.35,0,94.13958333333333,0,0,1,0,0,1,0,1,0,0,0,0
4011-ARPHK,0,0,0,0,27,1,No,Yes,No,No,No,No,No,0,50.35,1411.35,0,52.27222222222222,0,0,0,0,0,0,1,0,1,0,0,0
8182-PNAGI,0,0,0,0,12,1,No,No,No,No,Yes,No,No,0,50.25,593.75,1,49.479166666666664,0,0,0,0,0,0,0,0,0,0,0,0
6365-HITVU,1,0,1,1,71,1,No,Yes,Yes,Yes,Yes,Yes,Yes,0,87.25,6328.7,0,89.13661971830986,0,1,0,0,1,0,0,0,0,0,0,1
7558-IMLMT,0,0,1,1,67,1,No,No internet service,No internet service,No internet service,No internet service,No internet service,No internet service,1,20.8,1411.9,0,21.07313432835821,0,1,0,1,0,0,1,0,0,0,0,1
9488-FYQAU,1,0,1,0,63,1,Yes,No,Yes,Yes,Yes,Yes,Yes,1,109.25,6841.4,0,108.59365079365078,0,1,1,0,0,0,0,0,0,0,0,1
3590-TCXTB,0,0,0,0,1,1,No,No internet service,No internet service,No internet service,No internet service,No internet service,No internet service,0,20.35,20.35,0,20.35,0,0,0,1,0,0,1,0,0,0,0,0
6994-KERXL,0,0,0,0,4,1,No,No,No,No,No,No,Yes,1,55.9,238.5,0,59.625,0,0,0,0,0,1,0,0,0,0,0,0
7957-RYHQD,1,1,0,0,40,1,No,Yes,Yes,No,No,No,No,1,79.2,3233.85,1,80.84625,0,0,1,0,1,0,0,0,0,1,0,0
2180-DXNEG,1,0,0,0,12,1,No,No,No,Yes,No,Yes,Yes,1,96.0,1062.1,1,88.50833333333333,0,0,1,0,0,1,0,0,0,0,0,0
1960-UOTYM,0,0,1,1,52,1,No,Yes,Yes,Yes,No,Yes,Yes,0,79.2,4016.3,0,77.23653846153846,0,1,0,0,0,1,0,0,0,0,1,0
2740-JFBOK,0,0,0,0,10,1,Yes,No internet service,No internet service,No internet service,No internet service,No internet service,No internet service,1,24.0,226.55,0,22.655,0,0,0,1,0,1,0,0,0,0,0,0
6500-JVEGC,0,0,0,0,68,1,Yes,Yes,Yes,Yes,No,Yes,No,0,101.35,7110.75,0,104.56985294117646,1,0,1,0,0,0,0,0,0,0,0,1
5515-AKOAJ,1,0,0,0,54,1,Yes,No,No,No,Yes,Yes,Yes,1,100.1,5440.9,1,100.7574074074074,0,0,1,0,0,1,0,0,0,0,1,0
8976-OQHGT,1,0,1,1,4,1,No,No,Yes,No,Yes,No,No,0,56.5,235.1,1,58.775,0,0,0,0,0,0,1,0,0,0,0,0
5245-VDBUR,1,0,1,0,52,0,No phone service,Yes,No,Yes,No,No,No,0,35.45,1958.95,0,37.67211538461539,1,0,0,0,0,0,1,0,0,0,1,0
6230-BSUXY,1,1,0,0,1,1,No,No,No,Yes,No,No,Yes,1,85.0,85.0,1,85.0,0,0,1,0,0,1,0,0,0,0,0,0
8469-SNFFH,0,0,1,0,70,1,Yes,Yes,Yes,Yes,Yes,Yes,No,0,79.4,5528.9,0,78.9842857142857,1,0,0,0,0,0,0,0,0,0,0,1
2144-ESWKO,0,0,0,0,43,0,No phone service,Yes,No,Yes,No,No,No,1,35.2,1463.7,0,34.03953488372093,1,0,0,0,1,0,0,0,0,1,0,0
1241-FPMOF,0,0,0,0,52,1,No,No internet service,No internet service,No internet service,No internet service,No internet service,No internet service,0,19.65,1025.05,0,19.7125,0,1,0,1,0,0,1,0,0,0,1,0
9928-BZVLZ,1,0,0,0,12,0,No phone service,Yes,No,Yes,Yes,No,Yes,0,49.85,552.1,0,46.00833333333333,0,1,0,0,0,0,1,0,0,0,0,0
4114-QMKVN,1,0,1,1,56,1,Yes,Yes,Yes,No,No,No,Yes,0,68.75,3815.4,0,68.13214285714285,1,0,0,0,0,0,0,0,0,0,1,0
9003-CPATH,0,0,0,0,42,1,Yes,No,No,Yes,No,No,No,0,79.9,3313.4,0,78.89047619047619,0,0,1,0,0,1,0,0,0,1,0,0
1754-GKYPY,0,1,1,0,22,1,No,No,No,No,No,Yes,Yes,1,89.75,1938.9,0,88.13181818181819,0,0,1,0,0,0,0,1,0,0,0,0
5294-CDGWY,0,0,1,1,51,0,No phone service,Yes,Yes,Yes,No,Yes,Yes,0,59.3,3014.65,1,59.11078431372549,1,0,0,0,0,1,0,0,0,0,1,0
7956-XQWGU,0,0,0,0,27,1,No,No internet service,No internet service,No internet service,No internet service,No internet service,No internet service,1,19.4,460.25,0,17.046296296296298,0,0,0,1,1,0,0,0,1,0,0,0
1591-MQJTP,0,1,1,0,51,1,Yes,Yes,No,Yes,No,No,Yes,1,93.65,4839.15,0,94.88529411764705,1,0,1,0,0,0,0,0,0,0,1,0
5295-PCJOO,0,0,0,1,4,1,No,Yes,No,No,No,No,No,1,49.4,184.4,1,46.1,0,0,0,0,0,1,0,0,0,0,0,0
2369-FEVNO,0,0,0,0,1,1,No,No internet service,No internet service,No internet service,No internet service,No internet service,No internet service,1,19.9,19.9,0,19.9,0,0,0,1,0,0,1,0,0,0,0,0
9863-JZAIC,0,0,0,0,35,1,No,No,No,No,No,Yes,No,0,55.0,2010.55,1,57.44428571428571,0,0,0,0,0,0,1,0,1,0,0,0
7471-MQPOS,0,1,1,1,71,1,Yes,No,Yes,Yes,Yes,No,Yes,1,72.9,5139.65,0,72.38943661971831,1,0,0,0,0,0,0,0,0,0,0,1
7660-HDPJV,1,0,0,0,1,1,No,No,No,No,No,No,No,1,69.2,69.2,1,69.2,0,0,1,0,0,1,0,0,0,0,0,0
5115-SQAAU,1,0,1,1,69,1,Yes,No internet service,No internet service,No internet service,No internet service,No internet service,No internet service,1,25.6,1673.4,0,24.252173913043478,0,1,0,1,0,0,0,0,0,0,0,1
9845-QOMAD,0,0,1,1,14,1,No,No internet service,No internet service,No internet service,No internet service,No internet service,No internet service,0,19.75,309.35,0,22.09642857142857,1,0,0,1,0,0,1,1,0,0,0,0
7672-VFMXZ,0,0,1,0,57,1,No,Yes,No,No,Yes,No,No,0,55.7,3171.6,0,55.642105263157895,0,0,0,0,0,1,0,0,0,0,1,0
9739-JLPQJ,1,0,1,1,72,1,Yes,Yes,Yes,Yes,Yes,Yes,Yes,0,117.5,8670.1,0,120.41805555555555,0,1,1,0,1,0,0,0,0,0,0,1
9916-AYHTC,0,0,0,0,48,1,No,No internet service,No internet service,No internet service,No internet service,No internet service,No internet service,0,19.85,916.0,0,19.083333333333332,0,1,0,1,1,0,0,0,0,1,0,0
3855-ONCAR,1,0,1,1,4,1,No,No,No,No,No,Yes,No,1,78.9,299.75,0,74.9375,0,0,1,0,0,0,1,0,0,0,0,0
1488-SYSFC,0,0,1,1,31,1,No,No internet service,No internet service,No internet service,No internet service,No internet service,No internet service,1,20.65,702.05,0,22.646774193548385,0,0,0,1,0,1,0,0,1,0,0,0
7931-PXHFC,0,0,0,0,38,1,No,No,No,Yes,Yes,No,Yes,1,62.3,2354.8,1,61.968421052631584,1,0,0,0,0,0,1,0,0,1,0,0
3990-QYKBE,0,1,1,0,37,1,Yes,No,No,No,No,Yes,Yes,1,92.5,3473.4,1,93.87567567567568,0,0,1,0,0,1,0,0,0,1,0,0
0970-QXPXW,1,0,0,0,1,1,No,No internet service,No internet service,No internet service,No internet service,No internet service,No internet service,0,19.65,19.65,0,19.65,0,0,0,1,0,0,1,0,0,0,0,0
3259-KNMRR,0,1,0,0,57,1,Yes,No,Yes,Yes,No,Yes,Yes,1,79.75,4438.2,0,77.86315789473684,0,1,0,0,0,0,0,0,0,0,1,0
6120-RJKLU,1,1,1,0,62,1,No,Yes,No,Yes,Yes,Yes,Yes,1,79.95,4819.75,0,77.73790322580645,0,1,0,0,1,0,0,0,0,0,0,1
9572-WUKSB,0,0,1,0,3,0,No phone service,No,No,No,Yes,No,No,1,29.9,92.25,0,30.75,0,0,0,0,0,1,0,0,0,0,0,0
5893-KCLGT,1,0,0,1,72,1,No,No internet service,No internet service,No internet service,No internet service,No internet service,No internet service,1,19.75,1567.0,0,21.76388888888889,0,1,0,1,0,0,1,0,0,0,0,1
0076-LVEPS,0,0,0,1,29,0,No phone service,Yes,Yes,Yes,Yes,No,No,1,45.0,1242.45,0,42.84310344827586,0,0,0,0,0,0,1,0,1,0,0,0
3640-JQGJG,0,0,1,1,13,1,No,No,No,No,No,No,No,0,44.8,559.2,0,43.01538461538462,0,0,0,0,0,0,0,1,0,0,0,0
4919-MOAVT,0,0,0,1,3,1,No,No,No,No,No,No,No,0,69.65,220.1,1,73.36666666666666,0,0,1,0,0,1,0,0,0,0,0,0
1596-OQSPS,1,0,0,0,11,1,No,No,Yes,No,No,No,No,0,51.1,531.15,0,48.28636363636363,0,0,0,0,0,1,0,0,0,0,0,0
9867-XOBQA,1,0,0,1,21,0,No phone service,Yes,Yes,Yes,Yes,Yes,No,0,53.15,1183.2,0,56.34285714285714,0,1,0,0,0,0,1,1,0,0,0,0
9546-KDTRB,1,0,0,0,19,1,Yes,No internet service,No internet service,No internet service,No internet service,No internet service,No internet service,0,24.7,465.85,0,24.51842105263158,0,0,0,1,0,0,0,1,0,0,0,0
3090-HAWSU,0,0,0,0,61,1,Yes,Yes,No,Yes,Yes,Yes,Yes,1,111.6,6876.05,1,112.72213114754099,0,1,1,0,1,0,0,0,0,0,0,1
9820-RMCQV,1,0,0,0,11,1,No,Yes,No,No,No,No,No,0,48.55,501.0,1,45.54545454545455,0,0,0,0,1,0,0,0,0,0,0,0
3174-RKMOW,0,0,1,1,35,1,Yes,No,Yes,Yes,Yes,Yes,Yes,1,109.95,3782.4,0,108.06857142857143,0,0,1,0,0,1,0,0,1,0,0,0
1760-CAZHT,0,0,0,1,25,1,No,No internet service,No internet service,No internet service,No internet service,No internet service,No internet service,0,20.8,460.2,0,18.408,0,0,0,1,0,0,1,0,1,0,0,0
7839-QRKXN,1,0,0,0,1,1,No,No internet service,No internet service,No internet service,No internet service,No internet service,No internet service,1,20.2,20.2,1,20.2,0,0,0,1,0,0,1,0,0,0,0,0
8441-SHIPE,1,0,0,0,67,1,Yes,No internet service,No internet service,No internet service,No internet service,No internet service,No internet service,1,25.6,1790.35,0,26.721641791044775,0,1,0,1,0,0,0,0,0,0,0,1
5204-QZXPU,0,0,0,0,19,0,No phone service,No,No,Yes,No,Yes,No,1,39.65,733.35,1,38.597368421052636,0,0,0,0,0,1,0,1,0,0,0,0
4597-ELFTS,0,0,0,0,56,1,Yes,No internet service,No internet service,No internet service,No internet service,No internet service,No internet service,0,24.9,1334.0,1,23.821428571428573,1,0,0,1,0,1,0,0,0,0,1,0
1320-GVNHT,0,0,1,1,72,1,Yes,Yes,Yes,Yes,No,Yes,Yes,1,108.4,7767.25,0,107.87847222222223,0,1,1,0,1,0,0,0,0,0,0,1
1047-RNXZV,0,0,0,0,43,1,No,No internet service,No internet service,No internet service,No internet service,No internet service,No internet service,0,19.55,876.15,0,20.375581395348835,0,1,0,1,0,0,1,0,0,1,0,0
3541-ZNUHK,1,0,1,1,55,1,Yes,Yes,Yes,No,No,No,No,1,85.1,4600.95,0,83.65363636363637,0,0,1,0,0,1,0,0,0,0,1,0
8450-JOVAH,0,0,1,1,2,1,Yes,Yes,No,No,No,No,No,0,56.7,113.55,1,56.775,0,0,0,0,0,0,1,0,0,0,0,0
8725-JEDFD,0,0,0,0,27,1,No,No,No,No,No,No,No,1,69.05,1793.25,0,66.41666666666667,0,0,1,0,0,0,1,0,1,0,0,0
7562-UXTPG,1,0,0,0,13,1,No,No,No,No,No,No,No,1,70.15,886.7,0,68.20769230769231,0,0,1,0,0,0,1,1,0,0,0,0
8071-SBTRN,1,0,0,0,70,1,Yes,Yes,Yes,Yes,No,Yes,Yes,1,111.15,7737.55,0,110.53642857142857,0,1,1,0,0,0,1,0,0,0,0,1
1113-IUJYX,1,0,1,0,14,1,No,Yes,Yes,No,Yes,Yes,Yes,0,105.95,1348.9,1,96.35000000000001,1,0,1,0,0,0,1,1,0,0,0,0
6668-CNMFP,1,0,1,1,19,1,Yes,No,No,No,Yes,No,Yes,1,89.35,1686.85,0,88.78157894736842,1,0,1,0,0,0,0,1,0,0,0,0
5626-MGTUK,1,0,0,0,20,1,Yes,Yes,No,No,No,Yes,No,1,89.1,1879.25,0,93.9625,0,0,1,0,0,0,0,1,0,0,0,0
5681-LLOEI,0,0,1,1,43,1,Yes,Yes,No,Yes,Yes,No,No,1,91.25,4013.8,0,93.34418604651164,1,0,1,0,1,0,0,0,0,1,0,0
8212-DJRCH,0,0,1,1,5,1,No,Yes,No,Yes,No,No,Yes,1,90.35,434.5,0,86.9,0,0,1,0,0,0,1,0,0,0,0,0
4323-OHFOW,1,1,1,0,70,1,Yes,No,Yes,No,Yes,Yes,Yes,1,105.55,7195.35,0,102.79071428571429,1,0,1,0,0,0,0,0,0,0,0,1
4933-BSAIP,1,0,1,0,40,1,No,No internet service,No internet service,No internet service,No internet service,No internet service,No internet service,0,19.1,780.1,0,19.5025,0,1,0,1,0,0,1,0,0,1,0,0
2030-BTZRO,0,0,1,1,6,1,No,No internet service,No internet service,No internet service,No internet service,No internet service,No internet service,1,20.4,107.6,0,17.933333333333334,0,1,0,1,1,0,0,0,0,0,0,0
1116-DXXDF,0,0,0,0,39,1,No,Yes,No,Yes,No,Yes,Yes,1,100.45,3801.7,0,97.47948717948718,0,1,1,0,0,1,0,0,0,1,0,0
9274-CNFMO,0,1,1,0,4,1,Yes,No,No,No,No,No,No,0,74.95,308.7,1,77.175,0,0,1,0,0,1,0,0,0,0,0,0
7758-XKCBS,0,0,0,0,15,0,No phone service,No,No,No,Yes,No,No,1,29.7,438.25,1,29.216666666666665,0,0,0,0,0,1,0,1,0,0,0,0
8992-JQYUN,0,0,1,0,1,0,No phone service,No,No,Yes,No,Yes,Yes,1,50.35,50.35,1,50.35,0,0,0,0,0,1,0,0,0,0,0,0
6563-VNPMN,1,1,0,0,45,1,No,Yes,Yes,No,Yes,No,No,1,85.7,3778.1,0,83.95777777777778,0,0,1,0,0,0,0,0,0,1,0,0
0617-AQNWT,1,0,1,0,64,0,No phone service,Yes,No,Yes,Yes,No,Yes,0,47.85,3147.5,1,49.1796875,0,1,0,0,0,1,0,0,0,0,0,1
2267-WTPYD,1,1,1,0,57,1,Yes,No,Yes,Yes,No,No,Yes,0,94.0,5438.95,0,95.42017543859649,0,0,1,0,1,0,0,0,0,0,1,0
0270-THENM,0,0,1,1,72,1,Yes,Yes,Yes,Yes,Yes,No,No,0,69.85,5102.35,0,70.86597222222223,0,1,0,0,0,0,0,0,0,0,0,1
2446-PLQVO,0,0,0,0,1,1,No,No,No,No,No,No,No,1,70.3,70.3,1,70.3,0,0,1,0,0,1,0,0,0,0,0,0
4707-MAXGU,0,0,1,0,72,1,Yes,No internet service,No internet service,No internet service,No internet service,No internet service,No internet service,0,25.85,1872.2,0,26.00277777777778,0,1,0,1,1,0,0,0,0,0,0,1
2710-WYVXG,1,0,0,0,3,1,No,Yes,Yes,No,Yes,No,Yes,0,71.1,213.35,0,71.11666666666666,0,1,0,0,0,0,1,0,0,0,0,0
3005-NFMTA,0,1,0,0,55,1,Yes,Yes,No,No,No,Yes,Yes,1,98.8,5617.75,1,102.14090909090909,0,0,1,0,0,1,0,0,0,0,1,0
6300-BWMJX,1,0,1,0,59,1,Yes,No,No,Yes,Yes,Yes,No,0,93.35,5386.5,0,91.29661016949153,0,0,1,0,0,1,0,0,0,0,1,0
8784-CGILN,1,0,0,0,18,1,Yes,No,No,No,Yes,Yes,Yes,1,99.85,1776.95,1,98.71944444444445,0,0,1,0,0,0,0,1,0,0,0,0
5389-FFVKB,0,1,1,0,32,1,No,No,No,No,No,No,Yes,1,80.3,2483.05,1,77.5953125,0,0,1,0,1,0,0,0,1,0,0,0
7009-LGECI,1,0,0,0,4,1,No,Yes,No,No,No,No,No,1,50.55,235.65,0,58.9125,0,0,0,0,0,0,0,0,0,0,0,0
8444-WRIDW,1,1,0,0,66,1,Yes,No,Yes,No,No,No,No,1,80.45,5224.35,1,79.15681818181818,0,0,1,0,1,0,0,0,0,0,0,1
5022-KVDQT,0,0,0,0,27,1,Yes,No,No,Yes,No,No,No,1,81.3,2272.8,0,84.17777777777779,0,0,1,0,0,1,0,0,1,0,0,0
7976-CICYS,0,0,0,0,4,1,No,No internet service,No internet service,No internet service,No internet service,No internet service,No internet service,1,20.7,83.75,0,20.9375,0,0,0,1,1,0,0,0,0,0,0,0
1036-GUDCL,0,0,1,1,60,1,No,Yes,Yes,No,Yes,Yes,Yes,1,79.05,4663.4,0,77.72333333333333,0,0,0,0,1,0,0,0,0,0,1,0
2005-DWQZJ,1,0,1,1,8,1,No,No internet service,No internet service,No internet service,No internet service,No internet service,No internet service,0,19.05,201.7,0,25.2125,0,1,0,1,0,0,1,0,0,0,0,0
8148-WOCMK,0,0,1,1,8,1,No,No internet service,No internet service,No internet service,No internet service,No internet service,No internet service,0,19.6,125.0,0,15.625,0,1,0,1,1,0,0,0,0,0,0,0
7815-PDTHL,0,0,0,0,35,1,No,No internet service,No internet service,No internet service,No internet service,No internet service,No internet service,1,20.2,684.4,0,19.554285714285715,0,1,0,1,0,0,1,0,1,0,0,0
9451-LPGOO,0,0,0,0,7,1,Yes,No,No,No,No,No,Yes,1,86.8,620.35,1,88.62142857142858,0,0,1,0,0,1,0,0,0,0,0,0
9173-IVZVP,1,0,1,1,53,1,No,No internet service,No internet service,No internet service,No internet service,No internet service,No internet service,0,20.9,1146.05,0,21.623584905660376,0,1,0,1,0,0,1,0,0,0,1,0
9129-UXERG,1,1,0,0,18,1,Yes,No,Yes,No,Yes,Yes,Yes,1,103.6,1806.35,0,100.35277777777777,0,0,1,0,1,0,0,1,0,0,0,0
3635-JBPSG,1,0,0,0,15,0,No phone service,No,Yes,No,No,No,Yes,1,38.8,603.0,0,40.2,0,1,0,0,0,0,1,1,0,0,0,0
7964-ZRKKG,0,0,1,0,67,1,Yes,No,Yes,No,No,Yes,No,1,88.4,5798.3,0,86.54179104477612,1,0,1,0,0,0,0,0,0,0,0,1
5868-YWPDW,0,1,1,0,6,1,No,No,Yes,No,No,No,Yes,1,84.2,519.15,1,86.52499999999999,0,0,1,0,0,1,0,0,0,0,0,0
6229-LSCKB,0,1,0,0,6,1,No,No,No,No,No,Yes,No,1,79.7,497.6,0,82.93333333333334,0,0,1,0,0,1,0,0,0,0,0,0
2025-JKFWI,0,0,0,0,13,1,Yes,No,No,No,Yes,Yes,Yes,1,99.0,1301.7,1,100.13076923076923,0,0,1,0,0,0,1,1,0,0,0,0
4078-SAYYN,1,0,0,0,11,1,Yes,No,No,Yes,No,Yes,Yes,1,100.75,1129.75,1,102.70454545454545,0,0,1,0,0,1,0,0,0,0,0,0
1724-IQWNM,0,0,0,1,1,1,No,No internet service,No internet service,No internet service,No internet service,No internet service,No internet service,1,19.3,19.3,0,19.3,0,0,0,1,0,0,1,0,0,0,0,0
8217-QYOHV,0,0,0,0,5,1,No,Yes,No,No,Yes,No,No,1,55.75,266.95,0,53.39,0,0,0,0,0,0,1,0,0,0,0,0
5546-QUERU,0,0,0,0,13,1,No,No internet service,No internet service,No internet service,No internet service,No internet service,No internet service,1,19.95,257.0,0,19.76923076923077,1,0,0,1,0,0,1,1,0,0,0,0
9940-HPQPG,1,0,1,0,9,1,Yes,Yes,Yes,Yes,No,No,No,0,91.75,865.8,1,96.19999999999999,0,0,1,0,0,0,0,0,0,0,0,0
6897-UUBNU,0,0,0,0,29,1,No,No,Yes,No,Yes,Yes,No,0,89.65,2623.65,0,90.47068965517242,0,0,1,0,0,0,1,0,1,0,0,0
6127-IYJOZ,0,1,0,0,1,1,No,No,No,No,No,No,No,1,45.85,45.85,0,45.85,0,0,0,0,0,0,1,0,0,0,0,0
6618-RYATB,1,0,0,0,1,1,Yes,No,No,Yes,No,No,No,1,79.55,79.55,1,79.55,0,0,1,0,0,0,1,0,0,0,0,0
8930-XOTDP,1,0,1,1,18,1,No,No,No,No,No,Yes,No,0,55.95,1082.8,0,60.15555555555555,0,0,0,0,0,0,1,1,0,0,0,0
5916-QEWPT,1,0,1,0,2,1,No,No,No,Yes,No,Yes,Yes,0,69.0,147.8,0,73.9,0,0,0,0,1,0,0,0,0,0,0,0
5060-TQUQN,0,0,1,1,30,1,Yes,No,Yes,No,Yes,No,No,1,83.55,2570.2,0,85.67333333333333,0,0,1,0,0,0,0,0,1,0,0,0
0531-XBKMM,0,0,0,1,66,1,Yes,Yes,Yes,No,Yes,No,No,0,65.7,4378.9,0,66.3469696969697,0,1,0,0,0,0,0,0,0,0,0,1
8465-SBRXP,0,0,1,1,38,1,Yes,No,No,Yes,Yes,Yes,No,1,94.9,3616.25,0,95.16447368421052,0,1,1,0,0,0,0,0,0,1,0,0
2408-PSJVE,0,0,1,1,44,1,No,No,Yes,Yes,Yes,No,No,1,61.9,2924.05,0,66.45568181818182,0,0,0,0,0,0,1,0,0,1,0,0
9079-YEXQJ,1,0,0,0,54,1,Yes,No,Yes,Yes,Yes,Yes,Yes,0,111.1,6014.85,1,111.38611111111112,0,0,1,0,0,1,0,0,0,0,1,0
9700-ZCLOT,0,0,0,0,2,1,No,No internet service,No internet service,No internet service,No internet service,No internet service,No internet service,0,20.0,32.7,0,16.35,0,0,0,1,0,0,1,0,0,0,0,0
8738-JOKAR,1,0,0,0,42,1,No,Yes,Yes,No,Yes,No,Yes,1,67.7,2882.25,0,68.625,1,0,0,0,0,0,1,0,0,1,0,0
4534-WGCIR,1,0,1,1,58,1,Yes,No internet service,No internet service,No internet service,No internet service,No internet service,No internet service,0,25.15,1509.9,0,26.032758620689656,0,1,0,1,1,0,0,0,0,0,1,0
1930-WNXSB,0,0,1,1,58,1,No,No,Yes,No,No,Yes,Yes,1,92.85,5305.05,0,91.46637931034483,0,0,1,0,0,1,0,0,0,0,1,0
2685-SREOM,1,0,1,1,25,1,Yes,No,No,Yes,No,No,Yes,1,89.1,2368.4,1,94.736,0,0,1,0,0,1,0,0,1,0,0,0
3508-CFVZL,1,0,0,0,71,1,Yes,Yes,Yes,Yes,Yes,Yes,Yes,0,111.3,7985.9,0,112.47746478873239,0,1,1,0,0,0,1,0,0,0,0,1
0402-CQAJN,1,0,0,0,37,1,Yes,No,Yes,Yes,No,Yes,Yes,1,101.9,3545.35,1,95.82027027027027,0,0,1,0,0,0,0,0,0,1,0,0
6692-UDPJC,1,0,1,1,14,1,Yes,No,No,No,Yes,Yes,No,1,91.65,1301.0,1,92.92857142857143,0,0,1,0,0,1,0,1,0,0,0,0
1273-MTETI,1,1,0,0,4,1,Yes,No,No,Yes,No,No,Yes,1,88.85,372.45,1,93.1125,0,0,1,0,0,1,0,0,0,0,0,0
0657-DOGUM,1,0,1,0,48,1,Yes,Yes,No,No,Yes,No,No,1,60.6,2985.25,0,62.192708333333336,1,0,0,0,0,0,0,0,0,1,0,0
5480-HPRRX,1,1,0,0,3,0,No phone service,No,No,No,No,No,No,0,25.3,77.75,1,25.916666666666668,0,0,0,0,0,1,0,0,0,0,0,0
8792-AOROI,1,0,1,0,8,1,No,Yes,No,No,Yes,No,Yes,0,65.5,564.35,0,70.54375,0,1,0,0,0,0,1,0,0,0,0,0
0295-PPHDO,0,0,0,0,1,1,Yes,No,No,No,No,Yes,Yes,1,95.45,95.45,1,95.45,0,0,1,0,0,1,0,0,0,0,0,0
5146-YYFRZ,0,0,0,0,67,1,No,No internet service,No internet service,No internet service,No internet service,No internet service,No internet service,0,19.95,1311.75,0,19.578358208955223,0,1,0,1,0,0,0,0,0,0,0,1
1195-OIYEJ,0,0,0,0,13,1,No,No,No,No,No,Yes,Yes,1,91.1,1135.7,1,87.36153846153846,0,0,1,0,0,1,0,1,0,0,0,0
5906-CVLHP,1,0,1,1,45,1,No,No,Yes,No,Yes,No,No,1,54.15,2319.8,1,51.55111111111111,1,0,0,0,1,0,0,0,0,1,0,0
3452-SRFEG,0,0,0,0,49,1,Yes,No,No,No,No,No,No,1,74.6,3720.35,0,75.92551020408163,0,0,1,0,0,0,0,0,0,0,1,0
4070-OKWVH,1,0,1,0,52,1,Yes,No,Yes,Yes,No,Yes,No,0,94.6,5025.8,0,96.65,0,0,1,0,0,0,0,0,0,0,1,0
5297-MDOIR,1,0,1,0,63,1,No,Yes,No,Yes,No,No,No,1,81.15,5224.5,0,82.92857142857143,1,0,1,0,1,0,0,0,0,0,0,1
6369-MCAKO,1,0,1,1,68,1,Yes,Yes,Yes,Yes,Yes,Yes,Yes,1,89.05,6185.8,0,90.96764705882353,0,1,0,0,0,0,0,0,0,0,0,1
4926-UMJZD,1,0,1,0,31,1,No,No,No,No,Yes,No,No,1,49.2,1498.55,0,48.34032258064516,0,0,0,0,0,0,1,0,1,0,0,0
6848-HJTXY,1,0,1,0,64,1,No,No internet service,No internet service,No internet service,No internet service,No internet service,No internet service,0,19.45,1208.6,0,18.884375,0,1,0,1,1,0,0,0,0,0,0,1
6341-AEVKX,1,0,1,0,62,1,No,Yes,No,Yes,Yes,Yes,Yes,1,104.3,6613.65,0,106.67177419354839,1,0,1,0,0,1,0,0,0,0,0,1
4501-EQDRN,1,0,0,0,1,1,No,No,No,No,No,No,No,0,69.7,69.7,1,69.7,0,0,1,0,0,0,0,0,0,0,0,0
2990-HWIML,1,0,0,0,6,1,No,No,No,No,No,Yes,Yes,1,89.5,573.3,1,95.55,0,0,1,0,0,1,0,0,0,0,0,0
0682-USIXD,1,0,1,0,21,1,No,No,No,No,Yes,Yes,No,1,86.05,1818.9,0,86.61428571428571,0,0,1,0,0,1,0,1,0,0,0,0
6976-BWGLQ,1,0,1,1,72,1,Yes,No internet service,No internet service,No internet service,No internet service,No internet service,No internet service,0,25.2,1787.35,0,24.824305555555554,0,1,0,1,0,0,0,0,0,0,0,1
7078-NVFAM,1,0,1,1,32,0,No phone service,Yes,Yes,No,No,No,No,1,35.15,1051.05,0,32.8453125,0,0,0,0,0,1,0,0,1,0,0,0
8065-QBYTO,1,1,0,0,71,1,Yes,Yes,Yes,No,Yes,Yes,No,1,99.65,7181.25,0,101.1443661971831,1,0,1,0,1,0,0,0,0,0,0,1
2133-TSRRM,1,0,0,1,34,1,No,Yes,Yes,Yes,No,Yes,Yes,1,105.35,3688.6,0,108.48823529411764,0,0,1,0,0,0,0,0,1,0,0,0
7384-GHBPI,0,0,1,0,3,0,No phone service,No,No,No,No,No,Yes,1,35.15,99.75,1,33.25,0,0,0,0,0,1,0,0,0,0,0,0
7603-USHJS,0,0,0,1,12,1,Yes,No,No,No,No,No,No,1,73.75,871.4,1,72.61666666666666,0,0,1,0,1,0,0,0,0,0,0,0
7234-FECYN,1,1,0,0,8,1,Yes,No,No,Yes,No,Yes,Yes,0,101.35,780.5,1,97.5625,0,0,1,0,0,1,0,0,0,0,0,0
2511-ALLCS,1,0,1,1,35,1,Yes,No internet service,No internet service,No internet service,No internet service,No internet service,No internet service,0,24.3,821.6,0,23.474285714285713,0,1,0,1,0,0,0,0,1,0,0,0
3191-CSNMG,1,0,1,1,3,1,No,No,No,No,No,Yes,No,1,80.7,239.45,0,79.81666666666666,0,0,1,0,0,1,0,0,0,0,0,0
7952-OBOYL,0,0,0,0,3,1,No,No,No,Yes,Yes,Yes,No,1,89.85,244.45,0,81.48333333333333,0,0,1,0,0,0,1,0,0,0,0,0
7470-DYNOE,0,0,0,0,53,1,No,No,No,Yes,No,No,Yes,1,61.1,3357.9,0,63.35660377358491,1,0,0,0,0,1,0,0,0,0,1,0
7853-OETYL,1,0,1,0,4,0,No phone service,Yes,No,No,No,No,No,1,29.05,129.6,0,32.4,0,0,0,0,0,1,0,0,0,0,0,0
1545-ACTAS,1,0,1,1,48,1,No,Yes,No,Yes,No,Yes,Yes,1,99.7,4977.2,0,103.69166666666666,1,0,1,0,0,0,0,0,0,1,0,0
5876-HZVZM,1,0,1,1,6,1,No,Yes,Yes,No,No,No,No,0,55.9,365.35,1,60.89166666666667,0,0,0,0,1,0,0,0,0,0,0,0
1400-MMYXY,0,1,1,0,3,1,Yes,No,Yes,Yes,No,Yes,Yes,1,105.9,334.65,1,111.55,0,0,1,0,0,1,0,0,0,0,0,0
5126-RCXYW,0,0,1,1,54,0,No phone service,No,No,Yes,Yes,No,Yes,0,46.0,2424.05,0,44.88981481481482,0,1,0,0,1,0,0,0,0,0,1,0
3085-QUOZK,1,0,0,0,1,1,No,No,No,No,No,No,No,0,43.95,43.95,1,43.95,0,0,0,0,0,0,1,0,0,0,0,0
2363-BJLSL,0,0,0,0,62,1,No,No,Yes,Yes,Yes,Yes,Yes,1,80.4,4981.15,0,80.34112903225805,0,0,0,0,0,0,0,0,0,0,0,1
1956-YIFGE,0,0,1,1,22,1,No,No,Yes,Yes,No,Yes,Yes,1,100.05,2090.25,0,95.01136363636364,1,0,1,0,0,0,1,1,0,0,0,0
3926-CUQZX,0,0,0,0,1,1,No,No,No,No,No,No,No,1,45.1,45.1,1,45.1,0,0,0,0,0,0,0,0,0,0,0,0
7921-LMDFQ,0,1,0,0,51,1,No,No,No,Yes,No,Yes,Yes,1,94.0,4905.75,0,96.19117647058823,1,0,1,0,0,0,0,0,0,0,1,0
2925-MXLSX,1,0,0,0,30,1,Yes,No,Yes,Yes,No,Yes,No,1,68.95,2038.7,0,67.95666666666666,1,0,0,0,1,0,0,0,1,0,0,0
5820-PTRYM,1,1,1,0,56,1,Yes,Yes,Yes,Yes,Yes,No,No,1,68.45,4014.0,0,71.67857142857143,1,0,0,0,1,0,0,0,0,0,1,0
9609-BENEA,0,0,1,0,35,1,Yes,No,Yes,No,Yes,Yes,No,1,69.0,2441.7,0,69.76285714285714,1,0,0,0,0,1,0,0,1,0,0,0
6211-WHMYA,1,1,0,0,64,0,No phone service,No,Yes,No,Yes,Yes,No,1,43.85,2751.0,0,42.984375,0,0,0,0,0,1,0,0,0,0,0,1
4459-BBGHE,0,0,0,1,30,0,No phone service,No,No,No,No,Yes,Yes,1,44.5,1307.8,0,43.593333333333334,0,0,0,0,0,1,0,0,1,0,0,0
9945-PSVIP,1,0,1,1,25,1,No,No internet service,No internet service,No internet service,No internet service,No internet service,No internet service,1,18.7,383.65,0,15.345999999999998,0,1,0,1,0,0,1,0,1,0,0,0
1041-RXHRA,1,0,0,0,41,1,No,No,No,No,No,No,No,0,70.25,2868.05,1,69.95243902439024,0,0,1,0,0,0,0,0,0,1,0,0
1750-CSKKM,0,0,0,1,9,1,No,No,No,No,No,Yes,No,0,55.35,449.75,1,49.97222222222222,0,0,0,0,0,1,0,0,0,0,0,0
9108-EJFJP,1,0,1,0,1,1,No,Yes,Yes,No,No,No,No,1,53.55,53.55,0,53.55,0,0,0,0,0,0,1,0,0,0,0,0
0530-IJVDB,0,0,0,1,70,1,Yes,Yes,Yes,Yes,Yes,Yes,Yes,1,114.6,7882.5,0,112.60714285714286,0,1,1,0,0,1,0,0,0,0,0,1
0508-SQWPL,1,0,1,1,57,1,No,No internet service,No internet service,No internet service,No internet service,No internet service,No internet service,1,20.1,1087.7,0,19.082456140350878,0,1,0,1,0,0,0,0,0,0,1,0
2215-ZAFGX,0,0,0,0,9,1,Yes,No,No,No,No,Yes,No,1,85.5,791.7,0,87.96666666666667,0,0,1,0,0,1,0,0,0,0,0,0
8213-TAZPM,1,0,1,1,69,1,Yes,No,Yes,Yes,Yes,Yes,Yes,1,108.75,7493.05,0,108.59492753623189,1,0,1,0,0,0,0,0,0,0,0,1
7142-HVGBG,0,1,1,0,43,1,Yes,No,Yes,Yes,No,Yes,Yes,1,103.0,4414.3,1,102.65813953488373,0,0,1,0,0,1,0,0,0,1,0,0
1304-SEGFY,1,0,1,0,72,1,Yes,No,No,Yes,No,Yes,Yes,1,97.85,6841.3,0,95.01805555555556,0,1,1,0,0,1,0,0,0,0,0,1
7242-EDTYC,0,0,0,1,44,1,No,No internet service,No internet service,No internet service,No internet service,No internet service,No internet service,0,19.55,819.95,0,18.635227272727274,0,1,0,1,0,0,0,0,0,1,0,0
2904-GGUAZ,1,0,1,0,72,1,Yes,Yes,Yes,No,No,No,No,1,84.05,6052.25,0,84.05902777777777,0,1,1,0,0,0,0,0,0,0,0,1
8267-ZNYVZ,1,0,1,0,33,1,No,Yes,No,Yes,Yes,Yes,Yes,1,103.75,3361.05,1,101.85000000000001,1,0,1,0,0,1,0,0,1,0,0,0
5136-GFPMB,0,0,0,0,54,1,Yes,No,No,Yes,No,No,Yes,0,89.4,4869.5,0,90.17592592592592,0,0,1,0,1,0,0,0,0,0,1,0
2595-KIWPV,0,0,0,1,27,1,No,No internet service,No internet service,No internet service,No internet service,No internet service,No internet service,0,19.7,509.3,0,18.862962962962964,0,1,0,1,1,0,0,0,1,0,0,0
5243-SAOTC,0,0,0,0,54,1,Yes,No,Yes,No,No,No,No,1,79.85,4308.25,0,79.7824074074074,0,0,1,0,0,0,0,0,0,0,1,0
9398-MMQTO,0,0,0,0,3,1,No,No,Yes,No,No,No,No,0,74.45,221.1,0,73.7,0,0,1,0,1,0,0,0,0,0,0,0
7619-PLRLP,1,0,1,0,53,1,Yes,Yes,Yes,Yes,No,No,Yes,0,74.1,3833.95,0,72.33867924528302,1,0,0,0,0,0,0,0,0,0,1,0
6457-GIRWB,0,0,0,0,1,1,No,No,No,No,No,No,No,1,69.35,69.35,1,69.35,0,0,1,0,0,1,0,0,0,0,0,0
6508-NJYRO,0,0,1,0,15,1,No,No internet service,No internet service,No internet service,No internet service,No internet service,No internet service,0,18.8,294.95,0,19.663333333333334,1,0,0,1,0,0,1,1,0,0,0,0
1450-SKCVI,1,0,0,0,56,1,No,No,Yes,No,No,No,No,1,73.85,4092.85,1,73.08660714285715,0,0,1,0,0,1,0,0,0,0,1,0
4710-NKCAW,0,0,1,1,5,1,Yes,Yes,Yes,No,Yes,No,No,0,64.4,316.9,0,63.379999999999995,0,0,0,0,1,0,0,0,0,0,0,0
5306-BVTKJ,0,0,1,1,48,1,No,No,Yes,Yes,No,No,No,1,55.8,2651.2,0,55.23333333333333,1,0,0,0,1,0,0,0,0,1,0,0
0357-NVCRI,1,0,0,1,25,1,No,No internet service,No internet service,No internet service,No internet service,No internet service,No internet service,0,20.05,471.7,0,18.868,0,0,0,1,1,0,0,0,1,0,0,0
5570-PTWEH,1,0,1,0,3,1,Yes,No,No,No,No,No,No,1,75.15,216.75,1,72.25,0,0,1,0,1,0,0,0,0,0,0,0
2371-KFUOG,0,0,0,0,58,1,No,Yes,Yes,No,No,Yes,Yes,0,99.15,5720.95,0,98.63706896551724,1,0,1,0,0,0,0,0,0,0,1,0
0463-ZSDNT,0,0,0,0,10,1,No,No,No,No,No,No,Yes,1,56.75,503.25,0,50.325,0,0,0,0,0,0,0,0,0,0,0,0
6502-MJQAE,0,0,0,0,1,1,No,No,No,No,No,No,No,1,69.6,69.6,1,69.6,0,0,1,0,0,1,0,0,0,0,0,0
6257-DTAYD,0,0,1,0,71,1,Yes,No,Yes,No,Yes,Yes,Yes,1,104.15,7365.3,0,103.73661971830987,0,1,1,0,1,0,0,0,0,0,0,1
4616-ULAOA,1,0,1,1,65,1,Yes,No,Yes,Yes,Yes,Yes,Yes,1,110.8,7245.9,0,111.47538461538461,0,1,1,0,1,0,0,0,0,0,0,1
7693-LCKZL,0,0,1,1,5,1,Yes,No,Yes,No,No,No,No,1,80.15,385.0,1,77.0,0,0,1,0,0,1,0,0,0,0,0,0
7746-AWNQW,1,0,0,0,28,0,No phone service,No,No,Yes,Yes,No,No,1,35.75,961.4,0,34.33571428571428,0,0,0,0,0,0,1,0,1,0,0,0
5996-EBTKM,1,0,1,1,67,1,Yes,No,No,Yes,Yes,No,Yes,1,69.9,4615.9,0,68.89402985074626,0,1,0,0,0,0,0,0,0,0,0,1
2758-RNWXS,0,0,0,0,35,1,No,Yes,No,No,Yes,No,Yes,1,89.2,3251.3,0,92.89428571428572,1,0,1,0,0,1,0,0,1,0,0,0
2314-TNDJQ,1,0,1,1,72,0,No phone service,Yes,Yes,Yes,Yes,No,Yes,0,55.65,3880.05,0,53.889583333333334,0,1,0,0,1,0,0,0,0,0,0,1
2405-LBMUW,1,0,1,1,61,0,No phone service,Yes,Yes,No,Yes,No,Yes,1,50.7,3088.75,0,50.635245901639344,1,0,0,0,0,0,0,0,0,0,0,1
3454-JFUBC,0,1,0,0,68,1,No,No internet service,No internet service,No internet service,No internet service,No internet service,No internet service,1,20.0,1396.0,0,20.529411764705884,0,1,0,1,1,0,0,0,0,0,0,1
0032-PGELS,1,0,1,1,1,0,No phone service,Yes,No,No,No,No,No,0,30.5,30.5,1,30.5,0,0,0,0,0,0,0,0,0,0,0,0
9039-ZVJDC,0,0,0,0,3,1,No,No internet service,No internet service,No internet service,No internet service,No internet service,No internet service,1,19.1,53.05,0,17.683333333333334,0,0,0,1,0,0,1,0,0,0,0,0
6797-LNAQX,0,0,1,1,70,1,Yes,No,Yes,No,No,Yes,Yes,0,98.3,6859.5,1,97.99285714285715,0,1,1,0,0,0,0,0,0,0,0,1
9013-AQORL,1,0,0,1,48,0,No phone service,No,Yes,Yes,No,No,Yes,0,45.55,2108.35,0,43.92395833333333,0,0,0,0,1,0,0,0,0,1,0,0
2898-MRKPI,0,0,1,1,68,1,Yes,No,Yes,No,No,Yes,Yes,1,101.05,6770.5,0,99.56617647058823,1,0,1,0,1,0,0,0,0,0,0,1
2750-BJLSB,1,0,0,0,47,1,No,Yes,No,Yes,Yes,Yes,Yes,1,103.7,4730.6,0,100.65106382978725,1,0,1,0,0,1,0,0,0,1,0,0
3648-GZPHF,0,0,1,1,32,0,No phone service,No,No,Yes,Yes,No,No,1,36.25,1151.05,0,35.9703125,1,0,0,0,0,0,1,0,1,0,0,0
2075-RMJIK,1,0,1,1,5,1,No,Yes,No,No,No,No,No,1,49.4,232.55,0,46.510000000000005,0,0,0,0,0,0,1,0,0,0,0,0
9588-YRFHY,0,0,0,0,49,1,No,No internet service,No internet service,No internet service,No internet service,No internet service,No internet service,1,19.9,1022.6,0,20.869387755102043,0,1,0,1,1,0,0,0,0,0,1,0
6394-MFYNG,1,0,0,0,48,1,Yes,No,Yes,Yes,No,Yes,Yes,1,107.4,5121.3,1,106.69375000000001,0,0,1,0,0,0,0,0,0,1,0,0
1564-NTYXF,1,1,0,0,13,1,Yes,No,No,No,No,No,Yes,1,82.0,1127.2,1,86.70769230769231,0,0,1,0,0,1,0,1,0,0,0,0
9364-YKUVW,0,0,0,0,15,1,No,No internet service,No internet service,No internet service,No internet service,No internet service,No internet service,1,19.8,309.4,0,20.626666666666665,0,0,0,1,0,0,1,1,0,0,0,0
5392-AKEMH,1,0,0,0,12,1,No,No,No,No,No,No,No,1,45.05,523.1,0,43.59166666666667,0,0,0,0,0,1,0,0,0,0,0,0
2451-YMUXS,0,1,0,0,67,1,Yes,Yes,Yes,No,Yes,No,No,1,64.55,4250.1,0,63.43432835820896,0,1,0,0,0,0,0,0,0,0,0,1
3914-FDRHP,0,0,0,0,9,1,No,No,No,No,Yes,Yes,No,0,86.25,770.5,0,85.61111111111111,0,0,1,0,0,1,0,0,0,0,0,0
3078-ZKNTS,1,0,1,1,13,1,No,No internet service,No internet service,No internet service,No internet service,No internet service,No internet service,1,19.75,246.7,0,18.976923076923075,0,1,0,1,0,0,0,1,0,0,0,0
1024-KPRBB,1,0,0,0,38,1,No,No,No,No,No,Yes,Yes,1,89.1,3342.0,0,87.94736842105263,1,0,1,0,0,0,1,0,0,1,0,0
4690-PKDQG,1,1,1,0,42,1,Yes,No,Yes,Yes,No,Yes,No,1,95.55,3930.6,0,93.58571428571429,0,0,1,0,0,1,0,0,0,1,0,0
8155-IBNHG,1,0,1,0,24,1,Yes,No,No,No,No,No,No,1,75.4,1747.85,1,72.82708333333333,0,0,1,0,1,0,0,1,0,0,0,0
0886-QGENL,1,1,1,0,27,1,No,Yes,No,Yes,No,Yes,Yes,1,101.25,2754.45,1,102.01666666666667,0,0,1,0,0,1,0,0,1,0,0,0
9547-ITEFG,0,0,1,1,9,1,Yes,No,Yes,Yes,No,Yes,Yes,1,102.6,897.75,0,99.75,0,0,1,0,1,0,0,0,0,0,0,0
1264-FUHCX,1,0,1,0,49,0,No phone service,No,Yes,No,Yes,Yes,Yes,1,56.3,2780.6,0,56.7469387755102,1,0,0,0,1,0,0,0,0,0,1,0
7789-CRUVC,1,1,1,0,61,1,Yes,Yes,Yes,Yes,Yes,No,No,1,94.2,5895.45,0,96.6467213114754,0,0,1,0,1,0,0,0,0,0,0,1
6598-KELSS,0,0,0,1,50,0,No phone service,Yes,Yes,No,No,Yes,No,1,43.05,2208.05,0,44.161,1,0,0,0,0,0,0,0,0,0,1,0
8739-WWKDU,0,1,0,0,25,1,Yes,No,Yes,No,No,Yes,No,1,89.5,2196.15,1,87.846,0,0,1,0,0,1,0,0,1,0,0,0
8685-WHQPW,1,1,0,0,22,1,Yes,No,No,No,No,No,No,1,74.4,1692.6,1,76.93636363636364,0,0,1,0,0,0,0,1,0,0,0,0
4745-LSPLO,0,0,0,0,1,1,No,No internet service,No internet service,No internet service,No internet service,No internet service,No internet service,0,20.5,20.5,1,20.5,0,0,0,1,0,0,1,0,0,0,0,0
8083-YTZES,0,0,0,0,4,1,Yes,No,No,No,No,No,No,1,74.35,265.35,1,66.3375,0,0,1,0,0,1,0,0,0,0,0,0
7240-FQLHE,1,1,1,0,18,1,Yes,No,No,No,Yes,Yes,Yes,0,99.75,1836.25,1,102.01388888888889,0,0,1,0,0,0,0,1,0,0,0,0
6664-FPDAC,1,1,0,0,56,1,Yes,No,Yes,Yes,Yes,Yes,Yes,1,111.95,6418.9,1,114.62321428571428,1,0,1,0,0,1,0,0,0,0,1,0
9972-VAFJJ,1,1,1,0,53,1,No,No,Yes,Yes,Yes,Yes,No,1,94.0,4871.45,0,91.91415094339622,1,0,1,0,0,1,0,0,0,0,1,0
0422-UXFAP,1,0,1,0,51,1,Yes,No,No,Yes,No,Yes,Yes,1,98.85,4947.55,0,97.0107843137255,1,0,1,0,0,1,0,0,0,0,1,0
1904-WAJAA,1,0,1,1,24,1,Yes,Yes,Yes,Yes,No,No,No,0,64.35,1558.65,0,64.94375000000001,0,1,0,0,0,1,0,1,0,0,0,0
5130-YPIRV,1,0,1,0,62,1,No,Yes,Yes,Yes,No,Yes,No,1,72.0,4284.2,0,69.1,0,1,0,0,1,0,0,0,0,0,0,1
2843-CQMEG,0,0,0,0,24,1,No,No,Yes,No,No,No,No,1,49.7,1218.25,0,50.760416666666664,0,0,0,0,0,0,1,1,0,0,0,0
6439-PKTRR,1,0,1,1,70,1,Yes,Yes,Yes,Yes,Yes,Yes,No,0,80.7,5617.95,0,80.25642857142857,0,1,0,0,0,1,0,0,0,0,0,1
5351-QESIO,0,0,0,1,1,0,No phone service,No,No,No,No,No,No,0,24.2,24.2,0,24.2,0,0,0,0,0,0,1,0,0,0,0,0
0786-VSSUD,0,1,0,0,16,0,No phone service,No,Yes,No,No,Yes,No,1,39.0,679.85,1,42.490625,0,0,0,0,0,0,1,1,0,0,0,0
5568-DMXZS,1,0,0,0,8,1,No,No,Yes,No,Yes,Yes,No,1,65.45,554.45,0,69.30625,0,0,0,0,0,1,0,0,0,0,0,0
8468-FZTOE,1,0,1,1,72,1,No,Yes,Yes,Yes,Yes,No,Yes,1,74.35,5237.4,0,72.74166666666666,0,1,0,0,0,1,0,0,0,0,0,1
6633-SYEUS,1,0,0,0,23,1,No,No,Yes,Yes,Yes,No,No,0,83.2,2032.3,0,88.36086956521739,0,0,1,0,0,0,0,1,0,0,0,0
6447-GORXK,0,0,0,1,31,0,No phone service,No,No,No,No,No,No,0,25.0,789.2,0,25.458064516129035,0,0,0,0,1,0,0,0,1,0,0,0
6967-PEJLL,0,0,1,1,37,0,No phone service,Yes,No,Yes,Yes,No,No,1,40.2,1525.35,0,41.225675675675674,1,0,0,0,0,1,0,0,0,1,0,0
3976-BWUCK,1,0,1,0,30,1,Yes,No,Yes,No,Yes,Yes,No,1,94.1,2804.45,1,93.48166666666665,0,0,1,0,1,0,0,0,1,0,0,0
5981-ZVXOT,1,1,0,0,35,1,Yes,Yes,Yes,Yes,No,Yes,Yes,1,108.35,3726.15,0,106.46142857142857,1,0,1,0,0,1,0,0,1,0,0,0
1684-FLBGS,1,0,1,1,23,1,Yes,No,Yes,No,Yes,Yes,No,1,69.5,1652.1,0,71.83043478260869,0,0,0,0,1,0,0,1,0,0,0,0
1389-WNUIB,1,0,1,1,20,1,Yes,Yes,No,No,No,Yes,Yes,0,76.0,1588.75,0,79.4375,1,0,0,0,0,0,0,1,0,0,0,0
0376-OIWME,0,0,1,0,36,1,No,Yes,No,No,No,Yes,Yes,1,93.6,3366.05,0,93.5013888888889,0,0,1,0,0,1,0,0,1,0,0,0
3585-ISXZP,1,0,0,0,8,1,Yes,No,No,No,No,Yes,Yes,0,95.65,778.1,1,97.2625,0,0,1,0,0,0,0,0,0,0,0,0
0218-QNVAS,0,0,1,1,71,1,Yes,No,Yes,No,No,Yes,Yes,0,100.55,7113.75,0,100.19366197183099,1,0,1,0,0,0,0,0,0,0,0,1
6583-QGCSI,1,1,1,0,50,1,Yes,No,Yes,No,No,Yes,No,1,88.05,4367.35,1,87.34700000000001,0,0,1,0,0,1,0,0,0,0,1,0
0804-YGEQV,1,0,1,1,43,1,Yes,No internet service,No internet service,No internet service,No internet service,No internet service,No internet service,1,24.45,993.15,0,23.096511627906978,1,0,0,1,0,0,0,0,0,1,0,0
7164-BPTUT,0,0,0,1,57,1,Yes,Yes,Yes,Yes,Yes,Yes,Yes,0,89.55,5012.35,0,87.93596491228071,0,1,0,0,0,0,1,0,0,0,1,0
4174-LPGTI,1,0,1,1,41,1,No,No,Yes,No,Yes,No,Yes,1,66.5,2728.6,1,66.55121951219512,1,0,0,0,0,0,0,0,0,1,0,0
2523-EWWZL,1,0,1,0,27,1,No,No,Yes,No,No,No,No,1,76.1,2093.4,0,77.53333333333333,0,0,1,0,0,1,0,0,1,0,0,0
0928-XUTSN,1,0,0,0,13,1,No,No,No,No,No,No,Yes,1,80.5,1011.8,0,77.83076923076922,0,0,1,0,0,1,0,1,0,0,0,0
2108-XWMPY,0,0,0,0,3,0,No phone service,Yes,Yes,No,No,No,No,1,35.45,106.85,1,35.61666666666667,0,0,0,0,0,0,1,0,0,0,0,0
0052-YNYOT,1,0,0,0,67,1,No,No internet service,No internet service,No internet service,No internet service,No internet service,No internet service,0,20.55,1343.4,0,20.050746268656717,1,0,0,1,0,1,0,0,0,0,0,1
6304-IJFSQ,0,0,0,0,3,1,No,No,Yes,No,No,No,No,1,49.9,130.1,1,43.36666666666667,0,0,0,0,0,0,1,0,0,0,0,0
9586-JGQKH,1,0,1,0,64,1,Yes,No,Yes,No,Yes,Yes,Yes,1,105.4,6794.75,0,106.16796875,0,1,1,0,0,0,0,0,0,0,0,1
4501-VCPFK,0,0,0,0,26,0,No phone service,No,No,Yes,Yes,No,No,0,35.75,1022.5,0,39.32692307692308,0,0,0,0,0,1,0,0,1,0,0,0
6075-SLNIL,0,0,0,0,38,1,Yes,No,Yes,Yes,No,No,Yes,1,95.1,3691.2,0,97.13684210526316,0,0,1,0,1,0,0,0,0,1,0,0
9347-AERRL,0,0,1,0,23,1,No,No internet service,No internet service,No internet service,No internet service,No internet service,No internet service,0,19.3,486.2,0,21.139130434782608,1,0,0,1,1,0,0,1,0,0,0,0
0093-XWZFY,0,0,0,0,40,1,Yes,No,Yes,Yes,No,Yes,Yes,1,104.5,4036.85,1,100.92125,0,0,1,0,1,0,0,0,0,1,0,0
2274-XUATA,0,1,1,0,72,0,No phone service,Yes,Yes,Yes,Yes,Yes,Yes,1,63.1,4685.55,0,65.07708333333333,0,1,0,0,0,0,0,0,0,0,0,1
1980-KXVPM,1,1,0,0,3,1,Yes,No,No,No,No,No,No,1,75.05,256.25,1,85.41666666666667,0,0,1,0,1,0,0,0,0,0,0,0
7703-ZEKEF,0,0,0,0,23,1,Yes,No,No,Yes,No,No,No,1,81.0,1917.1,1,83.35217391304347,0,0,1,0,0,1,0,1,0,0,0,0
0723-DRCLG,1,1,1,0,1,1,Yes,No,No,No,No,No,No,1,74.45,74.45,1,74.45,0,0,1,0,0,1,0,0,0,0,0,0
5482-NUPNA,1,0,0,0,4,1,No,Yes,Yes,No,Yes,No,No,1,60.4,272.15,1,68.0375,0,0,0,0,0,0,1,0,0,0,0,0
6691-CCIHA,1,0,1,0,62,1,Yes,Yes,Yes,No,Yes,Yes,Yes,1,84.95,5150.55,0,83.0733870967742,0,1,0,0,0,1,0,0,0,0,0,1
1685-BQULA,1,0,0,0,40,1,Yes,No,Yes,Yes,No,Yes,No,1,93.4,3756.4,0,93.91,0,0,1,0,0,0,0,0,0,1,0,0
9053-EJUNL,0,0,0,0,41,1,Yes,No,Yes,No,No,Yes,No,1,89.2,3645.75,0,88.92073170731707,0,0,1,0,0,1,0,0,0,1,0,0
0666-UXTJO,0,1,1,0,34,1,No,No,No,Yes,No,Yes,No,1,85.2,2874.45,0,84.54264705882352,0,0,1,0,1,0,0,0,1,0,0,0
1471-GIQKQ,1,0,0,0,1,1,No,No,Yes,No,No,No,No,0,49.95,49.95,0,49.95,0,0,0,0,0,1,0,0,0,0,0,0
4807-IZYOZ,1,0,0,0,51,1,No,No internet service,No internet service,No internet service,No internet service,No internet service,No internet service,0,20.65,1020.75,0,20.014705882352942,0,1,0,1,0,0,0,0,0,0,1,0
1122-JWTJW,0,0,1,1,1,1,No,No,No,No,No,No,No,1,70.65,70.65,1,70.65,0,0,1,0,0,0,1,0,0,0,0,0
9710-NJERN,1,0,0,0,39,1,No,No internet service,No internet service,No internet service,No internet service,No internet service,No internet service,0,20.15,826.0,0,21.17948717948718,0,1,0,1,0,0,1,0,0,1,0,0
9837-FWLCH,0,0,1,1,12,1,No,No internet service,No internet service,No internet service,No internet service,No internet service,No internet service,1,19.2,239.0,0,19.916666666666668,0,0,0,1,0,1,0,0,0,0,0,0
1699-HPSBG,0,0,0,0,12,1,No,No,No,No,Yes,Yes,No,1,59.8,727.8,1,60.65,1,0,0,0,0,1,0,0,0,0,0,0
7203-OYKCT,0,0,0,0,72,1,Yes,No,Yes,Yes,No,Yes,Yes,1,104.95,7544.3,0,104.78194444444445,1,0,1,0,0,1,0,0,0,0,0,1
1035-IPQPU,1,1,1,0,63,1,Yes,No,Yes,Yes,No,Yes,Yes,1,103.5,6479.4,0,102.84761904761905,0,0,1,0,0,1,0,0,0,0,0,1
7398-LXGYX,0,0,1,0,44,1,Yes,Yes,No,Yes,No,No,No,1,84.8,3626.35,0,82.41704545454546,0,0,1,0,1,0,0,0,0,1,0,0
2823-LKABH,1,0,0,0,18,1,Yes,No,No,Yes,Yes,No,Yes,1,95.05,1679.4,0,93.30000000000001,0,0,1,0,0,0,0,1,0,0,0,0
8775-CEBBJ,1,0,0,0,9,1,No,No,No,No,No,No,No,1,44.2,403.35,1,44.81666666666667,0,0,0,0,0,0,0,0,0,0,0,0
0550-DCXLH,0,0,0,0,13,1,No,No,Yes,No,Yes,Yes,Yes,0,73.35,931.55,0,71.6576923076923,0,0,0,0,0,0,1,1,0,0,0,0
9281-CEDRU,1,0,1,0,68,1,No,No,Yes,No,Yes,Yes,No,0,64.1,4326.25,0,63.62132352941177,0,1,0,0,0,0,0,0,0,0,0,1
2235-DWLJU,1,1,0,0,6,0,No phone service,No,No,No,No,Yes,Yes,1,44.4,263.05,0,43.84166666666667,0,0,0,0,0,1,0,0,0,0,0,0
0871-OPBXW,1,0,0,0,2,1,No,No internet service,No internet service,No internet service,No internet service,No internet service,No internet service,1,20.05,39.25,0,19.625,0,0,0,1,0,0,1,0,0,0,0,0
3605-JISKB,0,1,1,0,55,1,Yes,Yes,Yes,No,No,No,No,0,60.0,3316.1,0,60.29272727272727,1,0,0,0,1,0,0,0,0,0,1,0
6894-LFHLY,0,1,0,0,1,1,Yes,No,No,No,No,No,No,1,75.75,75.75,1,75.75,0,0,1,0,0,1,0,0,0,0,0,0
9767-FFLEM,0,0,0,0,38,1,No,No,No,No,No,No,No,1,69.5,2625.25,0,69.08552631578948,0,0,1,0,1,0,0,0,0,1,0,0
0639-TSIQW,1,0,0,0,67,1,Yes,Yes,Yes,Yes,No,Yes,No,1,102.95,6886.25,1,102.77985074626865,0,0,1,0,1,0,0,0,0,0,0,1
8456-QDAVC,0,0,0,0,19,1,No,No,No,No,No,Yes,No,1,78.7,1495.1,0,78.68947368421053,0,0,1,0,0,0,0,1,0,0,0,0
7750-EYXWZ,1,0,0,0,12,0,No phone service,No,Yes,Yes,Yes,Yes,Yes,0,60.65,743.3,0,61.94166666666666,1,0,0,0,0,1,0,0,0,0,0,0
2569-WGERO,1,0,0,0,72,1,No,No internet service,No internet service,No internet service,No internet service,No internet service,No internet service,1,21.15,1419.4,0,19.71388888888889,0,1,0,1,0,0,0,0,0,0,0,1
6840-RESVB,0,0,1,1,24,1,Yes,Yes,No,Yes,Yes,Yes,Yes,1,84.8,1990.5,0,82.9375,1,0,0,0,0,0,1,1,0,0,0,0
2234-XADUH,1,0,1,1,72,1,Yes,No,Yes,Yes,No,Yes,Yes,1,103.2,7362.9,0,102.26249999999999,1,0,1,0,1,0,0,0,0,0,0,1
4801-JZAZL,1,0,1,1,11,0,No phone service,Yes,No,No,No,No,No,1,29.6,346.45,0,31.495454545454546,0,0,0,0,0,1,0,0,0,0,0,0
8361-LTMKD,0,1,1,0,4,1,Yes,No,No,No,No,No,No,1,74.4,306.6,1,76.65,0,0,1,0,0,0,1,0,0,0,0,0
3186-AJIEK,0,0,0,0,66,1,No,Yes,No,Yes,Yes,Yes,Yes,1,105.65,6844.5,0,103.70454545454545,0,1,1,0,0,0,0,0,0,0,0,1
